sito,email,stato
https://www.ameliathetable.com/,info@ristoranteamelia.it,statico
http://gelateriaoasi.iport.it/,oasi.verona@gmail.com,statico
https://www.bendaverona.it/,bendasrls@gmail.com,statico
https://www.bendaverona.it/,prenota@bendaverona.it,statico
https://www.bendaverona.it/,utente@dominio.com,statico
http://www.perodoro.it/,info@perodoro.it,statico
http://www.perodoro.it/,server@perodoro.it,statico
https://www.ahperopizzadopperpassione.it/,pizzadop2021@gmail.com,statico
https://www.butcher-verona.com/,gianluca.cangemi@inserzionisti.com,statico
https://www.butcher-verona.com/,info@butcherverona.com,statico
https://www.butcher-verona.com/,info@inkaverona.it,statico
https://www.foodmeroandmore.com/,eventi@meroandmore.com,statico
https://www.foodmeroandmore.com/,food@meroandmore.com,statico
https://bistroverona.it/,info@bistroverona.it,statico
https://www.instagram.com/attico_winebar/,,nessuna-email
https://www.instagram.com/amido.verona,,nessuna-email
https://www.facebook.com/Mi-Ti-158266481569871/,,nessuna-email
https://m.facebook.com/arnoldspizza97/,,nessuna-email
http://www.ristoranteciccarelli.it/,info@ristoranteciccarelli.it,statico
http://www.ristoranteciccarelli.it/,server@ristoranteciccarelli.it,statico
https://www.instagram.com/osteriaterzoponte,,nessuna-email
https://www.instagram.com/new_bollicine_cafe/,,nessuna-email
https://www.instagram.com/alma_bar_vr/,,nessuna-email
https://www.casamattaverona.it/,hello@thepantry.com,statico
https://www.casamattaverona.it/,info@casamattaverona.it,statico
https://www.facebook.com/pg/dolcedivinoverona/about/,,nessuna-email
https://www.burgerino.eu/,info@burgerino.eu,statico
https://www.facebook.com/share/17qpXPsViH/,,nessuna-email
http://tiktok.com/@baralforte,,nessuna-email
http://instagram.com/abaziavini/,,nessuna-email
https://www.ristoranteallabassona.it/,,nessuna-email
http://4.169.69.172/,,irraggiungibile
http://www.agriturismoilporcellino.com/,,irraggiungibile
https://aperitivoverona.it/,,nessuna-email
https://www.instagram.com/osteriabarpericotti,,nessuna-email
https://bigoleriasegreto.it/,,nessuna-email
https://demosverona.it/,veronademos@gmail.com,statico
https://www.caffe12osterialatorre.it/,,nessuna-email
https://www.anticatrattoriadamilio.it/,,nessuna-email
https://www.casabarca.net/,,nessuna-email
https://www.lafigaccia.net/,lafigacciaverona@gmail.com,statico
https://autogrill.it/,info@iubenda.com,render
https://www.instagram.com/cappacafe/,,nessuna-email
https://www.caffedante.it/,,nessuna-email
https://foodgarage.site/,foodgaragevr@gmail.com,statico
https://enocibusalpomodoro.com/,enocibusalpomodoro@gmail.com,statico
https://carloreverona.it/,,nessuna-email
https://fishmare.it/,info@fishmare.it,statico
https://www.instagram.com/casagiustiverona,,nessuna-email
https://dorati2040.it/,info@dorati2040.it,statico
https://www.ristorantehotelilglicine.it/,ilglicineristorantehotel@gmail.com,statico
https://www.deepcucinaavista.it/,deepcucinaavista@gmail.com,statico
http://ristorante-hellas5.it/,hellas5caffe@gmail.com,statico
http://ristorante-hellas5.it/,info@ristorante-hellas5.it,statico
https://www.barrenza.it/,,nessuna-email
https://crisettis.it/,,nessuna-email
https://civico2.com/,,nessuna-email
https://www.italiatrattoriapizzeria.it/,it.trattoriapizzeria@gmail.com,statico
https://www.instagram.com/deposito.verona/profilecard/,,nessuna-email
https://www.instagram.com/cordialebistrot,,nessuna-email
https://inkarestaurant.it/,info@inkaverona.it,statico
https://imorosetti.it/,info@alcondominio.it,statico
https://imorosetti.it/,info@imorosetti.it,statico
https://chacareroristorante.it/,,nessuna-email
https://www.ilmustacchio.it/,contatto@esempio.it,statico
https://www.ilmustacchio.it/,ilmustacchiovr@gmail.com,statico
https://www.donpeppe.it/,info@kaoscampania.it,statico
https://www.facebook.com/share/17n6Ft8aEA/,,nessuna-email
https://www.lamaisonverona.it/,,nessuna-email
https://ristorantecapperoverona.com/,,nessuna-email
https://hambre-verona.it/,,nessuna-email
https://www.hutong.eu/,,nessuna-email
https://www.latigella.it/,info@latigella.it,statico
https://www.lasalumoteca.it/,info@lasalumoteca.it,statico
https://1ie.me/la-cantineta-181696-it,info@webonjo.com,statico
https://ristorantedapietro.com/,,nessuna-email
https://www.giovannirana.it/ristoranti/i-nostri-menu,,nessuna-email
https://lavolpeeluva.myrestoo.net/it/reservar,privacy@stripe.com,statico
https://instagram.com/il_veronetta,,nessuna-email
https://lereginellesanmichele.it/,,nessuna-email
https://www.ilcentralinoristorante.it/,,nessuna-email
https://www.lalocandaverona.com/,info@locanda.verona.it,render
http://www.localino.eu/,,nessuna-email
https://ristoranteindianoverona.it/,,nessuna-email
https://www.instagram.com/alchimista_verona,,nessuna-email
https://instagram.com/labaitavr,,nessuna-email
https://pastaverona.it/,,nessuna-email
https://laloggiabistro.com/,,nessuna-email
https://www.lasfarinata.it/,,nessuna-email
https://www.flowspace.it/,,nessuna-email
https://www.oblocomfortfood.it/,feedback@istudiosg.com,statico
https://linktr.ee/ongarinecaffe,contact@gdprlocal.com,statico
https://linktr.ee/ongarinecaffe,dpo.support@gdprlocal.com,statico
https://linktr.ee/ongarinecaffe,online@www.aaa.com,statico
https://linktr.ee/ongarinecaffe,only@savagex.com,statico
https://linktr.ee/ongarinecaffe,only@www.gobble.com,statico
https://linktr.ee/ongarinecaffe,privacy@linktr.ee,statico
https://www.oasibeachverona.it/,info@oasibeachverona.it,statico
https://instagram.com/learche_pizzaecucina,,nessuna-email
https://oazi.it/,gianluca.cangemi@inserzionisti.com,statico
https://oazi.it/,leterrazzesrl@pecitaly.eu,statico
https://oazi.it/,oazivr@gmail.com,statico
https://noodlazy.com/,,nessuna-email
http://www.grupporialto.it/osteria-le-vecete.html,,nessuna-email
https://www.ristorantecastelvecchio.com/,,nessuna-email
https://osteriaosei.com/,osteria.osei@gmail.com,render
https://madameblanc.it/,,nessuna-email
https://www.locandacasamia.com/,,nessuna-email
https://www.instagram.com/maharajah.verona/profilecard/,,nessuna-email
https://www.enotecazero7.it/,info@enotecazero7.it,statico
https://osteriadelbugiardo.it/,osteria@buglioni.it,statico
https://osteriadelbugiardo.it/,utente@dominio.com,statico
https://www.locandanascosta.it/,,nessuna-email
https://locandacorrubbio.it/,info@locandacorrubbio.it,render
https://www.doppiomalto.com/it/ristoranti/verona/,,timeout
https://www.locandinacappello.it/,,nessuna-email
https://www.sushimood.it/,,nessuna-email
https://www.osteriasgarzarie.it/,osteriasgarzarie@alice.it,statico
https://www.osteriasgarzarie.it/,osteriasgarzarie@gmail.com,statico
https://www.osteriagiuliettaeromeo.it/,osteriagiuliettaeromeo@gmail.com,statico
https://www.osteriadoganavecia.it/,lonidodaniela@libero.it,statico
https://osteriascudodifrancia.it/,osteriascudodifrancia@yahoo.com,statico
https://mrcotolettaverona.it/,,nessuna-email
http://www.ristorantelafontanina.com/,fontanina@ristorantelafontanina.com,statico
http://www.ristorantelafontanina.com/,server@ristorantelafontanina.com,statico
https://www.instagram.com/oishii_verona/,,nessuna-email
https://www.facebook.com/osteria.damorandin.9/,,nessuna-email
https://www.lavineriafranchising.it/,,irraggiungibile
http://www.pizzeria70.it/,info@pizzeria70.it,statico
https://www.midwest25.com/,,nessuna-email
https://www.mcdonalds.it/,,irraggiungibile
https://www.noshasian.it/,,nessuna-email
https://www.facebook.com/ivan.piccoli.77/,,nessuna-email
https://instagram.com/osteria_all_organetto,,nessuna-email
https://www.instagram.com/osteriaduemori,,nessuna-email
https://www.facebook.com/Ponte-Trivelin-550771248726071/,,nessuna-email
https://www.pizzeriamameli.it/,melody.italy@tin.it,statico
https://www.lecantine-arena.com/,,nessuna-email
https://pizzeriaristorantetramonti.shop/,placejoys.com@gmail.com,statico
https://pizzeriabellanapoli.online/,info@pizzeriabellanapoli.online,statico
https://osterialavela.it/,,nessuna-email
https://www.osteriasottoriva.it/,,nessuna-email
https://www.picapolloverona.com/,,nessuna-email
https://osterialafregolaverona.it/,,nessuna-email
http://instagram.com/osteriaperbacco.byraise/,,nessuna-email
https://pizzeriavesuviodal1964.it/,pizzeriavesuvio@legal.it,statico
http://www.sanzenoverona.com/,info@pizzeriatrattoriasanzeno.it,statico
http://www.ristorantepontepietra.com/,,nessuna-email
http://www.ristorantedari.com/,info@ristorantedari.com,statico
https://www.cortemaccini.it/,cortemaccini@tiscali.it,statico
https://pizzerialesorgive.it/,info@pizzerialesorgive.it,statico
https://www.pizzeriadasalvatorevr.com/,,nessuna-email
https://m.facebook.com/pages/category/Pizza-Place/Pizzeria-ai-Giardini-Avesa-146813125362926/,,nessuna-email
https://it-it.facebook.com/angolodellapizzaverona/,,nessuna-email
https://www.bellanapoliverona.it/,,nessuna-email
https://pizzeriagourmetverona.it/,,nessuna-email
https://www.instagram.com/pikaciccio/,,nessuna-email
https://pizzeriaintrigante.it/,,nessuna-email
http://it-it.facebook.com/pages/Pizzeria-Bar-Delle-Nazioni/106452476086231,,nessuna-email
https://www.elafantebluverona.it/,ernestperera@alice.it,statico
https://zigni.it/,ristorantezigni@gmail.com,statico
https://www.parizu.com/,,timeout
https://www.ristorantelaquercia-vr.it/,info@ristorantelaquercia-vr.it,statico
https://www.facebook.com/pizzeriapontecrencano,,nessuna-email
https://www.reteodorico.com/,pamamogia@pec.it,statico
https://www.pizzerialeondoro.com/,,timeout
https://pizzeriaborgoroma.it/,,timeout
https://www.pizzeriafocacceriaquattrocento.it/,,timeout
https://pizzeriaolltre.it/,,timeout
https://www.ristoranteflora.it/,info@chiarasimionato.it,statico
https://www.ristoranteflora.it/,info@ristoranteflora.it,statico
https://ristorante-pizzeria-rio.it/,,timeout
https://m.facebook.com/VecchiaLiraSanMassimo/,,nessuna-email
https://eatandgogroup.it/,,nessuna-email
https://www.ristorantesanteufemia.verona.it/,info@ristorantesanteufemia.verona.it,statico
https://www.instagram.com/pressapocheria,,nessuna-email
http://www.polloalvolo.it/,,nessuna-email
https://3angle.it/,,nessuna-email
https://g.co/kgs/hN4R3T,press@google.com,statico
https://www.galateoristorante.it/,galateo@pec.it,statico
https://www.galateoristorante.it/,info@galateosrls.com,statico
https://www.pizzeriafilu.com/,info@seiterrewineshop.com,statico
https://www.rivamancina.it/,,nessuna-email
https://ristoranteboscomantico.it/,ristoranteboscomantico@gmail.com,statico
https://www.ristoranteanticatorretta.com/,info@ristoranteanticatorretta.com,statico
http://rrr.iport.it/,,nessuna-email
https://www.marechiaroverona.it/,info@marechiaroverona.it,render
http://www.tabuleverona.it/,info@tabuleverona.it,statico
https://pizzerie.romanticapizza.it/romantica-verona-sud-031986070868,,nessuna-email
https://terrasushi.framer.website/,,nessuna-email
https://www.facebook.com/Sandalanka-in-Verona-345171875903795/,,nessuna-email
https://www.trattoriaamarone.it/,assistenza@webador.it,statico
https://www.trattoriaamarone.it/,trattoriaamarone@libero.it,statico
https://www.trattoriadalgalverona.com/,trattoriadalgal@gmail.com,statico
https://ristoranteorologio.com/,orologioverona@gmail.com,statico
https://www.osteriacasavino.com/,info@osteriacasavino.com,statico
https://www.osteriacasavino.com/,london@bouffe.com,statico
https://www.osteriacasavino.com/,miami@bouffe.com,statico
https://instagram.com/sevillacafevr,,nessuna-email
https://www.trattoriamonsua.com/,monsuatrattoria@gmail.com,statico
https://trattoriadallavalentinavr.it/,dalla.valentina@libero.it,statico
https://m.facebook.com/Terranima-Caf%C3%A8-de-La-Bottega-dei-Sapori-172184329493453/,,nessuna-email
https://www.terrazzabaralponte.eu/,,nessuna-email
https://www.trattoriaaipiloti.it/,info@trattoriaaipiloti.it,render
https://m.facebook.com/pages/category/Diner/Bar-Trattoria-Bighignoli-Ornella-376593435799090/,,nessuna-email
https://www.instagram.com/thekitchenverona/,,nessuna-email
https://www.trattoriarealeverona.it/,server@trattoriarealeverona.it,statico
https://www.trattoriarealeverona.it/,trattoria.reale@gmail.com,statico
https://www.facebook.com/trattoriapizzerialacola/,,nessuna-email
https://www.yardrestaurant.it/,info@yardrestaurant.it,statico
https://www.yardrestaurant.it/,reservations@yardrestaurant.it,statico
http://www.trattoriasanbasilio.it/,info@trattoriasanbasilio.it,statico
http://www.trattoriasanbasilio.it/,server@trattoriasanbasilio.it,statico
https://www.ristorantesushikochiverona.it/,sushikochiverona@gmail.com,statico
http://www.triguverona.com/,info@triguverona.com,statico
https://www.trattoriapanevino.it/,info@trattoriapanevino.it,statico
https://www.daleopizzeriaristorante.it/,,irraggiungibile
https://rosticceria-cinese-aji.it/,,nessuna-email
https://trisapori.it/,,nessuna-email
https://ristoranteildesco.it/,,timeout
https://www.ristorantegelmini.it/,,timeout
https://www.aperturecocktailbar.com/,aperturecocktailbar@gmail.com,statico
https://www.ristorantepizzeriaalcamin.it/,pizzeriaalcamin@yahoo.com,statico
http://www.zushi.eu/Verona/it/page/index1,hello@arketingstudio.com,statico
http://www.zushi.eu/Verona/it/page/index1,info@agaweb.it,statico
http://www.zushi.eu/Verona/it/page/index1,info@zushi.eu,statico
http://www.zushi.eu/Verona/it/page/index1,job@zushi.eu,statico
http://www.zushi.eu/Verona/it/page/index1,verona@zushi.eu,statico
https://www.bertolini1849.com/,info@bertolini1849.it,statico
https://amsterdampadova.it/,berlinosrsl@pec.it,statico
https://www.anticobrolo.it/,info@anticobrolo.it,statico
https://ristorantenuovasperanza.it/,,timeout
https://80fame.it/,80fame.pd@gmail.com,statico
https://pizzeriaitaliaverona.it/,,nessuna-email
https://www.trattoriadafiore.it/,,nessuna-email
https://trattoriaalmetanoverona.it/,trattoriaalmetano@gmail.com,render
http://www.mirinello.it/wallys-bar-food/,info@mirinello.it,statico
http://www.mirinello.it/wallys-bar-food/,mirinelloliquorisrl@pec.it,statico
https://www.agliamicipadova.it/,agliamicipd@gmail.com,statico
https://www.agliamicipadova.it/,tuamail@esempio.com,statico
https://www.big-club.com/,bigclub@tin.it,statico
https://atipicoportecontarine.it/menu/,info@atipicopadova.com,statico
https://www.cittagiardinodaignazio.com/,cittagiardinodaignazio@gmail.com,statico
https://www.cittagiardinodaignazio.com/,utente@dominio.com,statico
https://www.trattoriatriori.it/,,nessuna-email
https://tokiverona.it/,,nessuna-email
https://www.aidoarchi.it/,,nessuna-email
https://www.facebook.com/ZenLoungeCafe/,,nessuna-email
http://www.facebook.com/pizzeriarcobaleno,,nessuna-email
https://www.brace-e-fantasia.com/,info@gruppotalea.com,render
https://berlinopadova.it/,berlinosrsl@pec.it,statico
https://www.trattoriaimasenini.it/,,timeout
https://www.instagram.com/pizzeriazero45,,nessuna-email
https://linktr.ee/casabarozzi,contact@gdprlocal.com,statico
https://linktr.ee/casabarozzi,dpo.support@gdprlocal.com,statico
https://linktr.ee/casabarozzi,online@www.aaa.com,statico
https://linktr.ee/casabarozzi,only@savagex.com,statico
https://linktr.ee/casabarozzi,only@www.gobble.com,statico
https://linktr.ee/casabarozzi,privacy@linktr.ee,statico
https://www.cantinadelgufo.it/,chicco.emanuele@gmail.com,statico
http://verde-pisello-natural-bio-bistrot.mailchimpsites.com/,,nessuna-email
https://www.instagram.com/bar_al_muretto,,nessuna-email
https://www.facebook.com/Birreria-Da-Umbe-1415303785367065/,,nessuna-email
https://www.facebook.com/BaracaPadova/,,nessuna-email
https://www.baciodidamaristobistrot.it/,pastbistrobaciodidama@gmail.com,statico
https://www.caffecavour.com/,info@caffecavour.com,statico
https://turkishkebapverona.it/,,timeout
https://annapadova.it/,,irraggiungibile
https://www.instagram.com/arteepizzapaolapadova,,nessuna-email
https://www.facebook.com/share/1JU7m2AnMw/,banglamarketbmfastfooditaly@gamil.com,render
https://it-it.facebook.com/barcodepadova/,,nessuna-email
https://www.caramelcafepadova.com/,,nessuna-email
https://www.facebook.com/BM-Fast-Food-111043708290509/,,nessuna-email
https://caffealduomopadova.it/,caffealduomopadova@gmail.com,statico
https://wa.me/393519003816,,nessuna-email
https://www.cinquantapuntozero.it/,info@cinquantapuntozero.it,statico
https://www.bistrotventi20.it/,,nessuna-email
https://www.ristorantecoco.it/,andrea@cocopd.it,statico
https://www.buonafortuna-padova.it/,,nessuna-email
https://www.theoriginalgalloway.it/padova.html,amministrazionegallowaytreviso@gmail.com,statico
https://www.theoriginalgalloway.it/padova.html,padova@galloway.it,statico
https://www.ihg.com/crowneplaza/hotels/gb/en/padova/qpait/hoteldetail,,nessuna-email
https://www.bistromexicano.com/,,timeout
https://www.blended-padova.it/,,timeout
https://www.caffedellapiazzetta.it/,,irraggiungibile
https://www.hardcoreproduction.com/,hardcoreproduction666@gmail.com,render
https://ginovinopadova.com/,info@ginovinopadova.com,statico
https://www.fastdrink24.it/,info@fastdrink24.it,statico
https://chakramen.it/padova/,,timeout
https://www.dagiggino.com/,,nessuna-email
http://www.frascolino.it/,direzione@frascoli.it,statico
http://www.frascolino.it/,frascolibacaro@pec.it,statico
http://www.frascolino.it/,frascolimarco@gmail.com,statico
https://greenpoke.it/,greenpokesrl@pec.it,statico
https://conmollicaosenzashop.it/,,nessuna-email
https://m.facebook.com/pages/category/Bar/Enoteca-la-botte-piccola-332212890859585/,,nessuna-email
https://m.facebook.com/pages/Dalla-Zita/135324679848609,,nessuna-email
https://www.facebook.com/fradei.kempes,,nessuna-email
https://dozobbq.com/,,nessuna-email
https://www.ristorantedarvish.com/,,nessuna-email
https://www.facebook.com/pages/Trattoria-Da-Pippo/162736520405307,,timeout
https://www.ristoilcarro.com/,ilcarro@ristoilcarro.com,statico
https://www.ristoilcarro.com/,sample@gmail.com,statico
https://qrco.de/bfiwg9,,irraggiungibile
https://www.instagram.com/elegguacuban/,,timeout
https://www.facebook.com/share/1agohd8P38/,,nessuna-email
https://www.enrispizza.com/,,timeout
https://www.facebook.com/fridatapasbarpadova/,,nessuna-email
http://www.anticofornovecchiato.it/negozi.htm,,nessuna-email
https://www.legenziane.it/,legenziane25@gmail.com,statico
https://www.habibiristorante.com/,,nessuna-email
https://www.hk-orientaltaste.com/,hkorientaltaste@gmail.com,statico
https://lingottopadova.it/,info@lingottopadova.it,statico
https://restaurantht.com/chat/frascoli-bacaro,info@htboosters.com,render
https://www.gandhipadova.it/,,nessuna-email
https://gruppoidon.it/,,nessuna-email
https://www.facebook.com/I-gelati-di-Gaia-1703269693283882/,,nessuna-email
https://www.facebook.com/gustogrill/,,nessuna-email
https://lapizzeriamaxim.it/,assistenza@webador.it,statico
https://www.pizzeriagrossopomodoro.it/,,irraggiungibile
https://lacasapadova.com/,,nessuna-email
https://www.instagram.com/hinata_sushi_pontevigodarzere,,nessuna-email
https://ginkgosushi.com/,,timeout
https://www.handa.it/,,nessuna-email
https://www.facebook.com/Ichiban-Ramen-Padova-115206479874300/,,nessuna-email
https://m.facebook.com/Asinellabarchiesanuova,,nessuna-email
http://www.mazzini77.it/,contact@gdprlocal.com,statico
http://www.mazzini77.it/,dpo.support@gdprlocal.com,statico
http://www.mazzini77.it/,online@www.aaa.com,statico
http://www.mazzini77.it/,only@savagex.com,statico
http://www.mazzini77.it/,only@www.gobble.com,statico
http://www.mazzini77.it/,privacy@linktr.ee,statico
https://www.instagram.com/pizzeriahappybox/,,nessuna-email
https://www.mexicanitaqueria.com/,info@tacosolutions.net,statico
https://www.pizzeriailgirasole.com/,,nessuna-email
https://www.officinaristorante.it/,,nessuna-email
https://hanakosushi.it/,,nessuna-email
https://tavernalayarda.it/,info@tavernalayarda.it,render
https://tavernalayarda.it/,online@www.aaa.com,render
https://tavernalayarda.it/,only@savagex.com,render
https://tavernalayarda.it/,only@www.gobble.com,render
https://ilchiosco.pd.it/,eventialchiosco@gmail.com,render
https://ilchiosco.pd.it/,fischioconcerti@gmail.com,render
https://caffe-ristorante-bar.it/padova/la-bottega-di-gio/,,nessuna-email
https://www.magnoliemulan.com/padova/,magnoliemulan.mirano@gmail.com,statico
https://www.magnoliemulan.com/padova/,magnoliemulan.padova@gmail.com,statico
https://www.magnoliemulan.com/padova/,mulan.forcellini@gmail.com,statico
https://www.magnoliemulan.com/padova/,mulan.padova@gmail.com,statico
https://indecisopadova.it/,posta@indecisopadova.it,statico
https://www.facebook.com/La-Risorta-Osteria-del-Re-Fosco-428441690823331/,,nessuna-email
https://mensamurialdo.it/,mensamurialdo@forcellini.it,statico
https://mensamurialdo.it/,workcrossing@pec.it,statico
https://www.instagram.com/lamortadellaofficial,,nessuna-email
https://www.facebook.com/liabarpadova/,,nessuna-email
https://ilpadovanodrinkfood.it/,,nessuna-email
https://www.instagram.com/pizzerialetorri/,,nessuna-email
https://www.ilvenexino.com/,,nessuna-email
http://www.osteria19-29.it/,info@osteria19-29.it,statico
https://www.lavignaosteria.it/,info@lavignaosteria.it,statico
https://osteriadaitosi.com/,,nessuna-email
https://www.milleunanotte.com/,,nessuna-email
https://www.oktoberfestpadova.it/,%20oktoberfest.padova2025@gmail.com,statico
https://www.oktoberfestpadova.it/,oktoberfest.padova2025@gmail.com,statico
https://ohmygodpadova.it/,info@ohmygodpadova.it,statico
https://www.mirospd.it/,miros.caffe@gmail.com,render
https://noshasian.it/,,nessuna-email
https://www.pizzeriaalcaminetto.com/,utente@dominio.com,statico
https://firenze.passandoper.com/,passandoxmodena@gmail.com,render
http://modena.passandoper.com/,passandoxmodena@gmail.com,render
https://maramen.com/,,nessuna-email
https://osteriasucabaruca.com/,sucabarucaosteria.clienti@gmail.com,statico
https://www.lalanternapadova.it/,,irraggiungibile
https://www.pizzeriacaffetteriaarena.com/,pizza.arena26@gmail.com,statico
https://www.misspoppy.it/,info@misspoppy.it,statico
https://pizzeriaorsuccidal1922.wordpress.com/,,nessuna-email
http://www.instagram.com/ristorantlibanesemilleeunaalba,,nessuna-email
https://damichelepadova.com/,pizzeriadamichelepadova@gmail.com,render
https://roma.passandoper.com/it/,passandoperroma@gmail.com,render
https://www.instagram.com/osteria_anticacolonna,,nessuna-email
https://www.facebook.com/trattoriaenotecalasofia/,,nessuna-email
https://www.pizzeriaallapalma.it/,allapalma00@outlook.it,statico
https://facebook.com/pages/Osteria-lAnfora/161292750563482,,nessuna-email
https://www.padovaestristocaffe.it/,padova.est58@gmail.com,statico
https://www.nichipizza.it/,,nessuna-email
https://www.panepizza.net/,,nessuna-email
https://pizzeriadajerry.it/,gerardo.4662@hotmail.it,render
https://diconodinoipontedibrenta.ordinapizza.it/,pontedibrenta@pizzeriediconodinoi.it,statico
https://pizzeriaperdinci.it/index.php,perdinci.mauro@libero.it,statico
https://pizzeriaperdinci.it/index.php,server@e02266-instant1.linp006.arubabusiness.it,statico
https://www.passionepizzapadova.it/,,nessuna-email
https://www.facebook.com/pg/Pizzeria-Tuttopizza-723990454415677,,nessuna-email
https://pizzeria-dagiorgia.web.app/,,nessuna-email
https://pastasuta.it/,,nessuna-email
https://fuego2.0.coredigitallab.it/,,nessuna-email
https://darenatopizzeria.it/,,nessuna-email
https://www.facebook.com/pages/Pizzeria-Albatros/169149713095633,,nessuna-email
https://lafamilleristorantehalal.it/,talel@lafamilleristorantehallal.it,statico
https://www.pizzeriacasadellapizza.it/,,nessuna-email
https://patavinusdegustazioni.it/,,nessuna-email
http://info888407.wixsite.com/ristorante-europa,info@europapadova.it,statico
https://www.ilbaretto.eu/,info@ilbaretto.eu,statico
https://www.ilbaretto.eu/,utente@dominio.com,statico
https://www.ilbaretto.eu/,vincenzo@ilbaretto.eu,statico
https://www.pokegourmet.it/padova/,pokegourmet.montegrotto@gmail.com,statico
https://www.instagram.com/pizzeria_da_vanni,,nessuna-email
https://peccatidigoladibiagiluca.altervista.org/,,nessuna-email
https://www.pizzeriaverdi.it/,info@pizzeriaverdi.it,statico
https://www.pizzerialuxor.it/,,nessuna-email
https://www.instagram.com/ristobaruruguay,,nessuna-email
https://serafinaitaly.com/,,nessuna-email
http://www.facebook.com/ristorantedahlak,,nessuna-email
https://www.ristorantezagara.it/,,nessuna-email
https://www.piugusti-padova.it/,,nessuna-email
https://pizzeria-pinturicchio.it/,,nessuna-email
https://www.rostianjin.it/,andrea_shan@hotmail.it,statico
https://radiocitymusicpadova.it/,,nessuna-email
https://www.portaportello.it/,,nessuna-email
https://www.nuovomercato.net/,hello@yourwebsite.com,statico
https://www.nuovomercato.net/,info@nuovomercato.net,statico
https://www.nuovomercato.net/,nfo@nuovomercato.net,statico
https://www.pizzeriaduomo.it/,,timeout
https://www.pizzeriaryanpadova.it/,,nessuna-email
https://sapidoenoteca.com/,info@sapidoenoteca.com,statico
https://saccardocarniecucina.it/,saccardocarniecucina@gmail.com,statico
https://ristorantedadotto.it/,dadottosrl@pec.it,render
https://ristorantedadotto.it/,info@ristorantedadotto.it,render
https://www.saccardocarniecucina.it/,saccardocarniecucina@gmail.com,statico
https://tadk-sanmarco.com/,tadksrl@legalmail.it,statico
https://www.facebook.com/rosticceriaguizza,,nessuna-email
https://stranomaveropizza.it/,,nessuna-email
https://www.ristoranteisoladicaprera.com/,isoladicapreracatering@gmail.com,statico
https://www.ristoranteisoladicaprera.com/,ristoranteisoladicaprera@gmail.com,statico
https://www.provarepercredere.it/,,irraggiungibile
https://www.pizzeriabelinda.it/,,irraggiungibile
https://www.sushikaipadova.it/,info@sushikaipadova.it,statico
https://www.instagram.com/pizzeria_saporita.padova,,nessuna-email
https://sanmichelestore.com/,info@sanmichelestore.com,statico
https://tucanocafe.shop/,tucanocafe.shop@gmail.com,statico
https://www.instagram.com/p/C_5RQEOtNla/,,nessuna-email
https://www.lascottoneria.it/,,nessuna-email
https://ristorantetrinacria.it/,info@localweb.it,statico
https://ristorantetrinacria.it/,orjon.nallbati@onlawoffice.com,statico
https://ristorantetrinacria.it/,privacy@localweb.it,statico
https://ristorantetrinacria.it/,srlstrinacria@gmail.com,statico
https://sirfrancisdrakepub.com/,,nessuna-email
https://www.aglieremitani.it/,,nessuna-email
https://www.facebook.com/Bar-Risto-Snack-Sapori-108547980844685,,nessuna-email
https://www.ainavigli.com/,,irraggiungibile
http://ristorantenapolicentrale.it/,info@aliados.it,render
https://www.picadillo.it/,,nessuna-email
https://sorestaurant.it/,info@sorestaurant.it,statico
https://spritzadina.it/,huka@info.com,statico
https://spritzadina.it/,info@spritzadina.it,statico
https://www.villateverepadova.it/,info@villateverepadova.it,statico
https://bit.ly/2HIbLci,,nessuna-email
https://www.zushi.eu/,hello@arketingstudio.com,statico
https://www.zushi.eu/,info@agaweb.it,statico
https://www.zushi.eu/,info@zushi.eu,statico
https://www.zushi.eu/,job@zushi.eu,statico
https://www.ristorantezafferanopadova.it/,,nessuna-email
https://www.facebook.com/tOsKaPizzeria/menu/,,nessuna-email
https://woksushipadova.com/,info@woksushipadova.it,statico
https://www.facebook.com/UmbyPizzaPadova/,,nessuna-email
https://tfburger.com/,the.fcking.burger3@gmail.com,statico
https://tfburger.com/,tuaemail@indirizzo.com,statico
https://simonsbistrot.com/,,nessuna-email
https://www.hostariaviterossa.it/,info@hostariaviterossa.it,statico
https://www.zentakeaway.it/,,nessuna-email
https://www.facebook.com/versiribelli/,,nessuna-email
https://www.pizzeriadamichele.it/,amministrazione@pizzeriadamichele.it,statico
https://www.pizzeriadamichele.it/,cappuccina@pizzeriadamichele.it,statico
https://bearbuns.it/,info@bearbuns.it,statico
https://wimbledonpadova.it/,berlinosrsl@pec.it,statico
https://www.gustorosso.it/,mestre@gustorosso.it,statico
https://www.gustorosso.it/,utente@dominio.com,statico
https://www.gustorosso.it/,vicenza@gustorosso.it,statico
https://www.gustorosso.it/,vicenza@tonazzo1888.it,statico
https://linktr.ee/CucuVicenza,contact@gdprlocal.com,statico
https://linktr.ee/CucuVicenza,cucuvicenza@gmail.com,statico
https://linktr.ee/CucuVicenza,dpo.support@gdprlocal.com,statico
https://linktr.ee/CucuVicenza,online@www.aaa.com,statico
https://linktr.ee/CucuVicenza,only@savagex.com,statico
https://linktr.ee/CucuVicenza,only@www.gobble.com,statico
https://linktr.ee/CucuVicenza,privacy@linktr.ee,statico
https://www.instagram.com/uscita10,,nessuna-email
https://kohinoorristoranteindiano.it/,info@kohinoorristoranteindiano.com,statico
https://kohinoorristoranteindiano.it/,kohinoorvicenza@gmail.com,statico
https://www.instagram.com/whiteponypub,,nessuna-email
https://www.ytheca.com/,,nessuna-email
https://sushi-su.it/,,irraggiungibile
https://www.oldwildwest.it/it/ristoranti/mestre-c-c-porte-di-mestre,cigierre@legalmail.it,statico
https://www.oldwildwest.it/it/ristoranti/mestre-c-c-porte-di-mestre,dpo@cigierre.com,statico
https://www.oldwildwest.it/it/ristoranti/mestre-c-c-porte-di-mestre,portedimestre@oldwildwest.it,statico
https://www.oldwildwest.it/it/ristoranti/mestre-piazza-candiani,cigierre@legalmail.it,statico
https://www.oldwildwest.it/it/ristoranti/mestre-piazza-candiani,dpo@cigierre.com,statico
https://www.oldwildwest.it/it/ristoranti/mestre-piazza-candiani,mestre@oldwildwest.it,statico
https://www.bamburger.it/,bamburger.it@gmail.com,statico
https://www.instagram.com/wood_padova,,nessuna-email
https://www.sorbillo.it/,,timeout
https://www.ristoranteincentrovicenza.it/,ocadiugo@gmail.com,statico
https://bertoliana.lovable.app/,tiagosrlvicenza@gmail.com,statico
https://www.facebook.com/share/1BcfhTbJBJ,info@basilandco.it,render
https://www.yamasushipadova.it/,,timeout
https://www.harryristorante.com/,harryristorante@gmail.com,render
https://m.facebook.com/Nuovafavorita/,,nessuna-email
https://www.facebook.com/lalchimistamestre/,,nessuna-email
https://www.cadivolta.it/,,nessuna-email
https://therudnik.com/,info@therudnik.com,statico
https://www.roosterhouse.it/,info@roosterhouse.it,statico
https://www.tajmahalvicenza.com/,info@tajmahalvicenza.com,statico
https://www.tajmahalvicenza.com/,info@villa.co,statico
https://www.tajmahalvicenza.com/,tajmahalvicenza@gmail.com,statico
https://www.ristorantedabiasio.it/,info@ristorantedabiasio.it,statico
https://www.cueva.it/,info@cueva.it,statico
https://www.facebook.com/BarItaliaVicenza/,,timeout
https://www.instagram.com/bacodasetamestre,,timeout
https://www.ristorantealcompany.it/,,timeout
https://www.anticoguelfo.it/,,timeout
https://osteriacontra.com/,,nessuna-email
https://taverna4edueterzi.com/,postmaster@taverna4edueterzi.com,statico
https://www.furairistorante.com/,,nessuna-email
https://linktr.ee/toasteriagourmet,contact@gdprlocal.com,statico
https://linktr.ee/toasteriagourmet,dpo.support@gdprlocal.com,statico
https://linktr.ee/toasteriagourmet,online@www.aaa.com,statico
https://linktr.ee/toasteriagourmet,only@savagex.com,statico
https://linktr.ee/toasteriagourmet,only@www.gobble.com,statico
https://linktr.ee/toasteriagourmet,privacy@linktr.ee,statico
https://linktr.ee/toasteriagourmet,toasteriagourmet@gmail.com,statico
https://instagram.com/ciucchetto_vicenza,,timeout
https://www.prepvicenza.it/,info@prepvicenza.it,statico
https://www.pontedellebele.it/,pontedellebele@libero.it,statico
http://www.zushi.eu/,hello@arketingstudio.com,statico
http://www.zushi.eu/,info@agaweb.it,statico
http://www.zushi.eu/,info@zushi.eu,statico
http://www.zushi.eu/,job@zushi.eu,statico
https://pantivoglio.com/,info@pantivoglio.com,statico
https://www.facebook.com/p/Piccolo-Ecuador-100086551936521/,,nessuna-email
https://pizzeriadacarminevicenza.wordpress.com/,,nessuna-email
https://www.facebook.com/jvicenza,,nessuna-email
https://italy.armymwr.com/programs/del-din-warrior-zone,p.lauria@isfitaly.org,statico
https://italy.armymwr.com/programs/del-din-warrior-zone,usarmy.usag-italy.id-europe.list.slo1@army.mil,statico
https://www.cocinitadelcovo.com/,,nessuna-email
https://www.saporiurbani.net/,info@saporiurbani.it,render
https://www.saporiurbani.net/,info@saporiurbanisrl.net,render
https://sushikingasianfusion.com/,c709535112@qq.com,statico
https://sushikingasianfusion.com/,info@localweb.it,statico
https://sushikingasianfusion.com/,orjon.nallbati@onlawoffice.com,statico
https://sushikingasianfusion.com/,privacy@localweb.it,statico
https://www.anticatorretreviso.it/,info@anticatorretreviso.it,statico
https://www.anticatorretreviso.it/,m.t.n.srl@legalmail.it,statico
https://www.facebook.com/MATTIAs-Pizza-e-Cucina-1594650260756669/,,nessuna-email
https://alristorante.com/Menu-K-and-Q-Bar-Ristorante-Africano.pdf,,irraggiungibile
https://www.botegon.com/,eventi@botegon.com,statico
https://bastianosteria.it/,simonetoffolo1@gmail.com,statico
https://artisticcafe.store/,,nessuna-email
https://www.mdc-group.it/,,nessuna-email
https://www.almabistrot.it/,alfieri.matteo@pec.it,statico
https://www.almabistrot.it/,almabistrotreviso@gmail.com,statico
https://www.almabistrot.it/,ristoranteal.ma20@gmail.com,statico
https://radicchiorosso017.wixsite.com/radicchio-rosso-1,radicchiorosso017@gmail.com,statico
https://michiristorante.it/,mdellasorte@gmail.com,statico
http://www.saporiurbani.net/,info@saporiurbani.it,render
http://www.saporiurbani.net/,info@saporiurbanisrl.net,render
https://www.hotcactus.it/,,nessuna-email
https://www.lapausaristorante.it/,,timeout
https://linktr.ee/ostinate,online@www.aaa.com,statico
https://linktr.ee/ostinate,only@savagex.com,statico
https://linktr.ee/ostinate,only@www.gobble.com,statico
https://www.osterialacolonnetta.it/,osterialacolonetta@gmail.com,statico
https://www.acquasalsa.eu/,,nessuna-email
https://www.allabaracca.com/,info@allabaracca.it,statico
https://menu.menumal.com/ettotreviso,,nessuna-email
https://www.saporitour.it/,utente@dominio.com,statico
https://daspillo.it/,,nessuna-email
https://www.instagram.com/fiorenzano_treviso/,,nessuna-email
https://www.facebook.com/giardinobistrot/,,nessuna-email
https://m.facebook.com/VeciaHostariaDaiNaneti/,,nessuna-email
https://menu.menumal.com/ketogo,,nessuna-email
https://www.facebook.com/Ichiban-Ramen-Treviso-112885156774194/,,nessuna-email
https://www.ristorantemardivino.it/,mardivino@ned.it,statico
https://trattoriaargentina.it/,info@trattoriaargentina.it,statico
https://trattoriaargentina.it/,trattoriargentina@gmail.com,statico
https://www.instagram.com/good_vibes_treviso,,nessuna-email
https://www.ristorantealfoghertreviso.it/,rist.fogher@gmail.com,statico
https://www.ristorantebasilisco.com/,ristorantebasilisco@gmail.com,statico
https://www.trattoria2mori.com/,info@trattoria2mori.com,statico
https://www.facebook.com/MalvasiaTrevisoRistoBrunch/,,nessuna-email
https://it-it.facebook.com/pizzeriaristorantinoSantAgostino/,,nessuna-email
https://www.facebook.com/osteria.dallagigia/,,nessuna-email
https://www.hosteriamodernatv.it/,notifications@surecart.com,render
https://www.signoresignoritreviso.it/,signoresignori@pec.it,statico
https://www.signoresignoritreviso.it/,studiodelben@gmail.com,statico
https://www.facebook.com/OsteriaLaRoggiaTV/,,nessuna-email
https://www.villadellerosevicenza.it/,,irraggiungibile
https://trevisowineclub.com/,club@trevisowineclub.com,statico
https://trevisowineclub.com/,members@trevisowineclub.com,statico
https://www.ristoranteanticomorertreviso.com/,chicco.agostini@libero.it,statico
https://www.spatiobistrot.it/,info@spatiobistrot.it,statico
https://manidifatima.it/,,nessuna-email
https://www.instagram.com/chingu_treviso/,,nessuna-email
http://www.aidofogheri.it/main.html,aidofogheri@libero.it,statico
https://www.instagram.com/osteriaostileurbana/,,nessuna-email
https://triangolitreviso.it/,booking@triangolitreviso.it,render
https://www.alcolombo.com/,info@alcolombo.com,statico
https://algallodoro.shop/,localoria.com@gmail.com,statico
https://www.instagram.com/roost.ramen.treviso/,,nessuna-email
https://www.inforistorantealfontego.it/,ristorantealfontego3426@gmail.com,statico
https://www.inforistorantealfontego.it/,support@webador.com,statico
http://www.aiduevescovi.com/,info@aiduevescovi.com,statico
https://www.soffioni.it/,,nessuna-email
https://www.pizzeriazeusdalaura.com/,zeustreviso@gmail.com,statico
https://www.ristoranteaiscalzi.it/,aiscalzi@libero.it,statico
https://levallidipellestrina.it/,info@levallidipellestrina.it,statico
https://levallidipellestrina.it/,info@levallipellestrina.it,statico
https://www.locandapontedante.com/,,irraggiungibile
https://www.dafiore.it/,info@mysite.com,statico
https://www.trattorialamoncia.it/,,nessuna-email
https://www.menu.yutreviso.it/,,nessuna-email
http://www.gastronomybyjoy.com/2017/06/art-and-food-cafe-ristorante-murano.html,gastronomybyjoy@yahoo.com,statico
https://scemochilegge.torpal.it/,,nessuna-email
https://yenshushi.com/,,nessuna-email
https://bacaroquebrado.shop/,contact@grubbio.com,statico
https://baralcalice.shop/,contact@grubbio.com,statico
https://www.ristoranteallecorone.com/,restaurant@hotelaireali.com,statico
https://bacarrettobistrotilsiciliano.it/,assistenza@webador.it,statico
https://bacarrettobistrotilsiciliano.it/,bacarrettobistrot@gmail.com,statico
https://www.facebook.com/al.cafetier.venezia/,,nessuna-email
https://www.facebook.com/al.bacan.92,,nessuna-email
https://ristoranteaquila.it/,ristoranteallaquila@gmail.com,statico
https://www.elmagazen.com/,elmagazen@hotmail.com,statico
https://www.clubdeldoge.com/,restaurantclubdeldoge@luxurycollection.com,statico
https://www.anticopignolo.it/,info@anticopignolo.it,statico
https://www.dopolavororestaurant.com/,fb.venice@jwmarriotthotels.com,statico
https://www.dopolavororestaurant.com/,info.venice@marriott.com,statico
https://www.nh-collection.com/en/hotel/nh-collection-venezia-murano-villa/restaurants,,nessuna-email
http://www.bagnialberoni.com/,bagnialberoni1995@gmail.com,statico
http://www.bagnialberoni.com/,info@bagnialberoni.com,statico
http://www.bagnialberoni.com/,info@bagnialberoni.it,statico
https://www.osteriaalvecioforno.com/,,nessuna-email
https://www.aimercanti.it/,,nessuna-email
https://www.gruppo1000.com/,,nessuna-email
http://www.osterialcanton.com/,,irraggiungibile
http://www.anticofornovenezia.com/,info@anticofornovenezia.it,render
https://www.anticaosteriaaitreleoni.it/,,nessuna-email
http://www.frarys.it/,frarys@hotmail.it,statico
https://www.gardenbistrotvenezia.it/,ristorante@gardenbistrotvenezia.it,statico
https://www.anticomartini.it/,,nessuna-email
https://www.hostariaallombra.com/,hostariaallombra@yahoo.it,statico
https://altimon.it/,,timeout
http://www.fusionpuppa.com/,press@google.com,statico
https://www.improntavenezia.com/,improntavenezia@gmail.com,statico
https://www.facebook.com/pages/Al-Vecio-Marangon/188823317817256,,timeout
http://www.ilmercantevenezia.com/,infomercante@gmail.com,statico
https://www.alquadrante.it/,,timeout
https://losterialeguglie.shop/,contact@grubbio.com,statico
https://aromirestaurantvenice.com/,,nessuna-email
https://lapatatinasanpolo.shop/,contact@grubbio.com,statico
https://muranogelateria.my.canva.site/,ciao@granbelsito.it,statico
https://muranogelateria.my.canva.site/,murano.gelateria@gmail.com,statico
https://locandamontin.com/,,timeout
https://www.alveciobragosso.com/,alveciobragosso@gmail.com,statico
https://www.hostariadafranz.com/,info@hostariadafranz.com,statico
https://www.instagram.com/brestaurantmurano,,timeout
https://giosrestaurantvenice.com/,,nessuna-email
https://ristorantemuranoalsoffiador.com/,,nessuna-email
https://www.osteriakm0venezia.it/,km0veneziaosteriadagas@gmail.com,render
https://www.autogrill.it/,info@iubenda.com,render
https://lafornacemurano.it/,rist.lafornacemurano@gmail.com,statico
https://dacherubino.shop/,,nessuna-email
https://www.instagram.com/dolcevitavenice/,,nessuna-email
https://www.osteriaaiassassini.it/,info@osteriaaiassassini.it,statico
http://www.lateciavegana.com/,lateciavegana@gmail.com,render
https://www.doppiomalto.com/it/ristoranti/venezia/,,timeout
https://giardinvenezia.it/,,nessuna-email
https://www.koenji-venezia.com/,,nessuna-email
https://kanpei.it/,,nessuna-email
https://laportadacqua.com/,info@laportadacqua.com,render
https://www.opentable.it/r/hopera-italian-food-reservations-venezia,,timeout
https://www.lacolombinavenezia.it/,enoteca.colombina@gmail.com,statico
https://www.osteriagiorgionedamasa.com/,osteriagiorgionedamasa@yahoo.com,render
https://www.murovenezia.com/,murovenezia@gmail.com,statico
https://www.leonealato.site/,leonealato.venezia@gmail.com,statico
https://www.enotecaartisti.com/,info@enotecaartisti.com,statico
https://www.osteriadotorri.it/,osteria.dotorri.ve@gmail.com,statico
https://www.facebook.com/Osteria-ai-Promessi-Sposi-181819751868585/,,nessuna-email
https://www.acquastanca.it/,info@acquastanca.it,statico
https://pizzeriaristorantedagianni.shop/,pizzeriaristorantedagianni.shop@gmail.com,statico
https://okevenezia.com/,aeoche.zattere@gmail.com,statico
https://okevenezia.com/,eko.srl@pec.it,statico
https://www.instagram.com/mare_magno_venezia/,,nessuna-email
https://www.facebook.com/Nevodi-PizzaLab-104267381421698/,,nessuna-email
https://www.facebook.com/Bar-Artisti-Osteria-ai-Pugni-108731945845105/,,nessuna-email
https://www.lazucca.it/,,nessuna-email
"Santa Margherita""",,irraggiungibile
https://www.puppabar.com/,press@google.com,statico
https://www.olivanera.com/,olivanera@me.com,statico
https://www.ristopubrossini.com/,rossiniristopub@gmail.com,statico
http://quantobastavenezia.com/,,nessuna-email
https://allafrasca.com/,,nessuna-email
https://trattoriavaporettovenezia.com/,info@ristorantealvaporetto.it,render
https://pizzeria-birreria-barbanera.business.site/,,nessuna-email
https://www.dabubi.it/,,nessuna-email
https://osteriapozzoroverso.com/,pozzoroverso@yahoo.it,render
https://www.ristorantebacarandino.com/,lucabacarandino@gmail.com,statico
https://www.hostariaaicoristi.com/,info@hostariaaicoristi.com,statico
https://www.hostariaaicoristi.com/,server@www.hostariaaicoristi.com,statico
http://osteria-al-cicheto.it/,,timeout
https://www.osteriadapampo.com/,osteria.pampo@gmail.com,statico
http://www.pokeapua.com/,,nessuna-email
https://www.elisvenezia.com/,ristoranteelis@gmail.com,statico
https://www.osteria-doge-morosini.com/,assistenza@webador.it,statico
https://www.osteria-doge-morosini.com/,it@osteria-doge-morosini.com,statico
https://www.facebook.com/PanCaff%C3%A8-da-Ely-100346982741684/,,nessuna-email
https://www.osteriadaalberto.it/,,irraggiungibile
https://www.datanduo.com/,,irraggiungibile
https://www.ristorantecaffesaraceno.com/,ristorantecaffesaraceno@gmail.com,render
https://www.ristoranteomnibusvenezia.com/,info@ristoranteomnibus.com,statico
http://www.osterialletestiere.it/,,timeout
https://www.ristorantealgigliovenezia.com/reservations,algigliovenezia@gmail.com,render
https://www.hyattrestaurants.com/en/venice/restaurant/italian-restaurant-in-murano-venice-osteriva,,nessuna-email
https://www.sempionevenezia.it/,sempione578@libero.it,statico
https://www.sempionevenezia.it/,utente@dominio.com,statico
https://rio-novo.shop/,,nessuna-email
http://www.ristorantelacupola.com/it/,info@carltongrandcanal.com,statico
https://www.ristorantesanmarcovenice.com/,ristorante.sanmarco@sanmarcohotels.com,render
https://www.wisteria-restaurant.com/,info@wisteria-restaurant.com,render
http://www.ristorantenoemi.com/,info@ristorantenoemi.com,statico
https://www.sagrarooftoprestaurant.com/,fb.venice@jwmarriotthotels.com,statico
http://www.spicypuppa.com/,press@google.com,statico
https://www.ristoranterivieravenezia.it/,ristoranterivieravenezia@gmail.com,statico
https://www.ristorantevinidapinto.it/,info@ristorantevinidapinto.it,statico
https://www.tintoretto-cucina-pizza.com/,casatintorettovenice@gmail.com,render
https://www.ristorantedaalvisevenezia.com/,infoalvisevenezia@gmail.com,render
http://trattoriaaiduefratelli.it/,trattoriaduefratellivenezia@gmail.com,render
http://www.ristorantesavor.it/,info@indigovenice.com,render
https://www.riodelaveste.it/,riodelaveste@gmail.com,statico
https://www.trattoriaallascala.it/,info@trattoriaallascala.it,statico
https://www.trattoriaallascala.it/,utente@dominio.com,statico
https://ristoranteifiglidellestelle.it/,e-mailifiglidellestelle@icloud.com,statico
https://ristoranteifiglidellestelle.it/,ifiglidellestelle@icloud.com,statico
https://ristoranteifiglidellestelle.it/,info@localweb.it,statico
https://ristoranteifiglidellestelle.it/,orjon.nallbati@onlawoffice.com,statico
https://ristoranteifiglidellestelle.it/,privacy@localweb.it,statico
http://facebook.com/ilpiacerevenezia,,nessuna-email
https://trattoriaallafontana.shop/,trattoriaallafontana.shop@gmail.com,statico
https://www.tavernasantrovaso.it/,info@tavernasantrovaso.it,statico
https://www.algiardinetto.it/,,timeout
https://wa.me/message/G7WPUBQHEDUQO1,,nessuna-email
https://casabonita.it/,,nessuna-email
https://www.instagram.com/osteriageraora/,,nessuna-email
https://trattoriabellavenezia.shop/,trattoriabellavenezia.shop@gmail.com,statico
https://www.labautarestaurant.com/,,nessuna-email
https://www.serafinaitaly.com/,,nessuna-email
https://canogheradaromolo.it/,contatto@daromolo.it,render
https://trattoriacafoscarialcanton.shop/,trattoriacafoscarialcanton.shop@gmail.com,statico
https://trattoriabarpontini.shop/,contact@grubbio.com,statico
https://www.palazzovenart.com/it/ristorante-e-bar/,adi@codetale.com,statico
https://www.palazzovenart.com/it/ristorante-e-bar/,booking.portinari@ldchotels.com,statico
https://www.palazzovenart.com/it/ristorante-e-bar/,booking.venart@ldchotels.com,statico
https://www.palazzovenart.com/it/ristorante-e-bar/,events.venart@ldchotels.com,statico
https://www.palazzovenart.com/it/ristorante-e-bar/,info.portinari@ldchotels.com,statico
https://www.palazzovenart.com/it/ristorante-e-bar/,info.venart@ldchotels.com,statico
https://www.palazzovenart.com/it/ristorante-e-bar/,info@qnt.it,statico
https://www.trattoriadaitosi.it/,info@mysite.com,statico
https://www.trattoriadaitosi.it/,tosetti738@gmail.com,statico
https://www.floridaristorazione.it/,,timeout
https://pesciolinodoro.my.canva.site/,,nessuna-email
https://alcampanilevenezia.it/,info@alcampanileve.com,statico
https://alcampanilevenezia.it/,info@alcampanilevenezia.it,statico
https://alcampanilevenezia.it/,info@ristoranterefolo.com,statico
https://trattoriadaifioi.com/,trattoriadaifioi@gmail.com,statico
https://trattoriatrespiedi.shop/,trattoriatrespiedi.shop@gmail.com,statico
"Venezia""",,irraggiungibile
https://www.freshpasta2go.it/,ensarsrl.ve@gmail.com,statico
https://trattoriasantostefano.it/,trattoriasantostefano.venezia@gmail.com,statico
https://trattoriasantostefano.it/,trattoriasantostefano@gmail.com,statico
https://vizietto.wine/,n@vizietto.ve,statico
https://trattoriapizzeriadomori.shop/,contact@grubbio.com,statico
https://www.vittoria1938.com/,vittoriavenezia1938@gmail.com,statico
https://www.ristoranterialtovenezia.com/,ristorantesaracenovenezia@gmail.com,statico
http://osteriasoraalponte.it/,,timeout
https://trattoriaanticamurano.com/,,nessuna-email
https://www.trattoriaboschetti.it/,,nessuna-email
https://www.facebook.com/trattoriacugnai,,nessuna-email
https://trattoriadamimmo.com/it/home/,,nessuna-email
https://www.facebook.com/pages/Trattoria-Altanella/207914586058209,,nessuna-email
https://www.busadalele.it/,busa.damarco@gmail.com,statico
https://www.trattoriacasamiavenezia.it/,maurotreberni@gmail.com,statico
https://trattoriacapon.com/,amministratorezuezu@gmail.com,statico
https://trattoriacapon.com/,info@trattoriaanticocapon.it,statico
https://trattoriacapon.com/,info@trattoriacapon.com,statico
https://www.trattoriadagigi.com/,,nessuna-email
https://trattoriasanpolo.it/,info@alcampanileve.com,statico
https://sanmarco.dallozio.com/,sanmarco@dallozio.com,statico
https://anticatorreristorante.online/,info@anticatorrerestaurant.com,statico
https://trattoriapizzeriasottoprova.com/,,timeout
https://m.facebook.com/pages/Trattoria-Andri/121726591215704,,nessuna-email
https://www.divinacomida.it/,john@smith.com,render
https://www.divinacomida.it/,ladivinacomidave@gmail.com,render
https://www.trattoriadarino.it/,trattoriadarino@gmail.com,render
https://trattoriaallapesavenezia.it/,,irraggiungibile
https://trattoriadasara.com/,mario.rossi@mail.com,render
http://qrco.de/bbWyDD,info@tognetti.ch,statico
https://trattoriadonaonesta.com/,donaonestavenice@gmail.com,render
https://www.ristorantegiardinodeisapori.it/,bresciavito1980@gmail.com,statico
https://facebook.com/verygoodpizzeria/,,nessuna-email
https://www.cantinaduomo.it/,cantinaduomo@gmail.com,statico
https://www.ristoranterivarialto.it/,,nessuna-email
https://www.rovigoinfocitta.it/franchin-rovigo/,info@rovigoinfocitta.it,statico
https://www.rovigoinfocitta.it/nocemoscata-ristorante/,info@rovigoinfocitta.it,statico
https://www.rovigoinfocitta.it/nocemoscata-ristorante/,urp@comune.rovigo.it,statico
https://www.cristallorovigo.com/,cristallo.ro@bestwestern.it,statico
http://www.anticasacrestia.it/,,nessuna-email
https://www.facebook.com/maria.remigio.88/,,nessuna-email
https://verovenetianroots.com/,dpo@voihotels.com,statico
https://verovenetianroots.com/,privacy.voi@alpitourworld.it,statico
https://verovenetianroots.com/,vero.venetianroots@vretreats.com,statico
https://www.puntonord.it/,marketing@puntonord.it,statico
https://www.facebook.com/pedavena.rovigo/,,nessuna-email
https://www.oyasushirovigo.it/,,nessuna-email
https://www.trattoriaaigrecidagiorgio.it/,,irraggiungibile
https://trattoriapizzeriadagioia.it/,,irraggiungibile
https://www.facebook.com/mcdonaldsitalia.rovigo/,,nessuna-email
https://www.instagram.com/birreriacarpediemrovigo,,nessuna-email
https://agriturismocabeatrice.it/,,timeout
http://qrco.de/bbWyX6,info@tognetti.ch,statico
https://karmaristoranteindiano.it/,karmaristoranteindiano@libero.it,statico
https://linktr.ee/rossodiserarovigo,online@www.aaa.com,statico
https://linktr.ee/rossodiserarovigo,only@savagex.com,statico
https://linktr.ee/rossodiserarovigo,only@www.gobble.com,statico
https://linktr.ee/rossodiserarovigo,rossodiserarovigo@gmail.com,statico
https://lapesco.lovable.app/,,nessuna-email
https://ludosfera.net/,,nessuna-email
https://www.luemifood.com/,amministrazione@luemifood.it,render
https://lapatatinasanrocco.it/,,irraggiungibile
https://www.facebook.com/Pizzeria-La-Spiaggia-1268909886487337/,,nessuna-email
https://whynothostaria.it/,,timeout
https://www.facebook.com/prosciuttiamoristoranterovigo/,,nessuna-email
https://www.namastebharat.it/,namastebharat@gmail.com,statico
https://pizzeriaalvescovado.it/,,nessuna-email
https://www.trattoriacanonica.com/,,irraggiungibile
https://m.facebook.com/pizzeriamisterorovigo/,,nessuna-email
https://www.alpostiglione.it/,777info@alpostiglione.itwww.alpostiglione.it,statico
https://www.alpostiglione.it/,info@alpostiglione.it,statico
https://www.ilclubbino.it/,info@ilclubbino.it,statico
https://www.fatupizza.it/,info@fatupizza.it,statico
https://www.facebook.com/Qubostreetfood,,nessuna-email
https://www.tavernettadanterovigo.it/,,nessuna-email
https://www.facebook.com/share/17sSMWHMvW/,,nessuna-email
https://www.figlidibottarga.com/,info@figlidibottarga.com,statico
https://www.figlidibottarga.com/,info@patiotime.com,statico
https://www.facebook.com/Ristoranteoriente/,,nessuna-email
https://www.facebook.com/Ristorante-Pizzeria-Taverna-1203334556361618/,,nessuna-email
https://www.centolirerovigo.com/,,timeout
https://www.facebook.com/Le-Carni-Borsea-Osteria-Macelleria-159662044077207/,,nessuna-email
https://www.facebook.com/ristopizza.vesuvio/,,nessuna-email
https://www.facebook.com/share/YNM5y3Dye2kncU2r/,,nessuna-email
https://vecchiaguardia.com/,info@vecchiaguardia.com,render
https://www.ristoranteachioggia.it/,info@elgato.it,statico
http://facebook.com/pg/hostaria.zestea,,nessuna-email
https://www.facebook.com/Johnnyspizzeriasannicolaarcella/,,nessuna-email
https://www.facebook.com/lacasetta.braceria,,nessuna-email
https://www.dafelice.it/,dofrizz@yahoo.it,statico
https://www.vinilepizzeria.it/,,nessuna-email
https://m.facebook.com/daninotrattoriatipica/,,nessuna-email
https://www.doombreristorantefishbarchioggia.it/,contatto@esempio.it,statico
https://www.doombreristorantefishbarchioggia.it/,doombre@yahoo.com,statico
https://m.facebook.com/ristorantefurano/,,nessuna-email
https://damodenaristobacaro.com/,,nessuna-email
https://barivavena.blogspot.com/,,nessuna-email
https://www.bagninaviglio.it/,bagninaviglio@gmail.com,statico
https://www.oroneroexperiencebistrot.com/,ma.tizzisrls@gmail.com,statico
https://bacarolesirene.it/,barlesirene@gmail.com,statico
https://www.gastronomiadabarone.it/,contact@gastronomiadabarone.it,statico
https://instagram.com/acquamarina_chioggia,,nessuna-email
https://www.marespiaggiacucina.it/,info@marespiaggiacucina.it,statico
https://www.marespiaggiacucina.it/,ristorante@marespiaggiacucina.it,statico
https://www.marespiaggiacucina.it/,spiaggia@marespiaggiacucina.it,statico
https://www.leprechioggia.it/,,nessuna-email
https://www.deguristorante.it/,,irraggiungibile
https://www.tavernapittore.it/,,timeout
https://www.pizzeriavigochioggia.it/,info@pizzeriavigochioggia.it,statico
https://www.pizzeriavigochioggia.it/,server@pizzeriavigochioggia.it,statico
https://www.pizzerialamela.it/,,nessuna-email
https://www.dagigetto-cucina.it/,tiozzoenr@gmail.com,render
https://www.m4restaurant.it/,info@m4restaurant.it,statico
https://www.veciofoghero.it/,gianni@example.it,statico
https://www.veciofoghero.it/,info@veciofoghero.it,statico
https://www.ilbaruffino.com/,info@ilbaruffino.com,statico
https://www.instagram.com/marinaradiporto/,,nessuna-email
https://www.hotelvillaprincipe.it/,,timeout
https://www.facebook.com/pages/Passa-Parola/165750462907,,nessuna-email
http://www.ristorantegaribaldi.com/,,nessuna-email
http://www.fontego.it/,fontego@chioggiasottomarina.it,statico
https://www.facebook.com/Gustose-meraviglie-330245224278263,,nessuna-email
http://www.sottomarina.net/osteriadanicola/,,nessuna-email
https://www.pepenerosottomarina.it/,,nessuna-email
https://instagram.com/Bagatela_pizzeria,,nessuna-email
https://www.lasgura.it/,info@lasgura.it,statico
https://www.darsenalesaline.com/ristorante/,graziavianello238@gmail.com,render
https://www.darsenalesaline.com/ristorante/,info@darsenalesaline.com,render
https://www.darsenalesaline.com/ristorante/,info@pec.darsenalesaline.com,render
http://www.alranchristorante.it/,info@alranchristorante.it,statico
https://www.facebook.com/treleoniristorantepizzeria,,nessuna-email
https://allium-restaurant.it/,info@alliumrestaurant.it,statico
https://www.gransostanco.com/,,irraggiungibile
https://www.hosteriadelleemozioni.it/,,irraggiungibile
https://linktr.ee/pizzerialessenziale,contact@gdprlocal.com,statico
https://linktr.ee/pizzerialessenziale,dpo.support@gdprlocal.com,statico
https://linktr.ee/pizzerialessenziale,online@www.aaa.com,statico
https://linktr.ee/pizzerialessenziale,only@savagex.com,statico
https://linktr.ee/pizzerialessenziale,only@www.gobble.com,statico
https://linktr.ee/pizzerialessenziale,privacy@linktr.ee,statico
https://www.ristorantekyotosandona.it/,hujunyu02@gmail.com,statico
http://pizzasmilegroup.it/chioggia,,nessuna-email
https://pizzeriasapo.it/,,nessuna-email
https://www.facebook.com/SagraDelPesceChioggia,,nessuna-email
https://www.osterialalternativa.it/,info@osterialalternativa.it,statico
https://www.dodajs.com/,,nessuna-email
https://www.facebook.com/bekandciksandona/,,nessuna-email
https://www.albertocaporistorante.it/,,nessuna-email
https://www.baladin.it/,privacy@baladin.com,statico
https://www.julsfood.it/,info@julsfood.it,statico
https://www.trattorialanassa.it/,info@trattorialanassa.it,statico
http://www.osteriapavan.it/,egidioe71@virgilio.it,statico
https://www.osteriaeden.it/,,nessuna-email
http://www.allebaruffechiozzotte.it/,info@hotelgrandeitalia.com,statico
https://www.ristorantelavite.com/,info@ristorantelavite.com,statico
https://www.facebook.com/pizzeriaBlackStar/,,nessuna-email
https://www.cucumangi.it/,,nessuna-email
https://www.alcorso39.it/,info@alcorso39.it,render
https://www.ristoranteaidogi.it/,,irraggiungibile
https://linktr.ee/veciopiave,online@www.aaa.com,statico
https://linktr.ee/veciopiave,only@savagex.com,statico
https://linktr.ee/veciopiave,only@www.gobble.com,statico
https://linktr.ee/veciopiave,veciopiave@gmail.com,statico
https://www.bacarosalsochioggia.it/,,irraggiungibile
https://www.osteriamalanotte.it/,info@osteriamalanotte.it,statico
https://www.ristorantemauro.it/,,timeout
https://instagram.com/judyskitchen_italia,,nessuna-email
https://www.bacaria.it/,bacariadadante@gmail.com,statico
https://www.facebook.com/MarienPlatzPub/,,nessuna-email
https://instagram.com/ciros_it,,nessuna-email
http://www.facebook.com/livingcocktailbar,,nessuna-email
https://www.enotecatime.com/,prenotazioni@enotecatime.com,statico
https://www.mbpizza.it/,,nessuna-email
https://www.elpiron.it/,mrossi@mrossi.it,statico
https://www.elpiron.it/,server@www.elpiron.it,statico
https://m.facebook.com/maharajaindiano/,,nessuna-email
https://www.facebook.com/pages/Antica-Osteria-Murer/211775362171719,,nessuna-email
https://osteriapeperosa.blogspot.com/,,nessuna-email
https://ristorantedamirco.com/,prenotazioni@ristorantedamirco.com,statico
https://facebook.com/pizzaalpezzo.astra/,,nessuna-email
https://www.facebook.com/p/Trattoria-La-Pergola-da-Marco-100057444849852/,,nessuna-email
https://filz.beer/,,timeout
https://pizzeriadaciccio.altervista.org/,,nessuna-email
https://www.tenshirestaurant.it/,info.tenshicafe@gmail.com,statico
https://www.instagram.com/rosticceria_rosanero,,nessuna-email
https://www.gruppoidon.it/,,nessuna-email
https://www.infermentopizzeria.com/,infermento.bassano@gmail.com,statico
https://www.infermentopizzeria.com/,info@restan.com,statico
https://www.infermentopizzeria.com/,info@restan.com.com,statico
https://www.facebook.com/mikamalebaristopizza,,nessuna-email
https://bassanoclubhousecafe.it/,bdglabsrl@gmail.com,render
https://www.instagram.com/anticaostaria/,,nessuna-email
https://alvesuviobassano.it/,pizzeriaalvesuvio@gmail.com,statico
https://instagram.com/vecchiemaniere__grill,,nessuna-email
https://restaurantehimalaya.it/,restauranteindianohimalaya@gmail.com,render
https://instagram.com/birreriabuei,,timeout
https://www.facebook.com/Al-Caneseo-da-Amedeo-154304047962447/,,timeout
https://www.instagram.com/birretta_bassano,,nessuna-email
https://www.facebook.com/gsushibassano/,,nessuna-email
http://ostricaubriacasrl.wixsite.com/my-site,,nessuna-email
https://www.instagram.com/birrosteria_navolta/,,timeout
https://goo.gl/CgQnJQ,,timeout
https://feelingpizza.com/,,timeout
http://www.ristorantemelograno.net/,,nessuna-email
https://www.instagram.com/il_garibaldi/,,nessuna-email
https://www.facebook.com/leoncinibassano,,nessuna-email
https://www.instagram.com/mokabassano/,,nessuna-email
https://www.facebook.com/share/1Aq4YMdGnP/,,nessuna-email
https://www.sushivibes.it/,info@sushivibes.it,statico
https://www.instagram.com/ramenherobassano/,,nessuna-email
https://garumschio.wordpress.com/,infogarum@gmail.com,statico
https://osteriacortesconta.it/,info@osteriacortesconta.it,statico
https://www.instagram.com/sana_bassano/,,nessuna-email
https://www.maramen.com/,,nessuna-email
https://www.vecchiacortebistro.it/,info@vecchiacortebistro.it,statico
https://www.vecchiacortebistro.it/,vecchiacortebistro@gmail.com,statico
https://www.hotelnoris.it/,server@www.hotelnoris.it,statico
https://www.facebook.com/Tetleys-Pub-181187628562661/,,nessuna-email
https://pizzeriabellacapri.it/,,nessuna-email
https://cerchiodelgusto.it/,pizzeria@cerchiodelgusto.it,statico
https://www.noikos-bistrot.com/,,irraggiungibile
http://www.villangaransangiuseppe.it/cosa-facciamo/todomodo/,,irraggiungibile
https://mozirestaurant.it/,,timeout
https://www.ristorantebauto.it/,,irraggiungibile
https://www.pizzeriasaraceno.it/,,timeout
https://www.shun-bassanodelgrappa.it/,,nessuna-email
https://www.pizzabon.it/,info@pizzabon.it,statico
https://www.santeusebio.com/,,irraggiungibile
https://golden-sushi.it/,,nessuna-email
https://www.instagram.com/garibaldi_cocktail,,nessuna-email
https://www.instagram.com/baosteria,,nessuna-email
https://www.ristorante1piano.com/,info@ristorante1piano.com,statico
http://instagram.com/berrybreezebar,,nessuna-email
https://instagram.com/fermento_schio,,nessuna-email
https://www.trattoriallantenna.com/,utente@dominio.com,statico
https://www.osteriamoderna.com/,info@osteriamoderna.com,statico
https://www.osteriamoderna.com/,osteriamoderna@pec.it,statico
https://m.facebook.com/Molo517/,,nessuna-email
https://www.facebook.com/LaTanaDelLuppoloSchio,,nessuna-email
https://www.facebook.com/millybar.santorso,,nessuna-email
https://www.facebook.com/Melabevo-Burger-Beer-146826928814998/,,nessuna-email
https://facebook.com/ontheroadsantorso/,,nessuna-email
https://m.facebook.com/Pizzeria-La-Botte-163861406959665/,,nessuna-email
https://allavenezianabassano.it/,,timeout
https://www.trattoriacastellon.com/,trattoriacastellon25@gmail.com,statico
http://www.camst.it/,admin@grupposistematica.it,statico
http://www.pizzeriaquadrifoglio.weebly.com/,,nessuna-email
https://www.villangaransangiuseppe.it/progetti/guest-house/,,irraggiungibile
https://pizzaflash-mira.eatbu.com/,adriano.spolaore1@gmail.com,statico
http://www.sisalsmartpoint.it/,chiara.mari@sisal.it,statico
http://www.sisalsmartpoint.it/,sveva.ravasini@sisal.it,statico
https://pizzeriadaloris.com/,,nessuna-email
https://birronebar.it/locali-birrone/birrone-schio/,,timeout
https://www.facebook.com/Pizzeriatrattoriamarechiaro/,,nessuna-email
https://www.facebook.com/Pizza-Napoli-798532643510433/,,nessuna-email
https://www.instagram.com/il_piccolo_ritrovo_,,nessuna-email
https://www.brocktartineria.it/,,nessuna-email
http://www.tennisclubschio.it/ristorante.php,info@tennisclubschio.it,statico
https://facebook.com/Skiosko-Beer-and-Garden-472292579506566/,,nessuna-email
https://m.facebook.com/Il-Centro-del-Mondo-475288952491737/,,nessuna-email
https://www.gardenschio.com/,,irraggiungibile
https://www.castagnara.com/,info@castagnara.com,statico
https://www.castagnara.com/,privacy@castagnara.com,statico
https://www.pizzeriadoremi.it/,,nessuna-email
https://www.novantapiane.it/,,irraggiungibile
https://zhusimo.wixsite.com/-site,,nessuna-email
https://www.facebook.com/trattoriasanrocco/,,nessuna-email
https://it-it.facebook.com/Galeone-Dance-471781453004347/,,nessuna-email
https://www.ristorantedabeppino.com/,,irraggiungibile
https://www.instagram.com/labodegaschio,,nessuna-email
https://www.mezzosale.it/,info@mezzosale.it,statico
https://www.bareatocarni.com/cicchetteria/,bareatocarni@gmail.com,statico
https://www.pizzalongaway.it/,,nessuna-email
https://trattorialatavernetta.eatbu.com/,,nessuna-email
https://www.facebook.com/pages/Ristorante-Il-Cicchetto-Mira/164148836972660,,nessuna-email
http://www.trattoriaaltura.it/,,timeout
https://www.trattorianalin.it/,,nessuna-email
https://www.alcontadino.info/,alcontadino@me.com,render
https://www.ristoranteacasadegiorgio.com/,acasadegiorgio@gmail.com,statico
https://www.lostraniero.com/,,nessuna-email
https://www.facebook.com/namasteconegliano,,nessuna-email
https://www.reebs.it/,commerciale@reebs.it,statico
https://www.reebs.it/,info@reebs.it,statico
https://www.instagram.com/ragazzadifacilidolciumi,,nessuna-email
https://www.trattoriadallantonia.it/,,nessuna-email
https://www.belafonte.it/,,nessuna-email
https://www.molodivenezia.com/,artfood@pec.it,statico
https://www.molodivenezia.com/,molodivenezia@artandfoodgroup.it,statico
https://www.ristorantealsalisa.com/,ristorantesalisa@libero.it,render
https://www.facebook.com/osteriatavernasanmartino/,,nessuna-email
http://www.pizzaphoenix.it/,,nessuna-email
https://ristorantedagigimarghera.it/,aprsrl2025@gmail.com,statico
https://www.facebook.com/osteria.ripasso.7,,nessuna-email
https://linktr.ee/farmspizza,online@www.aaa.com,statico
https://linktr.ee/farmspizza,only@savagex.com,statico
https://linktr.ee/farmspizza,only@www.gobble.com,statico
https://www.rediquadri.com/,,irraggiungibile
https://www.instagram.com/kairos.barsimplyfood,,nessuna-email
http://www.instagram.com/antica_trattoria_piave,,nessuna-email
https://www.instagram.com/52gradi/,,nessuna-email
https://instagram.com/istanbul_city_kebab_conegliano,,nessuna-email
https://marciano-pub-marghera.com/,,nessuna-email
https://linktr.ee/grappolodoro,contact@gdprlocal.com,statico
https://linktr.ee/grappolodoro,dpo.support@gdprlocal.com,statico
https://linktr.ee/grappolodoro,online@www.aaa.com,statico
https://linktr.ee/grappolodoro,only@savagex.com,statico
https://linktr.ee/grappolodoro,only@www.gobble.com,statico
https://linktr.ee/grappolodoro,privacy@linktr.ee,statico
https://www.pokelover.it/,,nessuna-email
https://sushifamilyconegliano.wordpress.com/,,nessuna-email
https://www.larosadeiventipizzeria.it/,,nessuna-email
https://www.facebook.com/ilCentroNavedeVero/,,nessuna-email
https://www.osteria075.com/,info@osteria075.com,render
https://www.osteria075.com/,osteria075@gmail.com,render
https://www.instagram.com/amia_gastronomiavegetale/,,nessuna-email
https://www.facebook.com/towervega/,,nessuna-email
https://caldimezzo.wixsite.com/caldimezzo,,nessuna-email
https://allastellabistrot.it/,,nessuna-email
http://www.farmspizza.it/menu-castelfranco.pdf,,irraggiungibile
https://pibipizza.it/,info@pibipizza.it,statico
https://luckypizza.it/,comarinlucky@gmail.com,statico
https://it-it.facebook.com/BarALMOLINO/,,nessuna-email
https://www.pizzeriamessicano.it/,info@pizzeriamessicano.it,statico
https://www.anticogirone.com/,anticogirone@gmail.com,statico
https://www.facebook.com/canevadalmoromontebelluna/,,nessuna-email
https://www.ristorantesantantonio.com/,,nessuna-email
https://www.facebook.com/bellonastube/,,nessuna-email
https://www.facebook.com/osteriacanovamontebelluna,,nessuna-email
http://www.anticaosteriapoloni1907.it/,,nessuna-email
https://www.facebook.com/Kebap%C3%A7i-Aga-219282024820581/,,nessuna-email
https://www.facebook.com/Pizzeria-Al-Glicine-957797467639273/,,nessuna-email
https://linktr.ee/alchimista_ristorante,online@www.aaa.com,statico
https://linktr.ee/alchimista_ristorante,only@savagex.com,statico
https://www.instagram.com/gustomania.lab/,,nessuna-email
https://www.facebook.com/pizzeriaK2asporto/,,nessuna-email
https://www.facebook.com/pizzeriaSg/,,nessuna-email
https://instagram.com/l.ottavino.montebelluna,,nessuna-email
https://ristoranteannasmania.it/,mirosrls24@gmail.com,statico
https://ristoranteannasmania.it/,ristoranteannasmania@alice.it,statico
https://www.bistrosangiustino.it/,,nessuna-email
https://www.birreriasantantonio.com/,,nessuna-email
https://www.facebook.com/borsabistrotcastelfranco,,nessuna-email
https://www.facebook.com/DaiBraderssrls/,,nessuna-email
https://www.pizzeriamistral.it/,infopizzeriamistral@gmail.com,statico
https://www.lapinetamontello.it/,,nessuna-email
https://meatyourtaste.it/,hello@meatyourtaste.it,statico
https://www.pizzamari.it/,,nessuna-email
https://www.agriturismoalbachero.it/,agriturismoalbachero@gmail.com,statico
https://instagram.com/corten_enoteca_polpetteria,,nessuna-email
http://instagram.com/viziesfizibiadene,,nessuna-email
https://daniko.it/,,timeout
https://ik-poke.it/,,nessuna-email
https://www.barbesin.it/,info@barbesin.it,statico
https://www.spaghetterialatrappola.it/,dinocandeago@live.it,statico
https://it-it.facebook.com/pages/Ristorante-pizzeria-Giorgione/176136832424355,,nessuna-email
https://www.facebook.com/osteriadomori/,,nessuna-email
https://www.facebook.com/PAUSA-12-selfservice-122182121134965/,,nessuna-email
https://www.facebook.com/ostecastelfranco,,nessuna-email
https://m.facebook.com/pages/Osteria-Al-Treno/214970308530147,,nessuna-email
https://mypizzasedico.it/,element@object.kh,statico
https://www.locandacasebortot.it/,info@locandacasebortot.it,statico
https://www.facebook.com/alduomobl,,nessuna-email
https://instagram.com/osteria_la_stezionetta,,nessuna-email
https://excaliburbelluno.it/,,nessuna-email
https://www.facebook.com/amicialmirapiave,,nessuna-email
https://www.facebook.com/bistrobeachbelluno/,,nessuna-email
https://www.pokeclubbelluno.it/,pokeclubbelluno@gmail.com,statico
https://www.pizzacastello.it/,,irraggiungibile
https://www.ristoranteasportotbilisi.it/,elene790@gmail.com,statico
https://www.ristoranteasportotbilisi.it/,info@bdfcommunication.it,statico
https://m.facebook.com/deonbelluno,,nessuna-email
https://www.ristorantealcentrobelluno.it/,info@risorantealcentrobelluno.it,statico
https://www.ristorantealcentrobelluno.it/,info@ristorantealcentrobelluno.it,statico
https://www.ristorantealcentrobelluno.it/,ordini@ristorantealcentrobelluno.it,statico
https://www.aizei.it/,,timeout
https://www.facebook.com/EXPRIMORistorante,,nessuna-email
https://www.instagram.com/gali_belluno,,nessuna-email
http://www.lacaseranevegal.com/,,nessuna-email
https://osteriabelumat.it/,osteria@osteriabelumat.it,render
http://caffebristot.ru/,,timeout
https://instagram.com/labuca_belluno,,nessuna-email
https://www.nogherazza.it/,info@nogherazza.it,statico
https://ristorantealmulino.wordpress.com/,,nessuna-email
https://www.facebook.com/osteriadeltiziano.belluno,,nessuna-email
https://www.ristoranteterracotta.it/,terracottarestaurant@libero.it,statico
http://www.facebook.com/osteriadalbocia,,nessuna-email
https://www.osterialagiraffa.blogspot.com/,la.giraffa@hotmail.it,statico
https://www.facebook.com/scaccomattobelluno/,,nessuna-email
https://www.instagram.com/lacorte_belluno,,nessuna-email
https://pizzeriaeuropavv.it/,info@pizzeriaeuropavv.it,statico
http://www.ristorantedarenzo.eu/,info@ristorantedarenzo.eu,statico
http://www.ristorantedarenzo.eu/,ristorantedarenzo@libero.it,statico
https://www.instagram.com/nuovaosteria/,,nessuna-email
https://www.pizzeriamontegrappa.it/index.html,,nessuna-email
https://vittorio.mulanrestaurant.com/,contact@joinoko.com,statico
https://vittorio.mulanrestaurant.com/,online@www.cnil.fr,statico
https://vittorio.mulanrestaurant.com/,privacy@joinoko.com,statico
https://www.facebook.com/LaSorbettieraGelateria/,,nessuna-email
https://www.castrumdiserravalle.it/,info@castrumdiserravalle.it,statico
https://www.facebook.com/trattoriacoldisalce/,,nessuna-email
https://www.agriturismoilbosco.com/,,nessuna-email
https://www.anticavittorio.it/,info@anticavittorio.it,statico
https://www.anticavittorio.it/,larusticasrl@pec.it,statico
https://fujibelluno.it/,,nessuna-email
https://www.trattoriatiton.it/,info@trattoriatiton.it,statico
https://www.facebook.com/pages/Art-Caf%C3%A8-Le-Maschere/159960194028999,,nessuna-email
https://linktr.ee/marcolino2265,online@www.aaa.com,statico
https://linktr.ee/marcolino2265,only@savagex.com,statico
https://linktr.ee/marcolino2265,only@www.gobble.com,statico
https://www.kebabvittorioveneto.it/,,nessuna-email
https://instagram.com/yogurtlabbelluno,,nessuna-email
https://www.ristorantealpezzo.it/,zordan.donato@libero.it,statico
https://facebook.com/pages/Bar-Gelateria-Al-Vecchio-Forno/112406892152960,,nessuna-email
https://instagram.com/leragazzedelsanmarco,,nessuna-email
https://www.facebook.com/Enoteca-Viale-Trento-Trieste-104941625184752,,nessuna-email
https://www.facebook.com/vecchia.ceneda,,nessuna-email
https://sushishiro.com/,,nessuna-email
http://www.hotelcalvi.it/,info@hotelcalvi.it,statico
http://www.hotelcalvi.it/,infomainor@gmail.com,statico
http://www.hotelcalvi.it/,paperone@milacomm.it,statico
https://cesaregranati.com/2015/09/29/la-leggenda-di-jackie-tonight/,info@cesaregranati.com,statico
https://www.instagram.com/kolonia_osteriacontemporanea/,,nessuna-email
https://barallapesa.com/,filip.m.mf80@gmail.com,statico
http://leggimenu.it/menu/caprivaldagno,assistenza@leggimenu.it,statico
http://leggimenu.it/menu/caprivaldagno,info@leggimenu.it,statico
https://www.facebook.com/pages/River-pub/263933560347452,,nessuna-email
https://www.squisi.com/,,nessuna-email
https://kingpub.it/,,nessuna-email
https://www.facebook.com/lumieresnc2.0/,,nessuna-email
https://www.hotelcalvi.it/hc/,info@hotelcalvi.it,statico
https://www.hotelcalvi.it/hc/,infomainor@gmail.com,statico
https://www.hotelcalvi.it/hc/,paperone@milacomm.it,statico
https://m.facebook.com/Birreria-Plain-720696744678476/,,nessuna-email
https://m.facebook.com/TotosBistrot,,nessuna-email
https://www.facebook.com/corsoitalia47caffe,,nessuna-email
https://www.ilgelataiovaldagno.it/,abuse@company.site,render
https://www.ilgelataiovaldagno.it/,info@ilgelataiovaldagno.it,render
https://www.ristorantelavilla.info/,info@ristorantelavilla.info,statico
https://www.lafavoritabistro.it/,info@lafavoritabistro.it,statico
http://www.lagiarrettieraosteria.it/,,irraggiungibile
https://instagram.com/bar_lido_surfteam,,nessuna-email
http://www.enotecaquick.it/,info@enotecaquick.it,statico
https://www.instagram.com/caffe_garibaldi_valdagno/,,nessuna-email
http://www.hostarialebele.com/,hostarialebele@gmail.com,statico
https://carlotto.it/,info@carlotto.it,statico
https://www.mokacafe.it/,info@mokacafe.it,statico
http://www.veciomulinpizzeria.it/,,nessuna-email
https://taboofoodanddrink.wixsite.com/taboo,taboovaldagnosas@gmail.com,statico
https://hostariavaldagno.altervista.org/,,nessuna-email
https://www.instagram.com/gelateriabellavenezia,,nessuna-email
https://www.instagram.com/kebab_house.it/profilecard/,,nessuna-email
https://www.facebook.com/LaTanaDelLupoValdagno/,,nessuna-email
https://www.trattorianogareo.it/,info@trattorianogareo.it,statico
https://www.instagram.com/ilpiccolocaffe/,,nessuna-email
https://www.facebook.com/laveciafalegnameria,,nessuna-email
https://gerospub.it/,,nessuna-email
https://www.visitalymaps.app/dettagli.php,digitalsolutionmedia@pec.it,statico
https://www.visitalymaps.app/dettagli.php,info@museion.it,statico
https://www.visitalymaps.app/dettagli.php,info@visitalymaps.app,statico
https://www.visitalymaps.app/dettagli.php,registrazione@visitalymaps.app,statico
https://www.facebook.com/pizzaexport1/,,nessuna-email
https://alveciomuin.it/,info@alveciomuin.it,statico
https://www.facebook.com/ConcordiaValdagno,,nessuna-email
https://www.ristorantedaalice.com/,info@ristorantedaalice.com,statico
https://www.facebook.com/buongustaio.dicoccomaurizio,,nessuna-email
https://almessicano.com/,info@almessicano.com,statico
http://www.helmutmogliano.com/,helmutmogliano@gmail.com,statico
http://divinus.eatbu.com/,bardaniele@libero.it,statico
http://divinus.eatbu.com/,divinusmogliano@gmail.com,statico
https://www.facebook.com/BarAePoste/,,nessuna-email
https://www.originedilauragonzo.com/,,nessuna-email
https://wa.me/393891782951,,nessuna-email
https://www.facebook.com/BarPizzeriaSanMarco,,nessuna-email
https://www.instagram.com/pizza_nico/,,nessuna-email
https://www.facebook.com/share/1TrHqeQrfp/,caffeteatro2024@gmail.com,render
http://www.rosapurpurea.it/,,irraggiungibile
http://www.seccocatering.it/,info@seccocatering.it,statico
https://www.lorenzi1927.it/,,nessuna-email
http://www.albergodadanilo.com/,info@albergodadanilo.com,statico
https://www.bistrotaiduecedri.it/,,nessuna-email
https://www.enotecalafenice.it/,enotecalafenice@gmail.com,statico
https://www.facebook.com/Bar-Verdi-546004318824335/,,nessuna-email
https://www.pizzus.it/,info@pizzus.it,render
https://www.casadellapizzamoglianoveneto.it/,info@casadellapizzamoglianoveneto.it,statico
http://www.cucinagrodolce.it/,,irraggiungibile
https://www.anguschurrascaria.it/,,nessuna-email
https://bit.ly/AssaggiBeccofino,,nessuna-email
https://instagram.com/dada.bistrot,,nessuna-email
https://www.instagram.com/blus_wineandbrew,,nessuna-email
https://www.pizzeriagraniantichi.it/,info@pizzeriagraniantichi.it,statico
https://www.pizzeriagraniantichi.it/,ninfo@pizzeriagraniantichi.it,statico
https://www.facebook.com/Pasticceria-San-Marco-411230459049547/,,nessuna-email
https://www.ristorantedabisiolo.it/,info@ristorantedabisiolo.it,statico
https://www.tramesin.it/,tramesin1925@gmail.com,statico
https://www.tramesin.it/,tramesinsnc@legalmail.it,statico
https://www.instagram.com/tortuga2.0mogliano,,nessuna-email
https://www.labaitamogliano.it/,labaitamogliano@libero.it,statico
https://www.hokkaidomogliano.it/,hokkaidomoglianoveneto@gmail.com,statico
https://www.hokkaidomogliano.it/,lezzatos@restaurant.com,statico
https://puroebio.it/,gianluca@puroebio.it,statico
https://puroebio.it/,info@puroebio.it,statico
https://puroebio.it/,luca@puroebio.it,statico
https://puroebio.it/,manuela@unica.bio,statico
https://www.rivetticafe.it/,,irraggiungibile
https://www.pizzeriagraziella.it/,,irraggiungibile
https://www.burgerking.it/ristoranti/veneto/verona/burger-king-legnago/,dpo@burgerking.it,statico
https://www.burgerking.it/ristoranti/veneto/verona/burger-king-legnago/,legal@burgerking.it,statico
https://www.burgerking.it/ristoranti/veneto/verona/burger-king-legnago/,reclami_complimenti@burgerking.it,statico
https://www.osteriadatoma.com/,info@osteriadatoma.com,statico
https://dapino.it/,,nessuna-email
https://www.facebook.com/saormogliano,,nessuna-email
https://www.dabliumogliano.it/,,nessuna-email
https://ducadoc.com/,marco.f.bar@gmail.com,render
https://sanshimoglianoveneto.it/,sanshimoglianosas@open.legal,statico
http://www.lalampadabar.it/,,nessuna-email
https://ristorantelamaisonbleue.it/,contact@ristorantelamaisonbleue.it,statico
https://ristorantelamaisonbleue.it/,tuo@indirizzo.it,statico
https://ai2santi.it/,,nessuna-email
https://www.cateringpergola.com/,info@cateringpergola.com,statico
https://www.cateringpergola.com/,info@hotelpergola.com,statico
https://materiaristorante.it/,gnristorazione@gmail.com,statico
https://tinyurl.com/2nenpn5m,ithacastrategia@gmail.com,statico
https://duchicafe.it/,duchibar@gmail.com,statico
https://www.japanhouse.it/,info@japanhouse.it,statico
https://www.iltorrione.net/,amministrazione@iltorrione.net,render
https://instagram.com/al_basiliko,,nessuna-email
https://www.alturbine.it/,,irraggiungibile
https://bottegaecarega.it/,,nessuna-email
https://m.facebook.com/chioscoffee/,,nessuna-email
https://www.pupitre.it/,info@pupitre.it,statico
https://instagram.com/drop_unusualbar,,nessuna-email
https://ramenshifu.it/mogliano-veneto/#OD3,,nessuna-email
https://www.labottegadelpane.net/,info@labottegadelpane.net,render
https://thecornerverona.com/,info@thecornerverona.com,statico
https://itplaces.me/centro-esportazione-pizze-148253-it,contact@bizsite.link,statico
https://www.instagram.com/che_chebab/,,nessuna-email
https://fioreneroristorante.it/,,nessuna-email
https://www.quartosenso.it/,quartosenso@mypassionsrl.com,statico
https://jurrinaturalmentediversi.it/,info@company.com,statico
https://jurrinaturalmentediversi.it/,jurri.naturalmentediversi@gmail.com,statico
https://jurrinaturalmentediversi.it/,jurrinaturalmentediversi@gmail.com,statico
https://www.lapiadineria.com/,,nessuna-email
https://www.pizzaelgreco.it/,,nessuna-email
https://www.ristorantedaaldo.it/,ristorantealdocerea@gmail.com,statico
https://www.instagram.com/infinity_lougebar,,nessuna-email
https://www.15punto16.it/,15punto16arzignano@gmail.com,statico
https://m.facebook.com/osteriaBalbo/,,nessuna-email
https://www.oldwildwest.it/it/ristoranti/legnago-via-ferrari,legnago@oldwildwest.it,render
https://bit.ly/3vQSzPP,,nessuna-email
https://nanahosteria.it/,nanahosteria@libero.it,statico
https://www.facebook.com/pok.legnago/,,nessuna-email
http://www.facebook.com/Pizzeria-la-Fontana-343975255708980,,nessuna-email
https://www.leggimenu.it/menu/trattoriasalieri/,assistenza@leggimenu.it,statico
https://www.leggimenu.it/menu/trattoriasalieri/,info@leggimenu.it,statico
https://www.leggimenu.it/menu/trattoriasalieri/,mirko.ponzi02@gmail.com,statico
https://www.trerondini.it/,info@trerondini.it,render
https://margheritalegnago.it/,,nessuna-email
https://www.facebook.com/people/Pizzeria-Pharina/61579231799446/,,nessuna-email
https://minfarino.it/,,timeout
https://www.tinteroboat.it/,,nessuna-email
https://www.ilfornocimangiovanni.it/,info@ilfornocimangiovanni.it,statico
https://linktr.ee/Perlapubarzignano,contact@gdprlocal.com,statico
https://linktr.ee/Perlapubarzignano,dpo.support@gdprlocal.com,statico
https://linktr.ee/Perlapubarzignano,online@www.aaa.com,statico
https://linktr.ee/Perlapubarzignano,only@savagex.com,statico
https://linktr.ee/Perlapubarzignano,only@www.gobble.com,statico
https://linktr.ee/Perlapubarzignano,privacy@linktr.ee,statico
https://sandypizza.com/,info@sandypizza.com,statico
https://www.ipergalassia.it/,,nessuna-email
https://itamaps.me/taita-hills-628099-it,contact@emayon.com,statico
https://www.yio.it/,,nessuna-email
https://www.facebook.com/pages/Trattoria-Al-Fil%C3%B2/543850722310083,,nessuna-email
https://www.ristorantefasoshisushi.it/,,timeout
https://www.ziomo.it/,info@ziomo.it,statico
https://m.facebook.com/TrattoriaaiCacciatori/,,nessuna-email
http://www.barstadio.it/,,nessuna-email
https://healthypokebowl.com/,,nessuna-email
https://www.birrificioveneto.com/,,nessuna-email
https://lastuarzignano.it/,,nessuna-email
https://www.daminieaffini.com/,info@daminieaffini.com,statico
https://www.daminieaffini.com/,prenotazioni@daminieaffini.com,statico
https://www.daminieaffini.com/,press@daminieaffini.com,statico
https://www.facebook.com/Bistr%C3%B2-da-Ale-331053634058461/,,nessuna-email
https://www.alcorsothiene.it/,alcorsothiene@gmail.com,statico
https://www.facebook.com/Arzipizza/,,nessuna-email
https://pizzerie.romanticapizza.it/romantica-thiene-11714d71cc43,,nessuna-email
https://www.tuttocapsule.it/,,timeout
https://www.facebook.com/LaBoutiquedellaPizzaArzignano,,nessuna-email
https://www.caffe-nazionale.it/,,nessuna-email
https://www.lablu.eu/,info@lablu.eu,statico
https://m.facebook.com/valleybeerspub/,,nessuna-email
https://www.pizzeriain.it/,,nessuna-email
https://m.facebook.com/baralcantinon,,nessuna-email
http://www.instagram.it/langolodellapizza_arz,,nessuna-email
https://www.fastefusion.it/,info@amdweb.it,statico
https://engimshop.com/,commerciale@engimimpresaformativa.it,statico
https://www.dopoteatro.eu/,,timeout
https://www.caffedegliangeli.net/,info@caffedegliangeli.net,statico
https://www.trattoriapizzeriamolino.it/,,nessuna-email
https://wakopoke.it/,info@wakopoke.it,statico
https://rishisushi.it/thiene/,info@rishisushi.it,statico
https://dueforni.faccilordine.com/,duefornisnc@pec.it,statico
https://dueforni.faccilordine.com/,info@faccilordine.com,statico
https://linktr.ee/pizzeria_da_gianni,contact@gdprlocal.com,statico
https://linktr.ee/pizzeria_da_gianni,dpo.support@gdprlocal.com,statico
https://linktr.ee/pizzeria_da_gianni,online@www.aaa.com,statico
https://linktr.ee/pizzeria_da_gianni,only@savagex.com,statico
https://linktr.ee/pizzeria_da_gianni,only@www.gobble.com,statico
https://linktr.ee/pizzeria_da_gianni,privacy@linktr.ee,statico
https://m.facebook.com/100063575611343/,,nessuna-email
https://www.instagram.com/bistro91_thiene/,,nessuna-email
https://www.americagraffiti.it/,dpo@cigierre.com,statico
https://m.facebook.com/pages/category/Restaurant/fuoriorariothiene/posts/,,nessuna-email
https://bluevibessrl.com/,,nessuna-email
https://instagram.com/botanico87,,nessuna-email
http://www.ristoranti.mcdonalds.it/ristorante/684,,irraggiungibile
https://osterialanticopozzo.com/,,nessuna-email
https://m.facebook.com/gevicodesign,,nessuna-email
https://www.leondororestaurant.com/,,nessuna-email
https://www.pizzeriaallarotonda.it/,,nessuna-email
https://www.facebook.com/pizzeriadagianthiene/,,nessuna-email
https://www.maccabei.it/san-giovanni-lupatoto-verona/,verona@maccabei.it,statico
https://pokeverona.it/,info@thaipoke.it,statico
https://www.brisighellabakerycafe.it/,villafrancadiverona@brisighellabakerycafe.it,statico
https://pizzeriadalkilly.lovable.app/,,nessuna-email
https://rosticceria-oriente.vercel.app/,,nessuna-email
https://www.spazioonline.it/index.php/daisy-pizza-thiene,,nessuna-email
https://instagram.com/barsport.thiene,,nessuna-email
https://www.facebook.com/akropolis.gelateria,,nessuna-email
https://thelegendthiene.it/,,nessuna-email
https://qlenotecaristorantethiene.it/,,nessuna-email
https://fraseteklubbar.shop/,,nessuna-email
https://valhallarockpub.it/,valhallapubthiene@gmail.com,render
https://www.giovannirana.it/ristoranti,,nessuna-email
https://www.pizzeriacuomo.it/,,timeout
https://dannafood.it/,,timeout
https://caffetteria-candian.eatbu.com/,paolo.candian2206@gmail.com,statico
https://tavernettavr.it/,,nessuna-email
https://www.meridianapescheria.com/,,nessuna-email
https://www.tiamocioccolato.com/,enrico.piccolo@francescasrl.com,statico
https://www.tiamocioccolato.com/,francescasrl@gigapec.it,statico
https://www.tiamocioccolato.com/,info@francescasrl.com,statico
https://www.tiamocioccolato.com/,info@tiamocioccolato.com,statico
https://www.tiamocioccolato.com/,privacy@tiamocioccolato.com,statico
https://www.tiamocioccolato.com/,shop@tiamocioccolato.com,statico
https://www.tiamocioccolato.com/,unscribeme@tiamocioccolato.com,statico
https://www.instagram.com/momocafe_verona/,,nessuna-email
https://www.instagram.com/ilblocco___,,nessuna-email
https://www.alphasushi.it/,,nessuna-email
https://www.beeriot.it/,info@beeriot.it,statico
https://egina.net/,eginacwf2018@gmail.com,render
https://www.facebook.com/bar.nightandday/,,nessuna-email
https://mysmart.click/W1Z,,nessuna-email
https://www.facebook.com/pages/category/Pizza-Place/Pizzeria-il-Granaio-103524838016078/,,nessuna-email
https://www.giovannirana.it/,,nessuna-email
https://www.galileoristopub.com/,,nessuna-email
https://m.facebook.com/alla.rotonda.monselice/,,nessuna-email
https://m.facebook.com/alibabakebabpizzeria/,,nessuna-email
https://www.bottegadacqua.it/,info@anticomolino.it,statico
https://www.bottegadacqua.it/,info@bottegadacqua.it,statico
https://the-machine.it/,,nessuna-email
https://www.facebook.com/CaffeArtMonselice/,,nessuna-email
https://www.ristorantelatorremonselice.it/,borin.franca@gmail.com,statico
https://la-mecca-donalds.netlify.app/,,nessuna-email
https://www.fabriscaffe.com/,,nessuna-email
https://riserva2.it/,victorysrl2030@gmail.com,statico
https://www.tocobio.it/,info@tocobio.it,statico
https://www.ristorantelaparentesi.it/,info@ristorantelaparentesi.it,statico
https://www.ristorantelaparentesi.it/,ristlaparentesi@libero.it,statico
https://www.facebook.com/StazioniDelGusto,,nessuna-email
https://www.ristoranteilblue.it/,,nessuna-email
https://archivio62.it/,info@archivio62.it,render
https://www.facebook.com/PiadineriaMonseliceLaTasquita/,,nessuna-email
https://www.misticanza54.it/,,nessuna-email
https://www.parcobuzzaccarini.it/bar-ristorante-pizzeria/,info@euganeamente.it,statico
https://www.parcobuzzaccarini.it/bar-ristorante-pizzeria/,micologicomonselice@gmail.com,statico
https://zhousushi.eatbu.com/,zhoumonselice@gmail.com,statico
https://ziopino.eatbu.com/,ristoziopino@gmail.com,statico
https://www.oldwildwest.it/it/ristoranti/monselice-via-cristoforo-colombo,cigierre@legalmail.it,statico
https://www.oldwildwest.it/it/ristoranti/monselice-via-cristoforo-colombo,dpo@cigierre.com,statico
https://www.oldwildwest.it/it/ristoranti/monselice-via-cristoforo-colombo,monselice@oldwildwest.it,statico
https://www.pasticceriaveruskaeale.it/,info@pasticceriaveruskaeale.it,statico
https://www.pasticceriaveruskaeale.it/,veruska.garbin76@gmail.com,statico
https://m.facebook.com/Osteria-La-Campana-178596432247533/,,nessuna-email
https://www.facebook.com/Pizzeria-AI-FRATI-1539588086265767/,,nessuna-email
https://www.facebook.com/PizzeriaComics/,,nessuna-email
https://www.alimentarimarsiglio.it/,alimentarienoteca.marsiglio@gmail.com,statico
https://www.alimentarimarsiglio.it/,hello@foundry.net,statico
https://www.alimentarimarsiglio.it/,info@alimentarimarsiglio.it,statico
https://www.bedandbreakfastabanoterme.eu/,pittonlina@legalmail.it,statico
https://www.bedandbreakfastabanoterme.eu/,staffsitiprofessionali@gmail.com,statico
https://www.facebook.com/Pizzeria-al-Carmine-757537327713711/,,nessuna-email
https://malevagroup.it/,,nessuna-email
https://www.lamafaldina.it/,,nessuna-email
https://www.pizzadolceesalato.com/,,nessuna-email
https://saporic.com/,,nessuna-email
https://sumishi.it/,,nessuna-email
https://m.facebook.com/trattoriaaimonticelli/,,nessuna-email
https://caliciamo.it/,caliciamoabano@gmail.com,statico
https://bit.ly/m/La-Pizza-da-TE,info@irpcds.org,statico
https://bit.ly/m/La-Pizza-da-TE,padovasegreteria@cittadellasperanza.org,statico
https://bit.ly/m/La-Pizza-da-TE,segreteria@cittadellasperanza.org,statico
https://www.facebook.com/Tuttocapsule.Monselice/,,nessuna-email
https://linktr.ee/PizzeriaRegnum,contact@gdprlocal.com,statico
https://linktr.ee/PizzeriaRegnum,dpo.support@gdprlocal.com,statico
https://linktr.ee/PizzeriaRegnum,online@www.aaa.com,statico
https://linktr.ee/PizzeriaRegnum,only@savagex.com,statico
https://linktr.ee/PizzeriaRegnum,only@www.gobble.com,statico
https://linktr.ee/PizzeriaRegnum,privacy@linktr.ee,statico
https://www.facebook.com/sagradeifrati,,nessuna-email
https://www.tommysushi.it/Home.html,,irraggiungibile
https://www.villacontarini.it/,info@villacontarini.it,statico
https://m.facebook.com/pages/AMERICANINO-drink-food/248082348640829,,nessuna-email
https://www.arnolds.site/,support@gmail.com,statico
https://www.shanarusushi.com/,element@object.kh,statico
https://www.thedutch-bistrot.it/,thedutchabanoterme@gmail.com,statico
https://gmaps.top/bar-american-bar,,nessuna-email
https://www.arhena.it/,arhenasrls@gmail.com,statico
https://www.instagram.com/caber_ristopizza,,nessuna-email
https://www.tantavogliadilei.it/,info@hugelkeller.it,statico
http://www.portogruaro.net/aziende/minisito.php,server@portogruaro.net,statico
https://pizzeriafuorirotta.it/,fuori-rotta@libero.it,render
https://www.facebook.com/pizzeriamontiron,,nessuna-email
https://www.facebook.com/maxpizzafood/,,nessuna-email
https://www.gbhotelsabano.it/it/abano-grand-hotel/naiade/,,nessuna-email
https://www.hotellozodiaco.it/,info@hotellozodiaco.it,statico
https://www.delgusto.it/,,nessuna-email
https://m.facebook.com/Pizzeria-Petrarca-299966963374611/,,nessuna-email
http://pizzeriaisavor.wordpress.com/,,nessuna-email
https://www.instagram.com/eurobarabano,,nessuna-email
https://www.altamareabistrot.it/,info@altamareabistrot.it,statico
https://www.thegrams.it/,,nessuna-email
https://www.facebook.com/RoxyBarAbanoTerme/,,nessuna-email
https://www.instagram.com/ristorante.poesia,,nessuna-email
https://www.nabinaturalbistro.it/,,nessuna-email
https://www.facebook.com/Armonie-di-Caff%C3%A8-Portogruaro-238702069652807/,,nessuna-email
https://www.ristorantespessotto.it/,server@ristorantespessotto.it,statico
https://www.alcampanile.it/,,nessuna-email
https://www.instagram.com/alcanton_portogruaro/profilecard/,,nessuna-email
https://www.teatropietrodabano.it/,teatropietrodabano@gmail.com,statico
https://www.arnoldamericandiner.com/,arnoldamericandiner.vr@gmail.com,statico
https://www.spicygrill.it/,,nessuna-email
https://www.facebook.com/Al-Castello-130257193661099/,,nessuna-email
https://www.animaemusica.com/,,irraggiungibile
https://www.facebook.com/CaffeSguerziPortogruaro,,nessuna-email
https://vecchiopilsen.com/,,nessuna-email
https://www.barberix.com/it,info@barberix.it,statico
https://www.barberix.com/it,server@barberix.com,statico
https://www.pizzanumberone.it/,,nessuna-email
https://www.vinvoglia.it/,info@vinvoglia.it,statico
https://www.vinvoglia.it/,server@vinvoglia.it,statico
https://www.vinvoglia.it/,vinvoglia@legalmail.it,statico
https://www.facebook.com/AlleGru/,,nessuna-email
https://ristorantelascalaabano.it/,,nessuna-email
https://www.instagram.com/buonissimo_kebab_portogruaro/,,nessuna-email
https://www.instagram.com/osteriagigietoni/,,nessuna-email
https://www.lacucinadeimattarelli.it/,%20info@ilristocafe.it,statico
https://www.lacucinadeimattarelli.it/,info@ilristocafe.it,statico
https://www.lacucinadeimattarelli.it/,info@lacucinadeimattarelli.it,statico
https://www.facebook.com/Fantasy-PIZZA-750043145160716/,,nessuna-email
https://liquidspiritcompany.it/,6602liquidspiritcompany@gmail.com,statico
http://www.mcdonalds.it/,,irraggiungibile
https://www.damoligastronomia.it/,gastronomiadamoli@gmail.com,statico
http://www.le-muse.net/,contatto@esempio.it,statico
http://www.le-muse.net/,info@le-muse.net,statico
http://www.le-muse.net/,privacy@le-muse.net,statico
http://instagram.com/enoteca_bar_italia,,nessuna-email
https://www.instagram.com/vineria_shop_winebar/,,nessuna-email
https://www.instagram.com/belka.hamburgeria,,nessuna-email
https://www.ilsignorlievito.it/,info@ilsignorlievito.it,statico
https://www.ilsignorlievito.it/,sanbonifacio@ilsignorlievito.it,statico
https://instagram.com/divinum_1,,nessuna-email
https://www.alportone.com/,info@alportone.com,statico
https://www.hosteriamoderna.com/,,nessuna-email
https://www.ristorantipesceverona.it/,info@ristorantipesceverona.it,statico
https://dillons.it/,info@dillons.it,statico
https://lapizzeriaportogruaro.it/,,nessuna-email
https://www.pizzeriaacquario.com/,,nessuna-email
https://www.larusticasanbonifacio.com/,,nessuna-email
https://www.tavernettaportogruaro.it/,,nessuna-email
https://instagram.com/malorabar,,nessuna-email
https://www.facebook.com/pizzeria5stagioni2/,,nessuna-email
http://www.facebook.com/pizzeriasirio,,nessuna-email
https://enobistrotmarianna.com/,enobistrotmarianna@outlook.it,statico
https://www.hotelstadio.it/,info@hotelstadio.com,statico
https://www.facebook.com/wonderbarsanbonifacio/,,nessuna-email
https://www.cateringsanrocco.com/,3128541info@gastronomiasanrocco.it,statico
https://www.cateringsanrocco.com/,info@gastronomiasanrocco.it,statico
https://www.shily.it/,,nessuna-email
https://www.birrificioestense.it/,,nessuna-email
http://geppettofabaracca.eatbu.com/,,nessuna-email
https://www.incalmoristorante.com/,info@incalmoristorante.com,render
https://linktr.ee/pizzeriamachebonta3,online@www.aaa.com,statico
https://linktr.ee/pizzeriamachebonta3,only@savagex.com,statico
https://linktr.ee/pizzeriamachebonta3,only@www.gobble.com,statico
https://www.facebook.com/BarCogomaePanaroEste,,nessuna-email
https://www.extradryenoteca.com/,extradryenoteca@gmail.com,statico
https://www.facebook.com/Il-Veneziano-2089865801108436/,,nessuna-email
https://www.portavecia.it/,lariservaeste@gmail.com,statico
https://m.facebook.com/pages/category/Personal-Blog/Camaffare-Ad-Este-575517959485060/,,nessuna-email
https://www.facebook.com/Ipotesi-Caf%C3%A8-106460877835257/,,nessuna-email
https://www.pizzeriagigipipa.it/,info@pizzeriagigipipa.it,statico
https://www.manawapoke.com/,,nessuna-email
https://www.menudigitale.io/xvthz,,nessuna-email
https://www.pizzeriapizzetta.it/,,nessuna-email
https://www.instagram.com/labigapizzeria/,,nessuna-email
https://thepublic.it/,,nessuna-email
https://m.facebook.com/pages/Ristorante-Cinese-Zhuang-Yuang-Di-Zhou-Minghua/151339164904198,ristorantecinesezhuangyuan@gmail.com,render
https://www.ristorantelestrie.it/,ristorantelestrie@gmail.com,statico
https://www.busadeibriganti.com/,,timeout
https://www.caravanserrai.it/,,timeout
https://www.instagram.com/la__tige,,nessuna-email
https://www.centoliregardeneste.it/,,timeout
https://www.ilievitati.com/,,nessuna-email
https://barobizzi.shop/,localoria.com@gmail.com,statico
https://www.tanadelluppolo.net/,garante@gpdp.it,statico
https://www.tanadelluppolo.net/,tanadelluppolosrl@legalmail.it,statico
https://www.facebook.com/pages/Ristorante-Passaparola/185823914802074,,nessuna-email
https://it-it.facebook.com/pizzeriaperasportodomino/,,nessuna-email
https://www.facebook.com/PasticceriaCaffetteriAtheste/,,nessuna-email
https://www.facebook.com/potstilleste,,nessuna-email
https://www.facebook.com/Tuttocapsule.Este,,nessuna-email
https://m.facebook.com/Ristorante-lOasi-del-pesce-1571622239765550/,,nessuna-email
https://www.colonnahotel.it/,info@colonnahotel.it,statico
https://m.facebook.com/pages/category/Italian-Restaurant/Trattoria-al-Cavallino-2035681509997499/,,nessuna-email
https://www.pizzeriamcexperience.it/,mcexperience25@gmail.com,statico
https://yumesushieste.it/,,nessuna-email
https://www.ostarianovaeste.com/,,nessuna-email
https://zenzerosushi.eatbu.com/,,nessuna-email
https://fermenta.to/pub/luppolino-pub,info@luppolino.pub,render
https://www.facebook.com/panificio.pasticceria.Cattelan,,nessuna-email
https://www.leondoroeste.it/,,irraggiungibile
https://www.pizzerialacastellanaeste.it/,,irraggiungibile
https://vinno.it/,,nessuna-email
https://www.sagarivideopub.it/,sagarivideopub@virgilio.it,statico
https://www.paginegialle.it/lancenigo-tv/pizzerie/pizzeria-giardino,cybersecurity@italiaonline.it,statico
https://www.paginegialle.it/lancenigo-tv/pizzerie/pizzeria-giardino,info@italiaonine.it,statico
https://www.paginegialle.it/lancenigo-tv/pizzerie/pizzeria-giardino,info@italiaonline.it,statico
https://www.paginegialle.it/lancenigo-tv/pizzerie/pizzeria-giardino,italiaonline@pec-italiaonline.it,statico
https://www.atuttapagina.com/,annapaola.giacomin@gmail.com,statico
https://www.ristoranteiltorchio.eu/,,nessuna-email
https://terrazzam22.it/,terrazzam22@gmail.com,statico
https://www.facebook.com/Caff%C3%A9-XVI-177547529373470/,,nessuna-email
https://www.pizzevia.eu/,pizzevia@gmail.com,statico
http://m.mcdonalds.it/,,irraggiungibile
https://www.facebook.com/pizza.trullo/,,nessuna-email
https://www.vitawinefood.it/,info@vitawinefood.it,render
https://www.barlincontro.it/,erika.cerafischi@libero.it,statico
https://m.facebook.com/pages/category/Diner/Trattoria-Ai-Vivai-156549207778369/,,nessuna-email
https://www.cesavecia.it/,chiesavecchiasnc@gmail.com,render
https://www.mcdonalds.it/ristorante/veneto/padova/albignasego-pd,,irraggiungibile
https://www.cucinoio-bussolengo.it/cucina-tradizionale-da-asporto/cucina-da-asporto.html#menudelgiorno,cucinoio.giulia@gmail.com,statico
https://www.instagram.com/pizzeria_lanterna_albignasego,,nessuna-email
https://www.facebook.com/share/18LG8pfaS4/,,nessuna-email
https://www.hotelkrystal.com/,book@hotelkrystal.com,statico
https://www.hotelkrystal.com/,info@hotelkrystal.com,statico
https://www.hotelkrystal.com/,info@hotelkrystal.it,statico
https://qualitycentroristorazionecps.it/,quality@cps.tv.it,render
https://www.facebook.com/albraciere.steakhouse,,nessuna-email
https://m.facebook.com/pages/category/Restaurant/Bar-Trattoria-La-Stazione-175797139116096/,,nessuna-email
https://www.facebook.com/Angolo-Bar-Carit%C3%A0-359578377547199/,,nessuna-email
https://www.paradisodellafruttavr.com/,paradiso.della.frutta@virgilio.it,statico
https://vitetreviso.it/,dpo@gamelounge.com,statico
https://www.murphyspub.it/,,nessuna-email
https://qrco.de/ritualbar,info@tognetti.ch,statico
https://www.baccabistro.it/,,nessuna-email
https://pizzeriacontempo.it/,,nessuna-email
https://sushirakki.it/,server@sushirakki.it,statico
https://www.lamadia.online/,stefano.mosconi94@gmail.com,statico
https://www.fornettopizzeria.com/,,nessuna-email
https://www.37012.it/,,nessuna-email
https://www.ristorantelocandabordin.it/,,nessuna-email
https://pizzeriagardesana.it/,cmgardesana24@gmail.com,render
https://royalbarsanti.it/,info@royalbarsanti.it,render
https://instagram.com/piccolocafebussolengo,,nessuna-email
https://www.pizza-volante.com/,,nessuna-email
https://www.ocabiancamirano.it/,info@ocabiancamirano.it,statico
https://www.ocabiancamirano.it/,ocabiancamirano@live.it,statico
https://www.ocabiancamirano.it/,privacy@ocabiancamirano.it,statico
https://hamasushi.it/bussolengo/,hamabussolengo@gmail.com,statico
https://www.albergoromavr.it/,info@albergoromavr.it,statico
https://www.alvolo.info/,,irraggiungibile
https://www.facebook.com/integralemirano,,nessuna-email
https://www.hayashi-verona.it/,info@hayashi-verona.it,render
https://www.ristoranteilpendolo.com/,,irraggiungibile
https://www.facebook.com/paninontoebirabona,,nessuna-email
https://www.pasticceriaalessia.it/,,nessuna-email
https://www.facebook.com/share/1Rbw8MAtyC/,,nessuna-email
https://www.instagram.com/albaretto_mirano/,,nessuna-email
https://www.damanuel.it/,,nessuna-email
https://www.lafavoritaportoviro.it/,pizzeria_la_favorita@yahoo.it,statico
https://www.instagram.com/gens_mirano/profilecard/,,nessuna-email
https://centroemisferomirano.it/scheda-negozio/orange-bar/,,nessuna-email
https://www.instagram.com/pescoteca_mirano,,nessuna-email
https://www.signortaglieredalbaffo.it/,info@signortaglieredalbaffo.it,statico
https://go.ordelivery.shop/#/restaurantPage,,nessuna-email
https://www.ristorantelocanda7mari.com/,info@ristorantelocanda7mari.it,render
https://m.facebook.com/miranoskk/,,nessuna-email
https://ristoranteego.it/,info@ristoranteego.it,render
https://pizza-planet.pomoai.it/,pizzaplanetpv@gmail.com,render
https://alpiccione.it/,,nessuna-email
https://www.facebook.com/labugia.ristorantepizzeria/,,nessuna-email
https://www.osterialportego.com/,,nessuna-email
https://kaferouge.it/,barkaferouge@gmail.com,statico
https://www.elbacaro.it/,,irraggiungibile
https://www.facebook.com/CaSolareNew/,,nessuna-email
https://osteriaveneta.eu/,,irraggiungibile
https://www.lamontaninamirano.com/,,nessuna-email
https://meallcafe.it/,,nessuna-email
https://pizzeriamarcellino.it/,,nessuna-email
https://www.alcastellomirano.it/,,nessuna-email
https://www.facebook.com/pizzeriailquadrifogliocittadella/,,nessuna-email
https://www.rishisushi.it/,info@rishisushi.it,statico
https://pizzasmilegroup.it/portoviro/,info@gruppotessarin.it,render
https://www.bartrattoriadaclaudio.it/,bartrattoriadaclaudio@gmail.com,statico
https://trattoriailcampanello.shop/,localoria.com@gmail.com,statico
https://instagram.com/cantinetta2.0,,nessuna-email
https://nicospizza.it/,info.nicospizza@gmail.com,statico
https://villagiustinian.wixsite.com/villagiustinian,villagiustinian46@gmail.com,statico
https://www.ik-poke.it/,,nessuna-email
https://www.ladonada.it/,,irraggiungibile
https://www.hotelnuovosolehns.com/,hotelnuovosolehns@gmail.com,statico
https://www.oramenu.it/barborsa,,nessuna-email
https://milano35013.it/,caffemilanocittadella@gmail.com,render
https://www.instagram.com/legiraffe_cittadella,,nessuna-email
https://birrettebar.it/locali-birrette/birrette-cittadella/,,nessuna-email
https://www.daifradei.it/ristorante-bovolone,info@daifradei.it,statico
https://www.daifradei.it/ristorante-bovolone,info@dfrestaurant.it,statico
https://instagram.com/labpastry_coffee,,nessuna-email
https://www.lanternaverdebovolone.it/,info@lanternaverdebovolone.it,statico
https://www.lanternaverdebovolone.it/,pizzerialanternaverde@gmail.com,statico
https://it-it.facebook.com/Caff%C3%A8-Diemme-Ristopizza-Iperlando-544612775729737/,,nessuna-email
https://www.instagram.com/castigamatti.pizzeria,,nessuna-email
https://www.euphoriarestaurant.it/,,irraggiungibile
https://www.facebook.com/passionepizzapozzetto,,nessuna-email
https://www.cremglasse.it/,info@cremglasse.com,statico
https://www.instagram.com/pancho.icecream/,,nessuna-email
https://www.facebook.com/pages/category/Italian-Restaurant/Ristorante-Da-Godi-117538288302663/,,nessuna-email
https://ristoranteibeicittadella.it/,,nessuna-email
https://pequenobistro.it/,info@pequenobistro.it,statico
https://pequenobistro.it/,manuel.barbiero@inhertzweb.agency,statico
https://zanettifood.com/,info@zanettifood.com,render
https://www.misushibovolone.it/,misushi1688@gmail.com,statico
https://hotelristorantedagianni.it/,,nessuna-email
https://www.facebook.com/pages/Rosa-Blu-Ristorante-Pizzeria/250326011720439,,nessuna-email
https://www.caffetteriaorologio.it/,info@caffetteriaorologio.it,statico
https://dakotapub.it/,info@gruppotalea.com,render
https://www.inegozidibovolone.it/pizzeria_federica/,1769676sandra@confcommercioverona.it,statico
https://www.inegozidibovolone.it/pizzeria_federica/,9365319info@agenizalombardo.com,statico
https://www.inegozidibovolone.it/pizzeria_federica/,inegozidibovolone@gmail.com,statico
https://www.inegozidibovolone.it/pizzeria_federica/,info@agenizalombardo.com,statico
https://www.inegozidibovolone.it/pizzeria_federica/,sandra@confcommercioverona.it,statico
https://www.instagram.com/boutiquedellapizzavr,,nessuna-email
https://nagoyasushibovolone.it/,,nessuna-email
https://www.facebook.com/gastronomia.damarco,,nessuna-email
https://www.facebook.com/Pizzeria-Agli-Amici-107404312671821/,,nessuna-email
https://www.instagram.com/night.and.day.pubirlandese/,,nessuna-email
https://www.ellinikon.it/,info@ellinikon.it,statico
https://ristorantexuan.it/,info@uliannet.eu,render
https://associazioneorodinapoli.com/,,nessuna-email
https://it-it.facebook.com/pages/category/Local-Business/Pizzeria-Azzurra-a-Bovolone-649716281726561/,,nessuna-email
https://www.sineristopub.it/,lorybamby7@gmail.com,statico
https://www.pizzeriaboomerang.it/,pizzeriaboomerang@gmail.com,statico
https://taplink.cc/toppizza,,nessuna-email
https://www.capolinea309.it/,,nessuna-email
https://www.instagram.com/movembik/,,nessuna-email
https://eurasia-sushi.com/,,nessuna-email
https://www.panificiofinotti.it/,panificiofinotti@gmail.com,statico
https://locandadelre.netlify.app/,buckiducki43@gmail.com,statico
https://locandadelre.netlify.app/,locandadelre.ristorantebar@gmail.com,statico
https://www.pizzeriailmelograno.com/,,irraggiungibile
https://www.auroraristorantefeltre.com/,ristoranteaurorasrl@gmail.com,render
http://www.instagram.com/officinadellapizza,,nessuna-email
http://www.osteriacrash.it/,benvenuti@osteriacrash.it,statico
https://www.facebook.com/Il-Baretto-680088402054073/,,nessuna-email
https://osteriadelpescenonsolo.it/,osteriadelpescenonsolo@gmail.com,render
https://www.facebook.com/La-mosca-bianca-148823058621689/,,nessuna-email
http://www.paginegialle.it/lacalieraristorantepizzeria,lacalierals@gmail.com,render
https://ordina.pizzeriapeperoncino.it/,,nessuna-email
https://birronebar.it/locali-birrone/birrone-brew-bar/,,timeout
https://www.bazabocibo.it/,,irraggiungibile
https://www.doctorpizzavigonza.it/,,timeout
https://www.ristorantealbergosanmauro.com/,locandasanmauro@alice.it,statico
https://pizzeriabellagioventu.eatbu.com/,diamante.mantese@gmail.com,statico
http://pizzeriailmurettoanticaroma.it/listino-pizzeria-il-muretto/,,timeout
http://pizzeriailmurettoanticaroma.it/listino-pizzeria-antica-roma/,,timeout
https://millesaporiportoviro.it/,,nessuna-email
https://www.yamadaristorante.it/,zwlzax@gmail.com,statico
https://www.lecaserosse.it/,info@lecaserosse.it,statico
https://it-it.facebook.com/Pasticceria-Porto-Viro-817223768327660/,,nessuna-email
https://www.fermentazioni.net/,,nessuna-email
https://mizuristorantefelt.wixsite.com/asiann,,nessuna-email
"Pizzeria & Locanda""",,irraggiungibile
https://hosteriaborgodieci.altervista.org/,vanessa.ferigolli@me.com,statico
https://www.instagram.com/altanonbistro,,nessuna-email
https://www.agrifastfood.com/,,nessuna-email
https://www.villapozzani.it/,utente@dominio.com,statico
https://www.5sensi.it/,amministrazione@pec.5sensi.it,statico
https://www.5sensi.it/,e.bassan@dataprotectionofficer.cloud,statico
https://www.5sensi.it/,info@5sensi.it,statico
https://www.lapizzadaumberto.it/,info@lapizzadaumberto.it,statico
https://www.instagram.com/baretto.al.duomo,,nessuna-email
https://www.instagram.com/vaporetto_bar,,nessuna-email
https://www.ristorantemrsinghmalo.it/,info@ristorantemrsinghmalo.it,statico
https://www.ristorantemrsinghmalo.it/,ristorantemrsingh@gmail.com,statico
https://osteriacolombina.it/,,nessuna-email
https://www.facebook.com/Osteria-Villabruna-286045055207003/,,nessuna-email
https://www.lanoghera.com/,,nessuna-email
http://www.lacasona.it/,info@lacasona.it,render
http://www.lacasona.it/,vini@lacasona.it,render
https://www.instagram.com/bariole_/,,nessuna-email
https://m.facebook.com/sottosopracafefeltre/,,nessuna-email
https://www.rifugioilghebo.it/,,nessuna-email
https://giovannidonnarumma.wixsite.com/centrogiovanilemalo,,nessuna-email
https://www.albergominuetto.it/,info@albergominuetto.it,statico
https://m.facebook.com/shanghaisushifeltre/,,nessuna-email
https://www.hotelleonbianco.eu/,info@hotelleonbianco.com,statico
https://www.leandrianelle.it/,info@leandrianelle.it,statico
https://blackholepub.it/,info@blackholepub.it,statico
https://www.ristorantealviandante.com/,lucianomanfrin52@gmail.com,statico
https://www.ristorantealviandante.com/,manfri.m77@gmail.com,statico
https://www.hotelstelladitalia-adria.it/,info@hotelstelladitalia-adria.it,statico
https://www.locandadelmusso.it/,info@locandadelmusso.it,statico
https://www.adriabnb.it/,appartamentisoleil@gmail.com,statico
https://it-it.facebook.com/Ammacaffelounge/,,nessuna-email
https://www.labirreriapedavena.it/,,timeout
https://www.sushiebartaiyo.com/,contact@joinoko.com,statico
https://www.sushiebartaiyo.com/,online@www.cnil.fr,statico
https://www.sushiebartaiyo.com/,privacy@joinoko.com,statico
https://greenpizza.it/,%20info@greenpizza.it,render
https://greenpizza.it/,info@greenpizza.it,render
http://www.albergoalsolemalo.it/,,nessuna-email
https://m.facebook.com/kelihelmi/,,nessuna-email
https://www.facebook.com/photo.php,,nessuna-email
https://tresette.eatbu.com/,sara.abedinaj@gmail.com,statico
https://www.facebook.com/atipicoadria/,,nessuna-email
https://casciroccoadria.myadj.it/,,nessuna-email
https://www.facebook.com/kiyomi.adria.ristorante,,nessuna-email
https://trattorialarosablu.it/,info@trattorialarosablu.it,statico
https://linktr.ee/birradrome,birradrome@gmail.com,statico
https://linktr.ee/birradrome,contact@gdprlocal.com,statico
https://linktr.ee/birradrome,dpo.support@gdprlocal.com,statico
https://linktr.ee/birradrome,online@www.aaa.com,statico
https://linktr.ee/birradrome,only@savagex.com,statico
https://linktr.ee/birradrome,only@www.gobble.com,statico
https://linktr.ee/birradrome,privacy@linktr.ee,statico
https://instagram.com/athena.bar.adria,,nessuna-email
https://pizzeriaveneta.it/,%20info@pizzeriaveneta.it,statico
https://pizzeriaveneta.it/,info@pizzeriaveneta.it,statico
https://paninotecafamechimicadc.lovable.app/,,nessuna-email
https://www.facebook.com/uncino.galleryadria/,,nessuna-email
https://www.instagram.com/ristorante_enoteca_allo_scalo,,nessuna-email
https://www.saporidelgranocavarzereadria.it/,,nessuna-email
https://www.daipizza.com/,info@daipizza.com,statico
https://m.facebook.com/pizzeriapianetarosa/,,nessuna-email
https://www.daifradei.it/,info@daifradei.it,statico
https://www.daifradei.it/,info@dfrestaurant.it,statico
https://www.lsdraft.it/,info@lsdraft.it,statico
https://www.k-farmresort.com/,,irraggiungibile
https://pizzeriatantarobabeershop.it/,,nessuna-email
https://locandadivinis.com/,info@locandadivinis.com,statico
https://locandadivinis.com/,locandadivinis@gmail.com,statico
https://pizzasmilegroup.it/adria/,info@gruppotessarin.it,render
https://oliverpasticceria.it/,,irraggiungibile
https://www.lafavellina.it/,,irraggiungibile
http://www.albergoristorantepizzeriarudy.it/,,nessuna-email
https://www.trapperbuffo.it/,contatto@esempio.it,statico
https://www.trapperbuffo.it/,trapperbirreria@gmail.com,statico
https://www.facebook.com/BO-Buffo-Osteria-452707348840993,,nessuna-email
https://www.instagram.com/3monkeyscerea/,,nessuna-email
https://www.aquaepolveri.com/,if.pec@verimail.it,statico
https://orsolounge.it/,,nessuna-email
http://bottegadelcaffedersut.it/botteghe-dersut,accademia@dersut.it,render
http://bottegadelcaffedersut.it/botteghe-dersut,dersutcaffe@legalmail.it,render
http://bottegadelcaffedersut.it/botteghe-dersut,info@dersut.it,render
http://bottegadelcaffedersut.it/botteghe-dersut,mario@rossi.it,render
http://bottegadelcaffedersut.it/botteghe-dersut,shop@dersut.it,render
https://www.ristorantecatakea.com/,catakearistorante@gmail.com,statico
https://www.gastronomialequattrostagioni.it/,,irraggiungibile
http://orignalekebab.weebly.com/,orignalekebab@gmail.com,statico
https://colroigo.com/,info@colroigo.com,statico
https://colroigo.com/,osteriacolroigo@legalmail.it,statico
https://colroigo.com/,protocollo@gpdp.it,statico
https://colroigo.com/,protocollo@pec.gpdp.it,statico
https://www.facebook.com/laghettorosacerea/,,nessuna-email
https://www.bottegaecarega.it/,,nessuna-email
https://www.albergomolteni.it/,,irraggiungibile
https://www.dipastamadre.it/,,nessuna-email
http://www.facebook.com/ilChioscoCerea,,nessuna-email
https://www.facebook.com/gelateria.dolores,,nessuna-email
https://www.instagram.com/kori_gelato,,nessuna-email
https://www.facebook.com/pasticcerialanza/,,nessuna-email
https://fourstreetbar.shop/,fourstreetbar.shop@gmail.com,statico
https://negozi.sisal.com/my-sisal/romano-d-ezzelino-via-borgo-3-bar-fantasy,,irraggiungibile
https://www.americanhousegrill.it/,,nessuna-email
https://www.sasristorante.it/,,nessuna-email
https://vecchiosole.com/,,nessuna-email
https://www.instagram.com/rumblingpub,,nessuna-email
https://www.barboscos.com/,,nessuna-email
https://www.pizzeriacomevuoitu.it/,info@pizzeriacomevuoitu.it,statico
https://www.pizzeriananni.com/,info@pizzeriananni.com,statico
https://trattoriadanorge.it/,info@trattoriadanorge.it,statico
https://caapollonio.com/menu-bistrot/,,nessuna-email
https://www.danunzietti.com/,da.nunzietti@gmail.com,statico
https://www.fornetteria.it/,server@fornetteria.it,statico
https://www.facebook.com/Cantina-Ca-Cornaro-658809957490669/,,nessuna-email
https://www.instagram.com/locanda_al_leone,,nessuna-email
https://www.birrerianoes.com/,sncnoes@gmail.com,render
https://www.instagram.com/daicompari_foodanddrink/,,nessuna-email
https://www.pontepaoletti.it/,pontepaoletti@virgilio.it,statico
https://m.facebook.com/pages/category/Bakery/Panificio-Cremasco-103819424838112/,,nessuna-email
http://portal.pointsme.it/s/ViOBFijd,,nessuna-email
https://galleria46.it/,info@galleria46.it,statico
https://pizzerialaroda.eatbu.com/,pizzerialaroda@libero.it,statico
https://www.facebook.com/magicaffe.rosa.hu,,nessuna-email
https://www.facebook.com/p/Squisi-Pizza-2-Milo-Ciro-100057036386614/,,nessuna-email
https://www.rosaflor.it/content/79-flora-cafe-bar-pasticceria-bassano,,nessuna-email
https://www.lacasadeigelsi.it/,info@lacasadeigelsi.it,render
https://www.fadopub.com/,,nessuna-email
https://www.trattoriailpavone.com/,,timeout
https://www.trattorialabusa.com/,info@trattorialabusa.com,statico
https://www.instagram.com/alchiosco_cadolfin,,nessuna-email
http://www.facebook.com/pizzeriavince,,nessuna-email
https://linktr.ee/basiliko_pizzeria,online@www.aaa.com,statico
https://linktr.ee/basiliko_pizzeria,only@savagex.com,statico
https://linktr.ee/basiliko_pizzeria,only@www.gobble.com,statico
https://www.facebook.com/caffetteriaalduomo/,,nessuna-email
https://m.facebook.com/PizzeriaAlQuadrifoglio/,,nessuna-email
https://www.cortequadri.it/,hotel@cortequadri.it,statico
https://www.cortequadri.it/,hotel@pec.cortequadri.it,statico
https://www.parcovecchiomulino.com/,,irraggiungibile
https://www.instagram.com/forneria.al.ponte,,nessuna-email
https://www.facebook.com/Sushi-Oishi-602119616628015/,,nessuna-email
https://www.agriturismoalquindici.it/,booking@agriturismoalquindici.it,statico
https://www.agriturismoalquindici.it/,info@agriturismoalquindici.it,statico
https://fantapizza.wordpress.com/,,nessuna-email
https://www.specialpub.it/,,irraggiungibile
https://www.facebook.com/anticagelaterialonigo/,,nessuna-email
https://m.facebook.com/PizzaMiaRoncaglia/,,nessuna-email
https://panzere.it/punti-vendita,amministrazione@panzere.it,statico
https://panzere.it/punti-vendita,cristianraineri74@gmail.com,statico
https://panzere.it/punti-vendita,info@lapanzerotteriauniversita.it,statico
https://panzere.it/punti-vendita,info@panzere.it,statico
https://panzere.it/punti-vendita,infofranchising@panzere.it,statico
https://www.pizzeriariver.com/,riverpizzeria@gmail.com,statico
https://ellencafe.com/,info@ellencafe.com,render
http://portal.pointsme.it/s/ViOBFhL7,,nessuna-email
https://www.facebook.com/people/Pizzeria-Stop/100064729910103/,,nessuna-email
https://hotelalleacque.it/,info@hotelalleacque.it,statico
https://www.perfettaletizialonigo.it/,perfettaletiziacoop@gmail.com,render
https://laltrocarlore.it/,laltrocarlore@gmail.com,statico
https://www.vibepub.it/,vibepubsrl@gmail.com,statico
https://www.agriturismoalcasale.it/,info@agriturismoalcasale.it,render
https://m.facebook.com/Dolce.Sicilia.Lonigo/,,nessuna-email
https://www.facebook.com/pages/Dulcis/169427373139203,,nessuna-email
https://www.facebook.com/countrylabpizzaefood,,nessuna-email
https://m.facebook.com/barbottegon.dallateresa,,nessuna-email
https://www.gastronomiaigiovanileoni.it/,carlo.zampieri2004@libero.it,render
https://www.gastronomiaigiovanileoni.it/,template-new-valeria@gmail.com,render
https://osteriadelgua.it/,info@osteriadelgua.it,statico
https://www.alleacque.it/,,nessuna-email
https://ariston-di-mac-sabry.com/,assistenza@webador.it,statico
https://ariston-di-mac-sabry.com/,info@ariston-di-mac-sabry.com,statico
https://www.facebook.com/movidadiscofood/,,nessuna-email
https://www.crakbrewery.com/taproom-crak/,info@crakbrewery.com,statico
https://ilchioscopasticceria.it/,,nessuna-email
https://www.maxmusicpub.it/,info@maxmusicpub.it,statico
https://m.facebook.com/limbopublonigo/,,nessuna-email
https://www.amisushipadova.it/,amisushi.padova@gmail.com,statico
https://m.facebook.com/pizzeriadiviabonioli/,,nessuna-email
https://www.instagram.com/osteria_del_baffo_,,nessuna-email
https://negozi.sisal.com/my-sisal/zevio-via-altichiero-158-caffe-brutti,,irraggiungibile
http://losteriadimezzo.it/,,nessuna-email
https://www.lapeca.it/,info@lapeca.it,statico
https://www.quid-bar.it/,quid.campodarsego@gmail.com,statico
https://www.n1ristorazione.it/,numerouno@ristorazione.eu,statico
https://www.n1ristorazione.it/,verona@ristorazione.eu,statico
https://linktr.ee/napoleonebistrot,contact@gdprlocal.com,statico
https://linktr.ee/napoleonebistrot,dpo.support@gdprlocal.com,statico
https://linktr.ee/napoleonebistrot,online@www.aaa.com,statico
https://linktr.ee/napoleonebistrot,only@savagex.com,statico
https://linktr.ee/napoleonebistrot,only@www.gobble.com,statico
https://linktr.ee/napoleonebistrot,privacy@linktr.ee,statico
https://www.ristoranteorangerie.com/,info@ristoranteorangerie.com,statico
https://m.facebook.com/pages/category/Pizza-Place/Pizzeria-The-Bridge-476179499097290/,,nessuna-email
https://www.instagram.com/sottosopralonigo/tagged/,,nessuna-email
https://www.societaagricolacallegaro.com/,societaagricolacallegaro@gmail.com,render
https://m.facebook.com/pizzeriadanandozevio/,,nessuna-email
https://lieviteria.it/,,nessuna-email
https://www.pizzeriaalvolo.com/,,irraggiungibile
https://www.madrepizza.net/,,nessuna-email
https://www.cremeriadegusti.com/,hello@cremeriadegusti.com,statico
https://www.ciropizza.it/,ciropizzasrl@gmail.com,statico
https://www.instagram.com/pizzeriamillennium_/profilecard/,,nessuna-email
http://www.cortepellegrini.com/,info@cortepellegrini.com,statico
https://www.aidoforni.it/,,nessuna-email
https://www.chickenbot.it/,chickenbotvr@gmail.com,statico
https://www.chickenbot.it/,commerciale@chickenbot.it,statico
https://www.chickenbot.it/,info@chickenbot.it,statico
https://www.chickenbot.it/,pacengo@chickenbot.it,statico
https://www.chickenbot.it/,torino@chickenbot.it,statico
https://www.chickenbot.it/,verona@chickenbot.it,statico
https://locandamarcellise.it/,info@locandamarcellise.it,statico
https://locandamarcellise.it/,locandamarcellise@gmail.com,statico
https://www.facebook.com/Civico41-1505642462898698/,,nessuna-email
https://www.aziendaagricolafugologianluca.it/,aziendaagricolafugologianluca@gmail.com,statico
http://www.aquardens.it/,corsi@aquardens.it,render
http://www.aquardens.it/,massage.beauty@aquardens.it,render
http://www.aquardens.it/,medicalcenter@aquardens.it,render
https://www.bbalfondaco.it/,info@bbalfondaco.it,statico
https://bit.ly/m/Sapori_di_Casa_Mia_Lonigo,,timeout
https://instagram.com/baraimorti,,nessuna-email
https://pizzerie.romanticapizza.it/romantica-verona-917696a14f8f,,nessuna-email
https://www.instagram.com/dolceequilibrio/,,nessuna-email
https://linktr.ee/in_granum,online@www.aaa.com,statico
https://linktr.ee/in_granum,only@savagex.com,statico
https://linktr.ee/in_granum,only@www.gobble.com,statico
http://www.locandaparadisodaleoegio.com/,osteleo@gmail.com,statico
https://enbocon.com/,pizzeriaenbocon@gmail.com,statico
https://www.trattorianalin.com/,,nessuna-email
http://theloft37.it/,infotheloft37@gmail.com,statico
https://morofreoni.it/,info@morofreoni.it,statico
https://www.facebook.com/Pasticceria-San-Martino-101271448777763/,,nessuna-email
https://venika.it/,,nessuna-email
https://pattyasporto.eatbu.com/,benedettimarco@hotmail.com,statico
https://www.pizza-ninja.it/,,nessuna-email
https://www.gelateriacalifornia.it/,info@gelateriacalifornia.info,statico
https://www.gelateriacalifornia.it/,info@gelateriacalifornia.it,statico
https://acuolina.com/it/arena-gourmet/5f02cef6e1e2790023077044,hello@acuolina.com,statico
https://www.ristoranteamista.com/,events@byblosarthotel.com,statico
https://www.ristoranteamista.com/,info@byblosarthotel.com,statico
https://www.ristoranteamista.com/,info@ristoranteamista.it,statico
https://www.ristoranteamista.com/,marketing@byblosarthotel.com,statico
https://www.cortefelisse.it/,info@cortefelisse.it,statico
https://www.ristorantedagiovanni.it/,,timeout
http://www.instagram.com/cipassopizzagram,,nessuna-email
https://ristorantepizzerialatonda.com/,,nessuna-email
https://www.pizzeriabonnieclyde.com/,davidemichelotti@libero.it,statico
https://gomez-cucina-e-cantina.eatbu.com/,gomez.cucinaecantina@gmail.com,statico
http://www.gallinero.it/,gallinero.vr@gmail.com,statico
http://www.gallinero.it/,info@gallinero-verona.it,statico
https://instagram.com/dream_cafe_pescantina,,nessuna-email
https://www.valpoland.it/aree/ristorante-bar/,info@valpoland.it,statico
https://www.pasticceriaaltempio.it/,pasticceriaaltempio@gmail.com,statico
https://www.facebook.com/pages/GILLY%20caff%C3%A8/110381121869018/,,nessuna-email
https://lecaprettefamilyranch.it/,,nessuna-email
https://www.instagram.com/osterialapignata_vr/,,nessuna-email
https://www.angolodinapoliverona.it/,,timeout
https://www.alboscoenoteca.it/,alboscoenoteca@gmail.com,statico
https://www.facebook.com/Apeperoncino-175745909261438/,,nessuna-email
https://www.pizzaway.it/,help@flipdish.com,statico
https://www.ilsitodiama.it/,info@ilsitodiama.it,statico
https://locandabuglioni.it/,eventi@buglioni.it,statico
https://www.ristoranteromeo.it/,info@ristoranteromeo.it,statico
https://www.hosteriamoranda.it/,lamorandadimarsrls@gmail.com,statico
https://www.pizzeriasilvio.com/,info@pizzeriasilvio.com,statico
https://revebar.eatbu.com/,,nessuna-email
https://www.pizzeriasettimocielo.net/,info@pizzeriasettimocielo.net,statico
https://www.antichisaporitrattoria.it/,antichisapo@pec.it,statico
https://www.antichisaporitrattoria.it/,info@antichisaporitrattoria.it,statico
http://www.mondogelato.net/,info.mondogelato@icloud.com,statico
https://www.dorioristorante.it/,info@dorioristorante.it,statico
https://rossopeperone.net/,,nessuna-email
https://www.ristorantegiapponeseasahi.com/,linweifeng14061983@gmail.com,statico
https://www.instagram.com/puntopizzapescantina/,,nessuna-email
https://montblancgrill.it/,info@montblancgrill.it,statico
https://www.facebook.com/pizzeriagnamgnam22,,nessuna-email
https://lievitarti.com/pages/lapizza,,nessuna-email
https://quintoquartorestaurant.it/,,nessuna-email
https://hostariadiviaroma.com/,info@hostariadiviaroma.com,statico
https://www.pizzastation.it/,,nessuna-email
https://www.ilristorantelapieve.it/,info@lapievehotel.it,statico
https://www.ristoranteilgeko.it/,,nessuna-email
https://pizzeriadamara.it/,element@object.kh,statico
https://www.belie.it/,hotel@belie.it,statico
https://www.lapievehotel.it/,info@lapievehotel.it,statico
https://booxit.it/app/ruisushi,,nessuna-email
https://chicaboom.it/,lucaandreazza@libero.it,render
https://www.justeat.it/restaurants-pizzeria-giotto-20-mejaniga/menu,,nessuna-email
https://www.qualter.it/,,nessuna-email
https://m.facebook.com/pizzapiccadilly/,,nessuna-email
https://unaltrastoria.eatbu.com/,unaltrastoriadisara@pec.it,statico
https://www.latortelliniexpress.it/,lunardistefano@yahoo.com,statico
https://www.facebook.com/blacklotuspub.sanmartinodilupari/,,nessuna-email
http://www.ristoranteborgoantico.com/,,timeout
https://mammagiopizzeriafriggitoria.it/,info@localweb.it,statico
https://mammagiopizzeriafriggitoria.it/,orjon.nallbati@onlawoffice.com,statico
https://mammagiopizzeriafriggitoria.it/,privacy@localweb.it,statico
https://mammagiopizzeriafriggitoria.it/,rizzimichele396@gmail.com,statico
https://alpellegrinochiampo.it/,stellinapieropan@email.it,statico
https://www.latorera-ristorante.it/,info@latorera-ristorante.it,statico
https://www.trattoriagiordani.it/,info@trattoriagiordani.it,statico
https://www.gabriegiorgio.it/,,nessuna-email
https://instagram.com/il_caffe.duomo,,nessuna-email
https://www.instagram.com/elite.bistrot/,,nessuna-email
https://lasdosfridas.it/,lasdosfridas.bykarla@gmail.com,statico
https://www.bertoldibarbecue.it/,,nessuna-email
https://www.al-fogher.it/,info@al-fogher.it,statico
https://www.alpontetrattoria.it/,,nessuna-email
https://instagram.com/saporidilaura,,nessuna-email
https://www.instagram.com/illory24,,nessuna-email
https://www.ristorantealtorcio.it/,info@ristorantealtorcio.it,statico
https://www.ilgransodigigi.it/,algransosnc@pec.it,statico
https://www.ilgransodigigi.it/,pendreaserafin@live.it,statico
http://www.pizzeriaelsombrero.eu/,contatto@esempio.it,statico
https://trattoriaalbergo-alla-stella.italyrelax.top/,,nessuna-email
https://nanasushi.it/,,nessuna-email
https://www.facebook.com/share/1ArJgQqnEs/,,nessuna-email
https://lapistacamponogara.it/,centrolapista1@gmail.com,statico
https://www.facebook.com/dolomitiquattroarchi,,nessuna-email
https://www.facebook.com/osteriacraste/,,nessuna-email
https://linktr.ee/marearestaurantjesolo,online@www.aaa.com,statico
https://linktr.ee/marearestaurantjesolo,only@savagex.com,statico
https://linktr.ee/marearestaurantjesolo,only@www.gobble.com,statico
https://www.facebook.com/augustocamponogara,,nessuna-email
https://facebook.com/elvispizzacamponogara/,,nessuna-email
https://www.alfritoin.it/,fritoin.jesolo@gmail.com,statico
https://www.alfritoin.it/,info@mobydick.it,statico
https://www.amantejesolo.it/,,nessuna-email
https://www.nicegelateria.it/,info@nicegelateria.it,statico
https://osteriafragoloso.shop/,localoria.com@gmail.com,statico
https://www.fishermanjesolo.it/,fishermanjesolo@gmail.com,statico
https://darocco.shop/,,nessuna-email
https://www.jolaemotionalcuisine.com/,jola@j44hoteljesolo.it,statico
https://www.larusticajesolo.it/,larusticajesolo@gmail.com,statico
https://www.larusticajesolo.it/,larusticapizza@pec.it,statico
https://www.ricarocaristorantepizzeriajesolo.com/,ricarocajesolo@gmail.com,render
https://www.happydays1988.it/en,info@esempio.it,statico
https://www.happydays1988.it/en,info@happydaysjesolo.it,statico
https://www.facebook.com/lafrascajesolo,,nessuna-email
http://www.galeoneveneziano.it/,info@jollyroger.it,statico
https://linktr.ee/tempinijesolo,online@www.aaa.com,statico
https://linktr.ee/tempinijesolo,only@savagex.com,statico
https://linktr.ee/tempinijesolo,only@www.gobble.com,statico
https://www.ristorantedalfrancese.it/,,timeout
https://hotelneps.com/jesolo/ristorante/,info@hotelneps.com,statico
https://hotelneps.com/jesolo/ristorante/,millenniumsrl@pec.e-it.biz,statico
https://www.ristoranteilsanlorenzo.it/,,timeout
https://m.facebook.com/NEPSJESOLO/,,nessuna-email
https://www.instagram.com/ristorante_incanto_jesolo/,,nessuna-email
http://frittodivino.com/,info@frittodivino.com,statico
https://bucintorojesolo.it/,,irraggiungibile
https://www.ristorantegusteojesolo.it/,ristorantegusteo@gmail.com,statico
https://www.instagram.com/iyaracafebistro,,nessuna-email
https://www.ristorantedaomar.com/,ristorante.omar@libero.it,statico
https://www.facebook.com/pistakkiojesolo,,nessuna-email
https://limonijesolo.com/,,nessuna-email
https://www.dainostrani.it/,,nessuna-email
https://www.instagram.com/ristorante_da_domenico_,,nessuna-email
https://pnssm.pro/82rerhy,,nessuna-email
https://usushi.it/u-sushi-10/,usushijesolo@gmail.com,statico
https://www.terrazzamarejesolo.it/,info@terrazzamarejesolo.it,statico
https://m.facebook.com/pages/category/Restaurant/Quattrocchi-375488216193166/,,nessuna-email
http://linktr.ee/MirafloresNoale,contact@gdprlocal.com,statico
http://linktr.ee/MirafloresNoale,dpo.support@gdprlocal.com,statico
http://linktr.ee/MirafloresNoale,miraflores.noale@gmail.com,statico
http://linktr.ee/MirafloresNoale,online@www.aaa.com,statico
http://linktr.ee/MirafloresNoale,only@savagex.com,statico
http://linktr.ee/MirafloresNoale,only@www.gobble.com,statico
http://linktr.ee/MirafloresNoale,privacy@linktr.ee,statico
https://www.facebook.com/MAGAMAGOJESOLO/,,nessuna-email
https://cortevillarossi.it/,cortevillarossi@gmail.com,statico
https://cortevillarossi.it/,pietro.famengo@hotmail.it,statico
https://www.prosdocimipasticceria.it/,prosdocimi.noale@gmail.com,statico
https://enotecazonadombra.it/,robertobergamo65@gmail.com,statico
https://www.vesuviojesolo.it/,,nessuna-email
https://wa.me/3518476147,,nessuna-email
https://ristorantemilanojesolo.com/,,nessuna-email
https://www.pomodorojesolo.com/,,nessuna-email
https://www.maisonjoliejesolo.it/,,timeout
https://m.facebook.com/vent1etrenta/,,nessuna-email
http://www.acasavecia.it/,info@acasavecia.it,statico
https://terrazzastrand.weebly.com/,,nessuna-email
https://www.instagram.com/settesapori_ristorante/,,nessuna-email
https://viatempesta.it/,info@viatempesta.it,statico
https://www.terrazzasorriso.it/,info@villasorriso.com,statico
https://www.facebook.com/trattoriainferno/,,nessuna-email
https://www.acquamarinajesolo.com/,info@acquamarinajesolo.com,statico
https://www.facebook.com/RistoranteSiamoFritti/,,nessuna-email
https://www.facebook.com/LaTavernettaJesoloLido/,,nessuna-email
https://easybeachjesolo.it/,,nessuna-email
https://osteriaperbacco.shop/,placejoys.com@gmail.com,statico
https://www.listino.cloud/ZqDLWZyK273_1_1/,,nessuna-email
https://www.trattoriadanicolavalpolicella.it/,info@trattoriadanicolavalpolicella.it,statico
https://www.gatogordo.it/,gatogordovr@gmail.com,statico
https://www.ladypizzagroup.it/,info@ladypizzagroup.it,render
https://www.koijesolo.it/,,nessuna-email
https://www.facebook.com/allostallonoale/,,nessuna-email
https://pizzeriastella.eu/menu-completo,element@object.kh,statico
https://instagram.com/nessunoescluso_senzaglutine,,nessuna-email
https://www.ristorantedadomenico.it/,amministrazione@ristorantedadomenico.it,statico
https://www.ristorantedadomenico.it/,eventi@ristorantedadomenico.it,statico
https://www.realpizza.it/,info@realpizza.it,statico
https://www.al-corso.it/,gg.bravi@gmail.com,statico
https://www.al-corso.it/,info@al-corso.it,statico
https://www.al-corso.it/,info@al-corso.it.it,statico
https://www.hostariadeglianzoi.it/,dim_srls@altapec.it,statico
https://www.ristorantealbertini.it/,info@ristorantealbertini.it,statico
https://alfonsohohenlohepadelclub.com/,ahpadelssd@gmail.com,statico
https://alfonsohohenlohepadelclub.com/,info@alfonsohohenlohepadelclub.com,statico
https://www.pizzerialetorri.com/,info@pizzerialetorri.com,statico
https://www.pizzerialetorri.com/,utente@dominio.com,statico
https://okiddo.it/noale/menu/,,nessuna-email
https://www.pizzerialesarcs.com/,pizristlesarcs@gmail.com,statico
https://bit.ly/listinoPizzeria,support@heyzine.com,render
https://www.allacorte.pub/,,nessuna-email
http://zeuspizza.it/,,timeout
https://www.facebook.com/FuoriportaCaffe,,timeout
https://www.instagram.com/m.k.pizza,,timeout
https://www.alboscomontegrotto.it/,info@alboscomontegrotto.it,statico
https://www.pokegourmet.it/,pokegourmet.montegrotto@gmail.com,statico
https://www.sushitaro.it/,,nessuna-email
https://hollywoodburger.it/,,nessuna-email
https://www.facebook.com/110527727279587/,,nessuna-email
https://thai-si.it/ristorante/,,timeout
https://www.facebook.com/OSTERIA.BELTRAME,,nessuna-email
https://www.instagram.com/inferno_pizzaetakeaway,,timeout
https://www.instagram.com/pasticceria_dolci_follie/,,timeout
https://www.lafrascaponzano.com/,amministrazione@ristosrl.com,statico
http://m.facebook.com/Bar-Fontana-Montegrotto-Terme-190032977705117,,nessuna-email
http://www.thai-si.it/,,timeout
https://m.facebook.com/dedalosapori/,,nessuna-email
https://www.ristorantedanano.it/,,timeout
https://www.instagram.com/lunabar___cicchetteria,,timeout
https://linktr.ee/bacaresdg,contact@gdprlocal.com,statico
https://linktr.ee/bacaresdg,dpo.support@gdprlocal.com,statico
https://linktr.ee/bacaresdg,online@www.aaa.com,statico
https://linktr.ee/bacaresdg,only@savagex.com,statico
https://linktr.ee/bacaresdg,only@www.gobble.com,statico
https://linktr.ee/bacaresdg,privacy@linktr.ee,statico
https://www.facebook.com/Da-Nicola-Trattoria-tipica-con-alloggio-121678194554341/timeline,danicolatrattoria@gmail.com,render
https://www.facebook.com/share/185GNhsa9v/,,timeout
https://albergoristorantetavernelle.com/,info@albergotavernelle.it,statico
https://m.facebook.com/albersaglieredalucaesimone/,,nessuna-email
https://www.instagram.com/manamontegrotto,,timeout
http://osteriaristorantealbaston.myadj.it/,,nessuna-email
https://www.facebook.com/RistoranteOrlandoFurioso/,,nessuna-email
https://www.trattoriadanello.it/,info@trattoriadanello.it,statico
https://sushigrill.it/,contact@joinoko.com,statico
https://sushigrill.it/,online@www.cnil.fr,statico
https://sushigrill.it/,privacy@joinoko.com,statico
https://www.instagram.com/principe_pizzeriacicchetteria,,nessuna-email
https://ristoranteboccadoro.it/,,nessuna-email
https://www.facebook.com/trattoriallavigna/,,nessuna-email
https://mestissteakhouse.com/,info@mestissteakhouse.com,statico
https://mestissteakhouse.com/,luigi.forestan@icloud.com,statico
https://www.liviangior.it/,,nessuna-email
https://www.instagram.com/federicacafebakery,,nessuna-email
https://www.trattorialeoncino.it/,contatto@esempio.it,statico
https://www.trattorialeoncino.it/,info@trattorialeoncino.it,statico
https://www.pizzeriaristorantedamiceon.com/,pizzeriaristorantemiceon@gmail.com,render
https://miravalleristorante.com/,,timeout
https://www.alcaiceto.com/,,nessuna-email
https://www.belvedereristorante.com/,,timeout
https://instagram.com/pizzeriaalbaa,,nessuna-email
https://www.facebook.com/Pizzeria-da-Salvatore-107589701211699,,nessuna-email
https://www.facebook.com/GelateriaCapoNord1989/,,nessuna-email
https://www.ristoranteallangolo.com/,,timeout
https://www.pizzerialatramontana.it/,,irraggiungibile
https://portameviaaltavilla.my.canva.site/sito-pizzeria,,nessuna-email
https://www.almarkanto.com/,assistenza@webador.it,statico
https://www.almarkanto.com/,info@almarkanto.it,statico
https://www.almarkanto.com/,info@locandaalmarkanto.it,statico
https://www.facebook.com/Pizzeria-Morosini-1502983336647548/,,nessuna-email
https://www.tramezzo.net/,tramezzo.vicenza@gmail.com,statico
https://www.osteriaalportego.it/,info@osteriaalportego.it,statico
https://www.osteriaalportego.it/,tuamail@esempio.com,statico
https://www.facebook.com/profilo.php,,nessuna-email
https://www.instagram.com/almacaffe_creazzo,,nessuna-email
https://m.facebook.com/quadrifogliocreazzo/,,nessuna-email
https://bocon.it/,bocon@bocon.it,statico
https://www.77vintido.shop/enoteca-della-corte-del-meda/,graziano.lazzarotto@tin.it,statico
https://www.77vintido.shop/enoteca-della-corte-del-meda/,info@77vintido.com,statico
https://www.osteriaantichisaporialtavilla.it/,,timeout
https://instagram.com/_tjbar_vi,,nessuna-email
https://www.facebook.com/share/18hRNGJdBq/,,nessuna-email
https://www.ricos3.it/,info@riccios.it,statico
https://www.trattoriadallabianca.it/,,timeout
https://www.facebook.com/pizzastarcreazzo/,,nessuna-email
https://m.facebook.com/pages/Pasticceria-Elisir/177085382331511,,nessuna-email
https://www.facebook.com/Happy-Pizza-Creazzo-124263994848339/,,nessuna-email
https://www.locandadalino.it/,info@locandadalino.it,statico
https://www.locandadalino.it/,info@locandalino.it,statico
http://www.squareburger.it/,,nessuna-email
https://www.squareburger.it/,,nessuna-email
http://www.damarioristorantepizzeria.it/,,nessuna-email
https://chefcuoqo.it/,,nessuna-email
https://www.trattorialacollinetta.it/,,timeout
https://www.maltraversi.com/,,irraggiungibile
https://www.ristorantealgolf.eu/,,irraggiungibile
https://www.facebook.com/pages/Trattoria-Dalla-Giulia/160807617279228,,nessuna-email
https://instagram.com/_venti3_,,nessuna-email
https://venere.pw/pizzeria-fratelli-grassia-qkexnck.html,foxtrotxr@yandex.com,statico
https://www.facebook.com/perbaccopievedisoligo/,,nessuna-email
https://www.instagram.com/spetaunminuto/,,nessuna-email
https://www.agriturismodapion.it/,info@agriturismodapion.it,statico
https://alpiccologustorotondo.it/,alpiccolo.gustorotondo@gmail.com,statico
https://it-it.facebook.com/pages/Pizzeria-Al-Ghiottone-Di-Ortolan-Silvano/117934331598092,,nessuna-email
https://www.bottegacampana.it/,bottegacampana@gmail.com,statico
https://www.pizzeriadadenny.com/,,nessuna-email
https://www.instagram.com/promenadecafe23,,nessuna-email
http://www.dockabab.it/,,nessuna-email
https://www.thebigsalvopizza.it/,,nessuna-email
https://www.facebook.com/Re-di-Pizza-132413197452536/,,nessuna-email
https://www.instagram.com/dulce__mia,,nessuna-email
http://www.zeuspizza.it/zeus-pizza-paese-listino/,,irraggiungibile
https://it-it.facebook.com/pages/category/Pizza-Place/Ristorante-Pizzeria-Villa-Eden-214583605349957/,,nessuna-email
https://instagram.com/invilla_paese,,nessuna-email
https://www.facebook.com/ristorantepizzeria.dagino/,,nessuna-email
https://m.facebook.com/agribirrificioluna/,,nessuna-email
https://vacamata.it/,,timeout
https://shop.dieselfarm.com/pages/contattaci,cucina@dieselfarm.com,statico
https://shop.dieselfarm.com/pages/contattaci,dieselfarm@legalmail.it,statico
https://shop.dieselfarm.com/pages/contattaci,info@dieselfarm.com,statico
https://shop.dieselfarm.com/pages/contattaci,info@dieselfarm.comp.iva,statico
https://www.ilbarco.com/,,timeout
https://shop.dieselfarm.com/,cucina@dieselfarm.com,statico
https://shop.dieselfarm.com/,dieselfarm@legalmail.it,statico
https://shop.dieselfarm.com/,info@dieselfarm.comp.iva,statico
https://www.bevandeemmebi.com/,info@bevandeemmebi.com,statico
https://www.instagram.com/brasseriealmulino/,,nessuna-email
https://m.facebook.com/pages/category/Cafe/Caff%C3%A8-Centrale-Marostica-102323587092/,,nessuna-email
https://www.facebook.com/bucintoromarostica,,nessuna-email
https://www.instagram.com/casa_bistrot/,,nessuna-email
https://opendei.eatbu.com/,opendeifoodtruck@gmail.com,statico
https://www.ristorantimontenapoleone.com/,asiago@ristorantimontenapoleone.com,statico
https://www.ristorantimontenapoleone.com/,bassano@ristorantimontenapoleone.com,statico
https://www.ristorantimontenapoleone.com/,caselle@ristorantimontenapoleone.com,statico
https://www.ristorantimontenapoleone.com/,info@ristorantimontenapoleone.com,statico
https://www.ristorantimontenapoleone.com/,ponte@ristorantimontenapoleone.com,statico
https://www.dapolinpaese.it/,,timeout
https://www.inosteria.it/,server@www.inosteria.it,statico
https://www.instagram.com/chiavicacibo,,nessuna-email
https://www.dabastian.it/,info@dabastian.it,statico
https://mammaelenarestaurant.it/,,irraggiungibile
https://allangelodoro.it/,,irraggiungibile
https://m.facebook.com/CristalCaffeMarostica/,,nessuna-email
https://www.bontempomarostica.it/,,nessuna-email
https://www.pasticceriachiurato.it/,tommasochiurato1993@gmail.com,statico
http://www.marosticanacaffe.com/,,nessuna-email
https://www.facebook.com/lacasettacaffetteria/,,nessuna-email
https://www.facebook.com/Mazzini22,,nessuna-email
https://www.agriturismodaisandri.com/,,timeout
https://www.porporahandmade.com/,info@porporahandmade.com,render
https://www.instagram.com/lapergoladirenzo/,,nessuna-email
https://m.facebook.com/pages/English-House/145280512212871#_=_,,nessuna-email
http://www.alpozzoilristorante.it/,alpozzomason@gmail.com,statico
https://www.larosina.it/,info@larosina.it,statico
https://www.pizzeriascaccomatto.com/,pizzeriascaccomatto2018@gmail.com,statico
http://www.angeloeildiavolo.com/,,irraggiungibile
https://www.instagram.com/pivala_gelatoandcoffee/,,nessuna-email
https://www.osteriamadonnetta.it/,info@osteriamadonnetta.it,statico
https://www.trattoriacaissa.it/,info@trattoriacaissa.it,statico
https://www.allabusa.it/,,nessuna-email
https://www.facebook.com/Ristretto-104-190544931735241/,,nessuna-email
https://www.allabusa.it/hotel/,,nessuna-email
https://www.arrogantenoventa.com/,arrogantenoventa@gmail.com,statico
https://www.arrogantenoventa.com/,info@gruppotalea.com,statico
http://www.slowsuperpizza.it/,info@slowsuperpizza.com,statico
https://www.farinellarestaurant.it/,brennero@farinellarestaurant.it,statico
https://www.farinellarestaurant.it/,castelguelfo_outlet@farinellarestaurant.it,statico
https://www.farinellarestaurant.it/,collab@farinellarestaurant.it,statico
https://www.farinellarestaurant.it/,eventi@farinellarestaurant.it,statico
https://www.farinellarestaurant.it/,franciacorta@casangelesi.it,statico
https://www.farinellarestaurant.it/,jobs@farinellarestaurant.it,statico
https://www.farinellarestaurant.it/,marcianise_ccampania@farinellarestaurant.it,statico
https://www.farinellarestaurant.it/,serravallebakery@farinellarestaurant.it,statico
https://www.farinellarestaurant.it/,web@farinellarestaurant.it,statico
https://www.weinerei.it/,,nessuna-email
https://www.facebook.com/Bar-Ristorantino-da-Nico-e-Silvia-101138671391599,,nessuna-email
https://www.labuceria.it/,,irraggiungibile
https://locale.lastazionexperience.it/,,irraggiungibile
https://osteriainbolla.com/,info@hosteriainbolla.com,render
https://www.pasticceriatomasi.it/,info@pasticceriatomasi.it,statico
http://facebook.com/leondoro.sushirestaurant,,nessuna-email
https://www.facebook.com/Open-Space-2463166197242303/,,nessuna-email
https://instagram.com/hosteria_alpino_noventa,,nessuna-email
https://linktr.ee/cuore_di_luca_brancati,contact@gdprlocal.com,statico
https://linktr.ee/cuore_di_luca_brancati,dpo.support@gdprlocal.com,statico
https://linktr.ee/cuore_di_luca_brancati,lucabrancati@gmail.com,statico
https://linktr.ee/cuore_di_luca_brancati,online@www.aaa.com,statico
https://linktr.ee/cuore_di_luca_brancati,only@savagex.com,statico
https://linktr.ee/cuore_di_luca_brancati,only@www.gobble.com,statico
https://linktr.ee/cuore_di_luca_brancati,privacy@linktr.ee,statico
https://www.venetiantrame.it/,server@www.venetiantrame.it,statico
https://cuttysark.it/,cuttysarksrl@pec.it,statico
https://cuttysark.it/,info@cuttysark.it,statico
https://www.facebook.com/laterrazza.millefiori,,nessuna-email
https://www.cittadinner.net/pizzeria-magic/,,irraggiungibile
https://www.rocketburger.it/,,nessuna-email
https://www.marosticasummerfestival.it/,,nessuna-email
https://www.instagram.com/ristorantenotecasanmarco/,,nessuna-email
http://www.vicentini1966.it/,,nessuna-email
https://www.ristorantepizzeriapaioa.it/,proyectoweber+ristorantepizzeriapaioa.it@gmail.com,statico
https://www.lunaelaltro.it/,,irraggiungibile
https://wa.me/3751358202,,nessuna-email
https://www.ristorantesantagata.com/,,irraggiungibile
https://vinoevino.co/,,nessuna-email
http://sutto.it/it/sutto-food/Sutto-osteria/,,irraggiungibile
https://www.facebook.com/pizzCharlot/,,nessuna-email
https://www.facebook.com/BarCasadelGiovaneMaranoVicentino,,nessuna-email
https://trattoriadaagnese.it/,,nessuna-email
https://www.stillacocktailrepublic.it/,,irraggiungibile
https://www.serpizza.eu/,,irraggiungibile
https://www.facebook.com/Pizzeria-da-Gian-2-120578443194916/,,nessuna-email
https://www.pizzeriatrattorianettuno.it/,pizzeriatrattorianettuno@gmail.com,statico
https://www.facebook.com/pokerkapei/,,nessuna-email
https://www.trattoriadatoi.it/,,irraggiungibile
https://www.instagram.com/pasticceriadolcesapore,,nessuna-email
http://www.albergoilquadrifoglio.it/,,irraggiungibile
https://www.colettishopfitting.com/,info@newcolsrl.com,render
https://instagram.com/drycavarzere,,nessuna-email
https://www.facebook.com/barosteriaaicolli/,,nessuna-email
https://calandello.com/,,irraggiungibile
https://instagram.com/pizzeria_number_one_cavarzere,,nessuna-email
https://eno-pub-spaghetteria.business.site/,,nessuna-email
https://www.instagram.com/papicafesanve/,,nessuna-email
https://pizzasmilegroup.it/cavarzere,,nessuna-email
https://www.barlapiazzetta.com/,,nessuna-email
https://www.facebook.com/ristobaraicolli2/,,nessuna-email
https://housecafe.company.site/,,nessuna-email
https://ingegneredelvino.it/,info@ingegneredelvino.it,statico
https://sushiyoku.com/,,nessuna-email
https://ristorantefenkee.shop/,ristorantefenkee.shop@gmail.com,render
https://www.ristoranteosteriaamodomio.it/,,nessuna-email
https://www.rosaristorantepizzeria.com/,,nessuna-email
https://www.instagram.com/sushikiro269,,nessuna-email
https://www.bartrattorialequattrolanterne.it/,,irraggiungibile
https://lolitapizzeria.it/,,nessuna-email
https://www.dolcecapriccio.it/,,nessuna-email
https://www.manuelcaffe.it/,info@manuel.it,render
https://www.cafemaestrale.com/,,irraggiungibile
https://ungranodifollia.altervista.org/,ungranodifollia@gmail.com,statico
https://www.facebook.com/lafontedelgelatosnc/,,nessuna-email
http://www.youngsushi.it/,youngsushi.padova@gmail.com,statico
https://poldosbar.com/,leopoldo.cappelletto@gmail.com,statico
https://www.villamomis.it/,,irraggiungibile
https://lucicoffee.shop/,,irraggiungibile
https://www.ristopizzeriailmistero.it/,info@ristopizzeriailmistero.it,statico
https://www.iltuomenuonline.com/trattoriaveronese/,,irraggiungibile
http://www.aldrizzagno.com/,info@aldrizzagno.com,statico
https://www.instagram.com/pizzeria_cartoons/,,nessuna-email
http://www.ilreborbonefoodtruck.metro.rest/,,irraggiungibile
https://www.facebook.com/share/1Az7mWNvvn/,,nessuna-email
https://www.amadeuspub.com/,,irraggiungibile
http://www.agriturismoalcapitellon.it/,info@agriturismoalcapitellon.it,statico
http://wa.me/390498150819,,nessuna-email
https://rishicamposampiero.it/,,nessuna-email
https://www.birreriaprosit.it/,,irraggiungibile
https://www.instagram.com/secretbistrot/,,nessuna-email
https://peccatidigoladatiziana.altervista.org/,,nessuna-email
https://www.giardinosegretoagriturismo.it/,info@giardinosegretoagriturismo.com,render
https://pizzeriagrottaazzurra.com/,gennygrottazzurra@gmail.com,statico
https://www.pizzeriaristorantegianca.com/,,irraggiungibile
https://www.allacrosarona.com/,info@allacrosarona.com,statico
https://terradelmezzo.it/,,nessuna-email
https://amazonasbistrot.com/,info@amazonasbistrot.com,statico
https://capo55.com/,,nessuna-email
https://www.facebook.com/faceartbistrot,,nessuna-email
https://www.ristorantesanmartino.info/,info@ristorantesanmartino.info,render
http://bit.ly/PizzaDiamante,,nessuna-email
https://www.birreriadaadamo.it/,,irraggiungibile
https://iltuomenu.info/lafenice,,irraggiungibile
https://www.isavi.it/,info@isavi.it,statico
https://www.miocafe.it/,,nessuna-email
https://zebuchurrascaria.eatbu.com/,zulmirperuzzo255@gmail.com,render
https://www.locandasanferdinando.com/,info@locandasanferdinando.com,statico
https://pasticceriadesideria.it/,,irraggiungibile
https://www.pizzaexportdiandreabreda.it/,,irraggiungibile
https://www.sorsiemorsidrinkandfood.it/,,irraggiungibile
https://www.iltimeout.it/,,irraggiungibile
https://www.trattoriaincortedalcapo.com/,,irraggiungibile
https://siorpollo.it/,info@siorpollo.it,render
https://it-it.facebook.com/spaghetteriadaciccio/,,nessuna-email
https://www.poentaeosseti.it/,,irraggiungibile
https://www.pescheriagastronomiacorallo.it/,%20info@pescheriagastronomiacorallo.it,statico
https://www.pescheriagastronomiacorallo.it/,info@pescheriagastronomiacorallo.it,statico
https://portal.pointsme.it/s/ViOBFijD#/v3/manner,,nessuna-email
https://www.trattoriacanove.it/,,nessuna-email
https://www.facebook.com/616nDrinkFood/,,nessuna-email
https://www.sanfrancescoagriturismo.it/,info@sanfrancescoagriturismo.it,statico
https://www.demusstube.it/,contatto@esempio.it,statico
https://www.demusstube.it/,demusstube@gmail.com,statico
https://www.pizzerialatorre.it/,info@pizzerialatorre.it,statico
https://www.facebook.com/Ristorante-ai-Foroni-743667835765240/,,nessuna-email
https://www.saporidivaleggio.it/,saporidivaleggio@gmail.com,statico
http://www.zeuspizza.it/,,irraggiungibile
http://www.istanbulfoodscorze.it/,,irraggiungibile
https://www.allavecchiacucina.it/,,irraggiungibile
http://www.trattoriatipicamarisa.com/,,irraggiungibile
https://msha.ke/barbuedoro,,nessuna-email
https://www.facebook.com/Pescheria-Gastronomia-Corallo-236132649784952/timeline/,stefanoc_vr@libero.it,render
http://www.caffeilmulino.com/,,irraggiungibile
http://www.tortellinando.net/,,irraggiungibile
https://www.mysushirestaurant.it/,,irraggiungibile
https://www.instabilevenezia.it/,,irraggiungibile
https://www.ristoranteperbaccoscorze.it/,,irraggiungibile
https://www.facebook.com/p/Caff%C3%A8-NoLita-100079589884575/,,nessuna-email
https://negozi.sisal.com/my-sisal/concordia-sagittaria-via-levada-13q-red-light,,irraggiungibile
http://www.trattoria-sanmarco.it/index.cfm/it/,cafesanmarco@ristoclassique.it,render
https://www.seiterre.com/,info@seiterre.com,statico
https://www.facebook.com/people/Piccoli-Piaceri/100008866020390,,nessuna-email
https://www.spizzati.com/pizzerie-asporto/spizzati-valeggio-sul-mincio/,,nessuna-email
https://www.facebook.com/leonebistrot/,,nessuna-email
https://www.facebook.com/AlVoltoBorghetto/,,nessuna-email
https://www.ristorantegattomoro.it/,,nessuna-email
https://pizzeriantichisapori.com/,antonio.marcioni@gmail.com,statico
https://www.instagram.com/pizzeria_semplice,,nessuna-email
https://www.facebook.com/The-Drunk-Hatter-Il-cappellaio-ubriaco-1499675526747972/,,nessuna-email
https://www.facebook.com/viavaicaffebar,,nessuna-email
https://www.anticalocandamincio.it/,,irraggiungibile
https://www.facebook.com/victoria.valeggio/,,nessuna-email
https://www.instagram.com/barfilanda_,,nessuna-email
https://www.pizzeriaprendi.it/,,irraggiungibile
https://instagram.com/nonnotenno,,nessuna-email
https://www.facebook.com/p/Trattoria-alla-Bolda-100057266267826/,,nessuna-email
https://pasticceriamartinirenzo.it/,,nessuna-email
https://strapizza-valeggio.it/,,nessuna-email
https://www.ristorantemara.com/,,irraggiungibile
https://www.toshirestaurant.it/,toshistradella@gmail.com,statico
https://datterinogiallo.eatbu.com/,datterinogiallo11@gmail.com,statico
http://www.locandadacondo.it/,,nessuna-email
https://www.labodeguitadolo.com/,labodeguitacicchetteria@gmail.com,render
https://www.il-cavallino.it/,,irraggiungibile
https://www.facebook.com/Osteria%20al%20Maraneo%20da%20Manuel,,nessuna-email
https://ristorantedadenis.eatbu.com/,ivan.barutta@alice.it,statico
https://yusen-ramen.eatbu.com/,yusenramen@gmail.com,statico
https://www.locandagallo.net/,locandagallo2005@gmail.com,statico
https://lacascinagastronomia.it/,info@lacascinagastronomia.it,statico
https://lacascinagastronomia.it/,negozio@lacascinagastronomia.it,statico
https://www.instagram.com/laviandantepizzeria,,nessuna-email
http://www.instagram.com/ilcaffecommercio,,nessuna-email
https://www.facebook.com/Casa-Mia-Dolo-1050333854979336/,,nessuna-email
https://www.instagram.com/canevadolo,,nessuna-email
https://nolimitsbar.vercel.app/,,nessuna-email
https://www.teresinaverona.com/,teresinasas@gmail.com,statico
https://www.teresinaverona.com/,utente@dominio.com,statico
https://sushionevicenza.it/,sushionevi@gmail.com,render
https://www.locandaaiarchi.com/,info.locandaaiarchi@gmail.com,render
https://www.vogliadellapizza.it/,,irraggiungibile
https://www.ginoilredelpanino.it/,,irraggiungibile
https://www.instagram.com/incanto_ristobar_dolo,,nessuna-email
https://www.facebook.com/Mariamania-265408936956010/,,nessuna-email
https://trattoriadaromeo.eatbu.com/,tiziano.de_tomi@libero.it,statico
https://www.instagram.com/_osteriaallabusa_,,nessuna-email
https://www.facebook.com/pages/category/Pizza-Place/Pizzeria-Da-Marco-537712073104168/,,nessuna-email
https://www.thedoriangray.it/,%20thedoriangray@pec.it,render
https://www.thedoriangray.it/,%20thedoriangrayit@gmail.com,render
https://www.thedoriangray.it/,thedoriangray@pec.it,render
https://www.thedoriangray.it/,thedoriangrayit@gmail.com,render
https://www.ristorantepontepalladio.com/,,irraggiungibile
https://www.facebook.com/GYElena96/,,nessuna-email
http://www.risotteriamelotti.it/,abc@xyz.com,statico
http://www.risotteriamelotti.it/,contatto@esempio.it,statico
http://www.risotteriamelotti.it/,isola@risotteriamelotti.com,statico
http://www.risotteriamelotti.it/,melotti@melotti.it,statico
https://www.facebook.com/www.pizzeriaPiccolaNapoli.it,,nessuna-email
https://www.villagoetzen.it/,info@villagoetzen.it,statico
https://www.risoferron.com/,latorre@risoferron.com,statico
https://www.birreriasummano.it/,birreriasummano@legalmail.it,statico
https://www.birreriasummano.it/,info@birreriasummano.it,statico
https://wumisushi.com/,wumisushi@gmail.com,statico
https://www.molinideldolo.it/,,irraggiungibile
http://trattoria-di-isola-della-scala.poi.place/,,nessuna-email
https://www.harleyspub.it/,,irraggiungibile
https://agriturismocorteseleson.com/,,nessuna-email
https://basilico-menu.my.canva.site/cilantro-menu,,nessuna-email
http://macellopubblico.it/menu.pdf,,nessuna-email
https://ristorante-kebab-f35cc6.webnode.it/,contatto@esempio.it,statico
https://ristorante-kebab-f35cc6.webnode.it/,zee.kebabhouze@gmail.com,statico
https://g.co/kgs/mD6EXq,,nessuna-email
http://linktr.ee/bakehousefam,online@www.aaa.com,statico
http://linktr.ee/bakehousefam,only@savagex.com,statico
http://linktr.ee/bakehousefam,only@www.gobble.com,statico
https://pokengodolo.it/,,nessuna-email
http://www.agriturismolapalazzina.it/,,irraggiungibile
https://www.facebook.com/caffegiardini.piovene,,nessuna-email
https://www.fratedallamanicalarga.com/,,irraggiungibile
https://www.birreriavecia.it/,,nessuna-email
https://www.farrox.it/,info@farrox.it,statico
https://www.risolandia.it/,info@risolandia.it,statico
https://www.facebook.com/casello6/,,nessuna-email
http://www.misterpomodoro.it/home.php,,irraggiungibile
https://www.haciendadeleon.it/,,nessuna-email
https://www.facebook.com/R11bar/,,nessuna-email
https://ristorantedonist.it/,klorentina2024@gmail.com,statico
https://www.artpizza.it/,,nessuna-email
https://www.lamontecchiagreen.it/,eventimontecchia@golfmontecchia.it,statico
https://www.europizzadanik.it/,,nessuna-email
https://baralbivio.shop/,,irraggiungibile
https://www.lemuramontagnana.it/,,nessuna-email
https://www.hostariasanbenedetto.it/,,nessuna-email
https://it-it.facebook.com/atuttabirrapadova/,,nessuna-email
https://www.facebook.com/pizzeriaMORGANcaselle,,nessuna-email
https://www.piladellabate.it/,,irraggiungibile
https://www.instagram.com/pizzalab.laboratorio,,nessuna-email
https://purolab.it/,info@purolab.it,statico
https://m.facebook.com/dovecomequandopizzeria/,,nessuna-email
https://www.riverpizzeria.it/,info@riverpizzeria.it,statico
https://www.trattoria-allangelo.it/,,irraggiungibile
https://www.antichecantinezaccaria.it/,,irraggiungibile
https://ostedivino.it/,,nessuna-email
https://www.panetteriagasparini.com/,,timeout
https://www.lacusineta.com/,trattorialacusineta@tiscali.it,statico
https://www.peps-burger.it/,,timeout
https://www.meatandfire.it/,,irraggiungibile
https://www.facebook.com/share/1CbmB9SWyS/,,nessuna-email
https://www.facebook.com/PinUppizzeria,,nessuna-email
https://m.facebook.com/clavale67/,,nessuna-email
https://m.facebook.com/SagraTencarola/,,nessuna-email
https://www.facebook.com/people/Corivorivo-bar/100087168963597/,,nessuna-email
https://sites.google.com/view/hotel-capri/,,nessuna-email
https://www.facebook.com/riva.pub.casale/,,nessuna-email
https://www.instagram.com/bar_gardeniacasale,,nessuna-email
https://www.gramignaristorante.it/,,timeout
https://www.amaremare.it/,,irraggiungibile
https://www.facebook.com/share/1HTkEYcRRu/,,nessuna-email
https://www.instagram.com/il_cantuccio24,,nessuna-email
https://www.semiramidejesolo.it/,infosemiramidejesolo@gmail.com,statico
https://www.instagram.com/la.barchessa/,,nessuna-email
https://www.yuanjap.it/,,timeout
https://www.osteriavivace.it/,,irraggiungibile
https://www.facebook.com/barallaPostaFarradiSoligo/,,nessuna-email
https://www.altorcioristorante.it/,info@altorcioristorante.it,statico
https://bnbmartin.it/,,nessuna-email
https://www.inrivaalsile.it/,daniela.montagner10@gmail.com,render
https://www.inrivaalsile.it/,daniela.montagner@pec.it,render
https://birracadore.it/,,nessuna-email
https://www.locandalacandola.it/,,nessuna-email
http://www.pizzacasaweb.it/,,timeout
https://www.tamoil.it/,,irraggiungibile
https://www.trattoriaallavigna.it/,,irraggiungibile
https://almabistro.it/,,nessuna-email
https://m.facebook.com/pages/category/Dance---/Amadeus-Disco-pub-1625281484453717/,,nessuna-email
http://www.pasticceriapinel.it/,info@pasticceriapinel.it,statico
https://www.facebook.com/classe64-39422697459/,,nessuna-email
http://www.alcredazzo.it/,,timeout
https://www.hotelvillasoligo.it/,welcome@hotelvillasoligo.it,statico
http://www.alpontedefero.it/,info@alpontedefero.it,statico
https://instagram.com/gelateria_bordon_jesolo,,nessuna-email
https://www.facebook.com/bardellasamantha,,nessuna-email
https://www.facebook.com/allatavernettajesolo/,,nessuna-email
https://www.vacamata.it/,,nessuna-email
https://jes-bar.shop/,,nessuna-email
https://mfactoryjesolo.com/,,nessuna-email
https://lunasei.it/,info@lunasei.it,statico
https://www.locandalanterna.com/,,irraggiungibile
https://www.facebook.com/Treleonidacolla,,nessuna-email
https://www.megustafarradisoligo.it/,,irraggiungibile
https://tinovettorello.it/,,irraggiungibile
https://www.ristorante-seda.it/,,irraggiungibile
https://www.trattoriaalpioppo.it/,,nessuna-email
http://fb.me/ristorojesolo,,nessuna-email
http://www.facebook.com/aldoge2019srl/,,nessuna-email
https://www.instagram.com/soul.jesolo,,nessuna-email
https://m.facebook.com/media/set/,,nessuna-email
https://www.pizzerialatavernetta.it/,%20pizzerialatavernetta.tombolo@gmail.com,statico
https://www.pizzerialatavernetta.it/,pizzerialatavernetta.tombolo@gmail.com,statico
http://ilpomodorino.weebly.com/,,nessuna-email
https://www.facebook.com/sunrisejesolo/,,nessuna-email
https://www.trattoriadaottavo.it/,barbaradenis2011@gmail.com,statico
https://www.instagram.com/thebarthomas/,,nessuna-email
https://www.lostilistadellagriglia.it/,,irraggiungibile
https://www.instagram.com/gelateria_del_viale_po/,,nessuna-email
https://www.costesinajoe.it/,,nessuna-email
https://facebook.com/allangolopizzeriadasportoonara/,,nessuna-email
https://www.ilfioncoristorantepizzeria.it/,info@masterplangroup.it,render
https://www.instagram.com/osteria.dai.salvarza,,nessuna-email
https://www.facebook.com/SelfServiceIntervalloRubano/,,nessuna-email
https://www.facebook.com/DistributoreIpDiSchiavonErik,,nessuna-email
https://trattoriaaimediatori.com/palazzo-mediatori,trattoriaaimediatori@gmail.com,statico
http://www.osteriainstrada.it/index.cfm/it/,osteriainstrada@ristoclassique.it,statico
https://www.antica-arilica.com/,,nessuna-email
https://uqr.to/1hizl,,nessuna-email
https://trattoriaaimediatori.com/,trattoriaaimediatori@gmail.com,statico
https://agriprospero.it/,info@agriprospero.it,render
https://www.shakerjesolo.it/,,irraggiungibile
http://www.ristorantemomus.it/,momus@ristoclassique.it,render
http://www.laplumeristorante.it/,laplume@ristoclassique.it,render
http://labarcacciaristorante.myadj.it/,,nessuna-email
https://www.instagram.com/iona_seafoodpub/,,nessuna-email
https://instagram.com/gistro_cucina_e_pizza,,nessuna-email
https://bocciofilo9.wixsite.com/bocciofilo,,nessuna-email
https://www.saligusta.com/,saligusta.restaurant@gmail.com,statico
https://www.saligusta.com/,utente@dominio.com,statico
http://www.ristoranteardeapurpurea.it/index.cfm/it/,info@lealidelfrassino.it,render
https://furinsushi.it/,,irraggiungibile
https://b-m.facebook.com/Piazza-darmi-13-2020993954893613/,,nessuna-email
http://www.frittodivino.com/,info@frittodivino.com,statico
https://www.damariano.com/,haniesamir@cndlpec.it,render
https://www.vecchiomulinobeach.com/,amministrazione@vecchiomulinobeach.com,statico
https://www.vecchiomulinobeach.com/,bookings@vecchiomulinobeach.com,statico
https://www.vecchiomulinobeach.com/,cooking@vecchiomulinobeach.com,statico
https://www.vecchiomulinobeach.com/,fabio@vecchiomulinobeach.com,statico
https://www.vecchiomulinobeach.com/,info@vecchiomulinobeach.com,statico
https://www.vecchiomulinobeach.com/,pamela@vecchiomulinobeach.com,statico
https://osteriasugliscavi.com/,,nessuna-email
https://rollelounge.eu/,info@rollelounge.eu,statico
https://www.ristorantedaibrutti.it/,,irraggiungibile
https://capricci-di-gola.vercel.app/,brentanrosa@gmail.com,statico
https://www.trattorialeveline.it/,,nessuna-email
https://ristorantealcral.it/,info@ristorantealcral.it,statico
https://www.ilpiccolomondoredoro.it/bruschetteria-redoro-peschiera-del-garda/,,irraggiungibile
https://trattoriacivico18.it/,,nessuna-email
https://enoteca-la-corte.webnode.it/,contatto@esempio.it,statico
https://enoteca-la-corte.webnode.it/,lacortesnc@tiscali.it,statico
https://www.anticofornopadova.it/,,timeout
http://www.facebook.com/pages/Cornedo-Vicentino-Italy/Alla-Melonara/60436945981,,nessuna-email
https://www.tralemurabistro.it/,,irraggiungibile
http://www.ristorantefrassino.com/,,irraggiungibile
https://www.pizzeriapizzaapezzi.it/,info@pizzeriapizzaapezzi.it,statico
https://www.facebook.com/share/1DJ2fDqgoQ/,roncaridavidem@yahoo.it,render
https://www.dallaziapeschiera.it/,,timeout
https://www.bicibar.online/,,nessuna-email
https://www.lalocandadinoris.it/,info@lalocandadinoris.it,statico
https://www.stangl-vi.it/,,nessuna-email
https://www.inchiostrorestaurant.it/,,irraggiungibile
https://www.rosselligroup.eu/,,irraggiungibile
https://m.facebook.com/lacasa.dellabruschetta,,nessuna-email
http://www.shapo.it/,info@ristoshapo.it,statico
http://www.shapo.it/,serena@webcola.it,statico
https://www.pizzerialazangola.it/,,nessuna-email
https://www.facebook.com/puntopizzacornedo,,nessuna-email
https://www.midasstube.it/,,timeout
https://misspia.it/,,timeout
https://www.laroccapeschiera.it/,,timeout
https://www.sostaegusta.com/,,timeout
https://www.trattoriaalpontepeschiera.it/,,timeout
https://hoteldueplatani.com/,,irraggiungibile
https://il-mattarello.metro.rest/,mariannaballetti@gmail.com,statico
https://www.happybox2.it/,info@happybox2.it,statico
https://la-tradizione-mestrino.eatbu.com/,latradizioneristorante@gmail.com,statico
https://www.pizzeriapanaretto.it/,,timeout
https://enotecacentrale.it/,info@enotecacentrale.it,statico
https://www.chepizzadasalva.it/,,nessuna-email
https://www.rocolorossato.it/,,nessuna-email
https://m.facebook.com/pizzeriasanmarcocornedo/,,nessuna-email
https://www.facebook.com/bartolomeomestrino,,nessuna-email
https://t0rk9ofo4afikoe2bl8y4dfbx6cl4mql.forms.pienissimo.pro/info-client,,timeout
https://www.trattoriaallafossetta.com/,,timeout
https://wa.me/393313281414,,timeout
https://it-it.facebook.com/bar.diincontro,,timeout
https://allacortedeimiracoli.it/,info@allacortedeimiracoli.it,statico
https://www.andreacaffetteriagelateria.it/,,nessuna-email
https://www.facebook.com/CurcumaCafe/,,nessuna-email
https://tiamabistrot.it/,info@tiamabistrot.it,statico
https://tiamabistrot.it/,tiamabistrot@gmail.com,statico
https://www.facebook.com/RistoranteLaGhiotta/,,nessuna-email
https://www.tenutagalilei.it/,info@tenutagalilei.it,statico
https://www.laposadarossano.it/,posadarossano@gmail.com,render
http://www.pizzaepiu.it/,,nessuna-email
https://www.rabarbarobistrot.it/,,nessuna-email
https://www.casaburlina.com/,info@burlinas.it,statico
https://www.casaburlina.com/,info@casaburlina.com,statico
https://www.casacostiera.com/,hotel@casacostiera.com,statico
https://www.facebook.com/losfiziorossanoveneto/,,nessuna-email
https://www.hotelgardeniacaorle.com/ristorante/,info@hotelgardeniacaorle.com,statico
https://www.pizzeriaunavolta.it/,,nessuna-email
https://francescoaliberti.it/casa-francesco-al-porto/,info@francescoaliberti.it,statico
https://cafedemarcaorle.it/,info@cafedemarcaorle.it,statico
https://www.sushihana.it/,server@www.sushihana.it,statico
https://amicimieicaorle.it/,info@amicimieicaorle.it,render
https://www.turbopizzarossanoveneto.it/,,nessuna-email
https://www.instagram.com/tajkebab2022/,,nessuna-email
https://anticopetronia.com/,,nessuna-email
https://www.boscomardigliana.it/,,irraggiungibile
https://ondablubeach.shop/,localoria.com@gmail.com,statico
http://www.dapino.it/,,nessuna-email
https://sihappy.vicenza.it/attivita/pasticceria-dolci-momenti/about/,info@sihappy.vicenza.it,statico
https://www.ada2.it/,,irraggiungibile
https://www.instagram.com/amare_ristopizza,,nessuna-email
https://www.ristorantedatituta.it/,info@ristorantedatituta.it,statico
https://misasushi.it/misa-menu/,,nessuna-email
https://ristopizzalafornace.com/,,timeout
https://www.ristoranteallafattoria.it/,admin@ristoranteallafattoria.it,statico
https://www.facebook.com/Foce-Livenza-winecafe-102052695371742,,nessuna-email
https://francescoaliberti.it/da-roberto/,info@francescoaliberti.it,render
https://www.pizzapazzacaorle.com/,info@pizzapazzacaorle.com,statico
https://ristoranteanguillacaorle.com/,ristoranteanguilla@libero.it,statico
https://www.facebook.com/langolocaorle/,,nessuna-email
https://francescoaliberti.it/casa-francesco/,,nessuna-email
https://www.ristorantedabuso.it/,info@dabuso.it,statico
https://www.ristorantedabuso.it/,info@ristorantedabuso.it,statico
https://menu.alfa.it/locali/it/bar-del-santo/,,nessuna-email
https://www.facebook.com/mediterraneo.caorle,,nessuna-email
https://www.pizzerialapace.com/,,irraggiungibile
https://www.facebook.com/Piadina-Dorina-Caorle-143883375701407/,,nessuna-email
https://polpettamifamily.it/,,nessuna-email
http://ristorante-murano-caorle.eatbu.com/,info@hotelveneziacaorle.it,statico
https://m.facebook.com/serenapizzeria/,,nessuna-email
https://www.lavenetacoltacco.it/,info@lavenetacoltacco.it,render
http://www.donpablo.it/,info@donpablo.it,statico
https://pizzeriacaorle.it/,,nessuna-email
https://ristoranteilcarro.com/,ristoranteilcarro.dunaverde@gmail.com,render
http://www.laritrovata.com/,laritrovatasas@pec.it,statico
https://www.sarahotel.it/ristorante/,info@sarahotel.it,statico
https://www.facebook.com/alfoghercaorle1968/,,nessuna-email
https://dessart.it/,,nessuna-email
https://www.facebook.com/AlPanfiloCaorle/,,nessuna-email
https://www.enotecaenos.com/,info@enotecaenos.com,statico
https://www.enotecaenos.com/,shop@enotecaenos.com,statico
https://ristorantealloscoglio.it/,ananiananigalati@gmail.com,statico
https://ristorantealloscoglio.it/,info@localweb.it,statico
https://ristorantealloscoglio.it/,orjon.nallbati@onlawoffice.com,statico
https://ristorantealloscoglio.it/,privacy@localweb.it,statico
https://www.qodeup.com/pizzerialacaorlotta,,nessuna-email
http://www.facebook.com/ristorantecapridatonetto,,nessuna-email
https://www.ristorantepicnic.it/,info@ristorantepicnic.it,statico
https://www.ristorantepicnic.it/,inforistorantepicnic@pec.it,statico
https://www.chioscohavanacaorle.com/,,irraggiungibile
https://www.facebook.com/IlCentraleCaorle/,,nessuna-email
https://fantinellohotel.com/gourmet/,booking@fantinellohotel.it,statico
https://www.ristorantesporting.com/,info@ristorantesporting.com,statico
https://www.hotelnederland.it/,,timeout
https://www.facebook.com/pages/Ristorante-Alla-Posta-Caorle/222644961087004,,nessuna-email
https://www.ristorantebelgau.it/,info@belgau.it,render
https://www.ristorantebelgau.it/,info@ristorantebelgau.it,render
https://www.ristorantealportocaorle.com/,info@ristorantealportocaorle.com,render
http://www.aqapalace.com/,,irraggiungibile
https://osteriainsacheta.it/,,irraggiungibile
https://linktr.ee/funcoffee_paola,contact@gdprlocal.com,statico
https://linktr.ee/funcoffee_paola,dpo.support@gdprlocal.com,statico
https://linktr.ee/funcoffee_paola,online@www.aaa.com,statico
https://linktr.ee/funcoffee_paola,only@savagex.com,statico
https://linktr.ee/funcoffee_paola,only@www.gobble.com,statico
https://linktr.ee/funcoffee_paola,privacy@linktr.ee,statico
https://www.ristoranteedencaorle.it/,,nessuna-email
https://ristorantepizzeriaaedorode.it/,soniagobbato66@gmail.com,render
https://www.terrazzamare.net/,43emailinfo@terrazzamare.net,statico
https://ristorantedamicaorle.it/,,nessuna-email
https://ristorantepescecaorle.it/,,nessuna-email
http://www.caorlina.it/,info@caorlina.it,statico
http://www.hotellevantecaorle.it/,info@hotellevantecaorle.it,statico
https://bit.ly/3V0IK0C,pizzerialacoppia@gmail.com,render
https://comitatofesteggiamentirobegano.com/,info@festeggiamentirobegano.it,statico
https://www.balobino.it/,,nessuna-email
https://www.facebook.com/sottovento.hamburgheria.caorle/,,nessuna-email
https://pasticceriasanremo1972.com/,info@pasticceriasanremo1972.com,statico
https://pasticceriasanremo1972.com/,pasticceriasanremo1972@gmail.com,statico
https://portal.pointsme.it/flyer/#/menu-preview/208809019883511809,,nessuna-email
https://bar-al-parco.webnode.it/contatto/,baralparcosalzano@gmail.com,statico
https://bar-al-parco.webnode.it/contatto/,contatto@esempio.it,statico
https://www.instagram.com/surfbarfalconera,,nessuna-email
https://www.hotel-negretto.com/ristorante/,diego.negretto@pec.it,statico
https://www.hotel-negretto.com/ristorante/,info@hotel-negretto.com,statico
https://www.facebook.com/LaDolceIdeaGelatoCaffe,,nessuna-email
https://www.facebook.com/officina.45/,,nessuna-email
https://savorcaorle.it/,info@savorcaorle.it,render
https://www.pokemew.it/,,nessuna-email
https://www.facebook.com/PizzeriaalTaglioSanMarco2011/,,nessuna-email
https://linktr.ee/BottegaDelBrenta,online@www.aaa.com,statico
https://linktr.ee/BottegaDelBrenta,only@savagex.com,statico
https://linktr.ee/BottegaDelBrenta,only@www.gobble.com,statico
https://fengsushi.it/,fq960123@gmail.com,statico
https://fengsushi.it/,gloreya@admin.com,statico
https://3000-if69mkobq8iwmdiv0rios.app.cto.new/,,nessuna-email
https://www.mazarack2.it/,,irraggiungibile
https://theonecaorle.com/ristorante-stelu/,,irraggiungibile
https://www.facebook.com/pages/category/Bar/BistrOrti-399359306772127/,,nessuna-email
https://www.locandapiccolacorte.it/,info@locandapiccolacorte.it,render
https://ycitalia.com/it/,info@ycitalia.com,statico
https://www.azzurracaorle.it/,,timeout
https://www.sherwoodpub.it/,,nessuna-email
https://www.verynicegelateria.it/,,irraggiungibile
http://wa.me/390414179296,,nessuna-email
https://m.facebook.com/pages/category/Local-Business/Pasticceria-caffetteria-Turco-1435212299843886/,,nessuna-email
http://www.lacremapasticceria.it/,info@lacremapasticceria.it,render
https://www.antichisaporirobegano.it/,antichisaporirobegano@hotmail.it,render
https://www.ristorantepizzeria-allalbera.it/,info@albera.it,statico
http://www.facebook.com/sardea.robeganese,,nessuna-email
https://nebula.beer/,,nessuna-email
https://www.ilgiardinogr.it/,,nessuna-email
http://www.albaspina.eu/,info@albaspina.eu,statico
https://it-it.facebook.com/PizzeriaChiaroDiLunaFiessoUmbertianoRo/,,nessuna-email
http://www.facebook.com/OsteriaDaCiano,,nessuna-email
https://botegaecusina.com/,loris10@live.it,statico
https://www.facebook.com/Osteria-Da-Tiraca-918466114879255/,,nessuna-email
https://www.facebook.com/RAD1-106951308110872,,nessuna-email
https://www.agriturismolemistral.com/,info@agriturismolemistral.com,statico
https://www.acasamiamareno.it/,,nessuna-email
https://www.pasticceriaelisa.it/,,irraggiungibile
http://www.ricopizzeria.it/,,nessuna-email
https://www.pizzerialucabeghini.it/,atteo.beghini@hotmail.com,statico
https://www.pizzerialucabeghini.it/,ghostwolf94@hotmail.it,statico
https://www.pizzerialucabeghini.it/,matteo.beghini@hotmail.com,statico
https://www.instagram.com/caffeupper,,nessuna-email
https://www.instagram.com/trattoria_centrale/,,nessuna-email
https://www.facebook.com/Osteria-da-marco-104853587919850/,,nessuna-email
http://ilcavoloamerenda.metro.biz/,andrea.andreis85@gmail.com,statico
https://www.menudigitale.io/pizzalabvicenza,,nessuna-email
https://cheesebreakbistrot.it/,dispensa@dispensadisapori.it,statico
https://cheesebreakbistrot.it/,info@cheesebreakbistrot.it,statico
https://www.ristorantealpioppeto.it/,,irraggiungibile
https://www.facebook.com/LaMargheritaDaMimmo/,,nessuna-email
https://www.hosteriaporcavacca.it/,,irraggiungibile
https://belfiorehotel.it/,,irraggiungibile
https://www.allacentrale.it/,,irraggiungibile
https://anticaosteriafiesso.com/,,irraggiungibile
https://m.facebook.com/Bar-Garden-158964410853338/,,nessuna-email
https://www.hmasasushi.it/,,irraggiungibile
https://www.cantinavillamedici.it/,info@cantinavillamedici.it,statico
https://www.agriturismoprincipeamedeo.it/,garante@gpdp.it,statico
https://www.agriturismoprincipeamedeo.it/,info@agriturismoprincipeamedeo.it,statico
https://www.agriturismoprincipeamedeo.it/,protocollo@gpdp.it,statico
https://www.facebook.com/Trattoria-Al-cavalcavia-103057468046834/,,nessuna-email
https://www.tiktok.com/@il.re.pizza.kebab,u002f@il.re.pizza.kebab,render
https://www.cantinadelsol.it/,info@cantinadelsol.it,render
https://facebook.com/Pizzeria-al-Cancello-1752806438289713/,,nessuna-email
https://www.catellopizzeria.it/,catellobuononato@hotmail.com,render
https://www.lamaison.restaurant/,info@lamaison.restaurant,statico
https://instagram.com/mytimecoffeebar,,nessuna-email
https://pizzeriatrattorialacasetta.it/,,nessuna-email
https://pizzeriaorigo.it/,,irraggiungibile
http://www.motopizza.online/,stefano@copilots.team,statico
https://www.facebook.com/opening2021/,,nessuna-email
https://www.facebook.com/pg/HermosaMottaDiLivenza,,nessuna-email
https://m.facebook.com/pg/Bar-la-ratatouille-276618425826679/about/,barlaratatouille@gmail.com,render
https://www.oasicampagnola.it/,,timeout
http://www.ristorantevillavento.com/,,irraggiungibile
https://www.anticoristoro.com/it/ristorante-colline-lago-di-garda-con-parco,,irraggiungibile
https://www.facebook.com/Pizzeria-SAN-Rocco-166530980063433/,,nessuna-email
https://www.dridani.com/,amministrazione@pec.dridani.com,statico
https://www.dridani.com/,caffedivinopane@gmail.com,statico
https://pizzalongaway.it/,,nessuna-email
https://www.facebook.com/pizzeriavariolapizza/,,nessuna-email
https://www.facebook.com/pages/Tortuga-Maerne/468766520189202,,nessuna-email
https://www.instagram.com/chocolatlabottegadelgusto,,nessuna-email
https://www.instagram.com/lacortepub,,nessuna-email
https://www.viadeiluppoli.it/,viadeiluppoli.2026@gmail.com,render
https://m.facebook.com/PasticceriaLaVenexiana/,,nessuna-email
https://www.xindaristorante.com/,contact@joinoko.com,statico
https://www.xindaristorante.com/,online@www.cnil.fr,statico
https://www.xindaristorante.com/,privacy@joinoko.com,statico
https://osteriadellapizzatv.it/,,nessuna-email
https://megusta.starmenu.it/,megusta@starmenu.it,statico
https://beppopizza.starmenu.it/,,timeout
https://www.ristorantefornace.com/,fornacepizza@hotmail.com,statico
https://www.cucinanostrana.it/,info@cucinanostrana.it,statico
https://www.officinadeisaporivenezia.it/,eagleenergy2021@gmail.com,statico
https://www.periferiapub.it/,periferiapubsrl@gmail.com,statico
https://www.albiviodegliartisti.it/,,irraggiungibile
https://dolceparadiso.it/,,irraggiungibile
https://www.cadellanave.com/,segreteria@cadellanave.com,render
https://www.facebook.com/istanbulkebabmaerne/,,nessuna-email
https://www.pasticceriaprosdocimi.it/,,irraggiungibile
https://allagodeiochi.it/,,irraggiungibile
https://www.pregopizzaevino.it/,,irraggiungibile
https://www.almattone.it/,,irraggiungibile
https://m.facebook.com/bargaleone/,,nessuna-email
https://www.cadellabrace.it/,,timeout
https://www.tavernavonzach.it/,info@tavernavonzach.it,statico
https://www.pintafonica.it/,info@pintafonica.it,statico
https://www.facebook.com/share/16jwhaBNTk/,,nessuna-email
https://www.facebook.com/Pizzeria-per-asporto-DAlessio-a-Maerne-1736022663286597/,,nessuna-email
https://www.facebook.com/Whitehousecaffe/,,nessuna-email
https://per-gola.it/,,timeout
https://www.panificiomaso.com/,info@panificiomaso.com,statico
https://www.facebook.com/Bar-Zanzibar-172221983661798/,,nessuna-email
https://www.facebook.com/people/bar-da-loris-caerano/100057218840165/,,nessuna-email
https://bit.ly/caffe-roma-contattaci,,nessuna-email
https://www.facebook.com/hosteriamezzaluna/,,nessuna-email
https://www.postiglione.ve.it/,info@postiglione.ve.it,statico
https://www.postiglione.ve.it/,noreply@nowhere.com,statico
https://www.borgodellapizza.com/,info@ilmiosito.com,render
https://caforesto.com/,,nessuna-email
https://www.promartellago.com/,,irraggiungibile
https://linktr.ee/tigellabellanogara,online@www.aaa.com,statico
https://linktr.ee/tigellabellanogara,only@savagex.com,statico
https://linktr.ee/tigellabellanogara,only@www.gobble.com,statico
https://mishisushi.it/,,nessuna-email
https://www.trattoriapizzerialilly.it/,bressandiego79@gmail.com,statico
https://www.facebook.com/puntopizza.sanstinodilivenza,,nessuna-email
https://webapp.alvolo.app/42A7,,nessuna-email
https://m.facebook.com/arcapizzeria/,,nessuna-email
http://ristorantedaisetta.it/,isetta.trattoria@gmail.com,render+statico
http://www.pizzeriabice.it/,,irraggiungibile
https://essebioggipesce.it/,info@essebioggipesce.it,render
https://linktr.ee/ristorante.meiling,online@www.aaa.com,statico
https://linktr.ee/ristorante.meiling,only@savagex.com,statico
https://linktr.ee/ristorante.meiling,only@www.gobble.com,statico
https://borsariverona.it/,help@borsariverona.it,render
https://gusto769.it/,,nessuna-email
https://www.storiedamorerestaurant.it/,,nessuna-email
https://drinketteria.it/,drinketteria101@gmail.com,statico
https://m.facebook.com/ristorantedaamedeo/,,nessuna-email
https://www.jmenu.it/pizzeria-orchidea-maerne-martellago-venezia/,,irraggiungibile
https://www.gastronomiabattaggia.it/,,irraggiungibile
http://trattoriaalleone.eatbu.com/,frighetto.giulia94@gmail.com,statico
https://pianaccio.eatbu.com/,irene.gentilini@me.com,statico
https://www.facebook.com/share/1AZ5tBU3fV/,,nessuna-email
https://www.piadigena.it/,,nessuna-email
https://grandcanyonsteakhouse.it/,grandcanyonsteakhouse@gmail.com,statico
https://www.pasticceriamarisa.it/,emailinfo@pasticceriamarisa.it,statico
https://www.pasticceriamarisa.it/,info@pasticceriamarisa.it,statico
https://www.pasticceriamarisa.it/,ordini@pasticceriamarisa.it,statico
https://www.sancioinpiazza.it/,,nessuna-email
https://www.instagram.com/_bitcafe_,,nessuna-email
https://www.appenninohotel.it/,redazione@appenninohotel.it,statico
https://www.bocciofilavigasio.it/,giovanile.vigasio@gmail.com,statico
https://www.bocciofilavigasio.it/,info@bocciofilavigasio.it,statico
https://m.facebook.com/Pizzeria-Garden-di-Faccio-Mara-101431269378834/,,nessuna-email
http://www.agriturismo-cagabrielli.it/,cagabrielli@libero.it,statico
https://www.hotelnappini.it/,nappo@iol.it,statico
https://www.montemezzi.it/,info@montemezzi.it,statico
https://leondorosushi.eatbu.com/,leondorosushi23@gmail.com,statico
https://www.facebook.com/ristorante-ai-do-compari-208111179243845/,,nessuna-email
https://instagram.com/kioskobadia,,nessuna-email
https://www.instagram.com/murphys___irishpub/,,nessuna-email
https://finotratto.it/,,nessuna-email
https://www.allanave-dal1916.it/,,nessuna-email
https://www.gelateriasettimo.it/,,irraggiungibile
https://pizzerianemo.com/,,irraggiungibile
https://lastregapizzeria.it/landing,,nessuna-email
https://m.facebook.com/MALIK-GRILL-Vigasio-1217453231669535/,,nessuna-email
https://www.pizzeriaamodeo.com/,,nessuna-email
https://www.facebook.com/cornoallescale/,,nessuna-email
http://tinyurl.com/yshb98yn,,nessuna-email
https://www.leclementine.it/,,irraggiungibile
https://www.mistercaffe.com/it,info@mistercaffe.com,statico
https://www.facebook.com/%E0%AE%9C-Caff%C3%A8-Madame-%E0%AE%9C-%D6%85%CA%84%CA%84%C9%A8%C6%88%C9%A8%C7%9F%CA%9F-%CA%84%C7%9F%D5%BC-p%CE%B1%C9%A2e--124315184282981/,,nessuna-email
https://m.facebook.com/VillaCassandraSr/,,nessuna-email
https://www.rifugiolerocceclub.it/,lerocceclub@libero.it,statico
https://www.rifugiolerocceclub.it/,rifugio.lerocceclub@libero.it,statico
https://www.piccolohoteltanamalia.it/portfolio-item/busy-cafe/,info@piccolohoteltanamalia.it,statico
http://www.alsenatopizzeria.it/,,irraggiungibile
https://www.ristorantelarisotteria.it/,,nessuna-email
https://osteriaalsole.blogspot.com/,,nessuna-email
https://www.mondocapsula.it/,,timeout
https://ilpizzicottobelvedere.it/,,nessuna-email
https://pizzeriaincentrovigasio.altervista.org/,,nessuna-email
https://www.facebook.com/lapiadadeltajo,,nessuna-email
https://www.facebook.com/Al-Campanile-101531995435260/,,nessuna-email
https://www.facebook.com/altaglierepizzadasporto,,nessuna-email
https://anticaosteriarighetto.it/home-2025,osteriarighetto1780@gmail.com,statico
https://www.facebook.com/massimo.rosso.127,,nessuna-email
https://www.facebook.com/DragoPasticceriaCaffetteria/,,nessuna-email
http://www.cuciniamoemozioni.com/,,irraggiungibile
http://hoteldellacero.it/,,irraggiungibile
https://negozi.sisal.com/my-sisal/taglio-di-po-via-vittor-pisani-17-duo-giacinto,,irraggiungibile
https://m.facebook.com/ocioaisassiristorantipizzerie/,,nessuna-email
https://www.sushicity.it/,,nessuna-email
https://www.animapartenopea.com/,,nessuna-email
https://negozi.sisal.com/my-sisal/taglio-di-po-via-romea-144,,irraggiungibile
https://www.enotecalucieombre.it/,,nessuna-email
http://locanda-stella-doro.com.es//,,nessuna-email
https://www.locandarighetto.it/,,nessuna-email
http://www.gelaterie.it/154066_gelateria_cocot_legnaro.htm,,irraggiungibile
https://www.pasticceriabelvedere.it/,pasticceriabelvederesnc@pecpdcna.it,statico
https://itamaps.me/wok-sushi-smart-681521-it,contact@emayon.com,statico
https://www.scotadeo.com/,%20supermercatocosma@gmail.com,statico
https://www.trattoriaalgallo.com/,info@trattoriaalgallo.com,render
https://www.instagram.com/pizzeriadaluca_quinto,,nessuna-email
https://www.villapigalle.it/,,irraggiungibile
https://www.facebook.com/pages/category/Pizza-Place/lafarinera.solesino/posts/,,nessuna-email
https://www.facebook.com/osteriaanticaquerciasolesino/,,nessuna-email
https://bronxe.it/,info@bronxe.it,statico
https://www.bhrtrevisohotel.com/,events@bhr.tv.it,statico
https://www.bhrtrevisohotel.com/,info@bhr.tv.it,statico
https://www.bhrtrevisohotel.com/,job@bassohotels.it,statico
https://m.facebook.com/LaMargheritaBarPasticceria/,,nessuna-email
https://www.enobraceriailgallonero.it/,info@enobraceriailgallonero.it,statico
https://m.facebook.com/FuegoOnFire/,,nessuna-email
https://www.porcavaca.it/,,irraggiungibile
https://dnapesce.it/,,irraggiungibile
https://luneblanche.it/,luneblanche@virgilio.it,statico
https://www.hoteldianalegnaro.it/,,irraggiungibile
https://instagram.com/osteria.dasilvano,,nessuna-email
https://www.facebook.com/Pasticceria-Tagliapietra-356078671887/,,nessuna-email
https://instagram.com/pizzeriabarbalu_preganziol,,nessuna-email
https://www.yummypreganziol.com/,,nessuna-email
http://www.dinzu.it/treviso,,irraggiungibile
https://mymenuweb.com/it/restaurants/1047634/,server@mymenuweb.com,statico
http://www.palazzino.it/,,irraggiungibile
https://www.sfusimabuoni.com/,,irraggiungibile
https://www.facebook.com/Shockabab-Preganziol-436666719771576/,,nessuna-email
https://www.agriturismoalsile.com/,,irraggiungibile
https://linktr.ee/lovepizzaecocktails,contact@gdprlocal.com,statico
https://linktr.ee/lovepizzaecocktails,dpo.support@gdprlocal.com,statico
https://linktr.ee/lovepizzaecocktails,online@www.aaa.com,statico
https://linktr.ee/lovepizzaecocktails,only@savagex.com,statico
https://linktr.ee/lovepizzaecocktails,only@www.gobble.com,statico
https://linktr.ee/lovepizzaecocktails,privacy@linktr.ee,statico
https://panevero.com/,,nessuna-email
https://restaurant-nadi.it/,restaurant.nadi.contact@gmail.com,statico
https://www.jaramapizzaallabrace.it/,,nessuna-email
https://www.instagram.com/stapposteria,,nessuna-email
https://m.facebook.com/pages/Birreria-Jokerman/169379463135793,,nessuna-email
https://www.bacchusclub.it/,,irraggiungibile
https://www.venexianfood.it/,,irraggiungibile
https://www.osteriapessati.com/,,irraggiungibile
https://birrificioilmaglio.com/,,irraggiungibile
https://outsiderpub.com/,,timeout
https://www.instagram.com/mondopizzazane_official,,nessuna-email
https://www.facebook.com/pizzeriacampagne/,,nessuna-email
https://www.facebook.com/RistoranteEuropaZane/,,nessuna-email
https://www.facebook.com/pages/Agriturismo-Frasca-Da-Pompe/307695925911722,,nessuna-email
https://www.villaworks.org/vam-ristorante/,info@villaworks.org,statico
https://www.facebook.com/caffe.roma.roncade/,,nessuna-email
http://www.villaworks.org/,info@villaworks.org,statico
https://centroemisferozane.it/scheda-negozio/pizza-mi/,,nessuna-email
https://sanzenone-fusjon.it/,privacy@sanzenone-fusjon.it,statico
https://www.instagram.com/living_roncade/,,nessuna-email
http://www.cortemerci.com/,info@cortemerci.it,statico
https://www.pimentobistrot.it/,pimento.bistrot@gmail.com,statico
https://labaraccapreganziol.it/,,irraggiungibile
https://zeinsushi.it/,,nessuna-email
https://www.scaligerafood.it/,info@pizzerialagreca.it,render
https://www.cortemartini.it/,info@cortemartini.it,statico
https://www.staserapizzazane.it/,,irraggiungibile
https://www.cabembo.it/,pizzeriacabembo@gmail.com,statico
https://www.facebook.com/Orange-Caf%C3%A8-Roncade-258093877995801/,,nessuna-email
https://www.facebook.com/ostariadaPace/,,nessuna-email
https://www.pizzeriadagigi.com/,info@pizzeriadagigi.com,statico
https://www.facebook.com/Pizzeria-San-Lazzaro-Roncade-928529850512065/,,nessuna-email
https://www.facebook.com/osteriaallevignecatron,,nessuna-email
https://pizzeria-ezzelino.it/,,nessuna-email
https://www.hotelezzelino.com/,info@hotelezzelino.com,statico
http://www.instagram.com/osterialostetoscano,,nessuna-email
https://it-it.facebook.com/pages/Ristorante-Martini/355379171175411,,nessuna-email
https://www.langologoloso.it/,,timeout
https://www.ristorantealritrovo.com/,ristorantealritrovo@gmail.com,render
https://www.pizzeriadagian.com/,info@hotelvenere-negrar.it,statico
https://www.facebook.com/pages/Ses%C3%A0-di-Moro-Duilio/340345719866388,,nessuna-email
https://www.trattoriaallaruota.it/,fornitori@trattoriaallaruota.it,statico
https://m.facebook.com/ilfornodiantonia/,,nessuna-email
https://www.facebook.com/lagelatoteca/,,nessuna-email
https://restaurantguru.it/Pizzeria-Bella-Epoque-Di-Righetti-Igino-Negrar,,nessuna-email
https://gottardiverona.it/,panificio.gottardi@gmail.com,statico
https://www.ristorantevalpolicella.it/,info@ristorantevalpolicella.it,statico
https://www.lacoopera1945.it/,privacy@azalea.co,statico
https://labistrot.it/,thebistrotsrls@gmail.com,statico
https://m.facebook.com/pages/category/Coffee-Shop/ADORO-Caf%C3%A8-325987697568397/,,nessuna-email
https://anticaosteriailborgo.eatbu.com/,merzetamtt@libero.it,statico
https://borgotaurino.it/ristorante/,altoro@borgotaurino.it,statico
https://borgotaurino.it/ristorante/,info@borgotaurino.it,statico
https://www.facebook.com/pizzeriaFloridaNegrar/,,nessuna-email
https://it-it.facebook.com/barlapiazzettadiGiulia,,nessuna-email
https://www.trattoriaallaporchetta.it/,info@trattoriaallaporchetta.it,statico
https://circolodeibuoni.it/,circolodeibuoni@gmail.com,statico
https://circolodeibuoni.it/,info@circolodeibuoni.it,statico
https://www.facebook.com/GaldemanGrattacavalloRisorta/,,nessuna-email
https://www.facebook.com/Non-Solo-Pizza-Sandrigo-1455677227996388/about/,,nessuna-email
http://www.ristoranteallapergola.it/,info@ristoranteallapergola.it,statico
https://allecolline.it/bar/,info@allecolline.it,statico
https://pizzeriadarling.eatbu.com/,mazzoccoferruccio@alice.it,render
https://www.agriturismobolo.com/,info@agriturismobolo.com,render
https://www.allevigne.it/,,irraggiungibile
http://www.trattoriacaprini.it/,info@trattoriacaprini.it,render
http://www.casalespighetta.it/,,irraggiungibile
https://agriturismodallalibera.it/,rooms@agriturismodallalibera.it,statico
https://labottegadellapizzavaldobbiadene.it/,info@labottegadellapizzavaldobbiadene.it,statico
https://enotecadelbugiardo.it/,,nessuna-email
https://www.facebook.com/osteriadolcevista/,,nessuna-email
https://m.facebook.com/osteriaalcentro/,,nessuna-email
https://www.vetrineonline.com/shop,assistenza@vetrineonline.com,render
https://locandasandi.it/la-terrazza-della-locanda/,bottegavaldobbiadene@villasandi.it,statico
https://locandasandi.it/la-terrazza-della-locanda/,locandasandi@locandasandi.it,statico
https://www.ladamavini.it/,info@ladamavini.it,render
https://www.osteriaallaterrazza.it/,,nessuna-email
https://www.locanda800.it/,,irraggiungibile
https://www.ristorantemontegrande.it/,info@ristorantemontegrande.it,render
https://www.secc8bollicine.it/,info@secc8bollicine.it,statico
https://linktr.ee/trenoghere,online@www.aaa.com,statico
https://linktr.ee/trenoghere,only@savagex.com,statico
https://linktr.ee/trenoghere,only@www.gobble.com,statico
https://www.ristoranti3veneti.it/it/ristorante-in-valpolicella-vecchia-rama,,irraggiungibile
https://tramerestaurant.it/,,nessuna-email
https://www.locandamamagio.com/,info@locandamamagio.com,render
https://m.facebook.com/OsteriaPellegrina,,nessuna-email
https://gustificio.com/,info@gustificio.com,statico
https://www.osteriabarbozza.it/,info@osteriabarbozza.it,statico
https://www.osteriabarbozza.it/,l.s.b.srl@legalmail.it,statico
https://www.ristorantecasacaldart.it/,info@ristorantecasacaldart.it,statico
https://www.ristorantecasacaldart.it/,ristorantecasacaldart@pec.it,statico
https://www.wineshopalcanevon.it/,info@wineshopalcanevon.it,render
http://www.dericardo.it/,,irraggiungibile
http://www.locandasandi.it/,bottegavaldobbiadene@villasandi.it,render
http://www.locandasandi.it/,locandasandi@locandasandi.it,render
https://www.welcometothev.com/,news@welcometothev.com,render
http://driolangolo.it/,ordini@driolangolo.it,statico
https://m.facebook.com/pages/category/Pizza-Place/SECCO-PIZZA-2062968867114890/,,nessuna-email
https://www.duespade.com/,,irraggiungibile
https://www.trattoriacima.it/,info@trattoriacima.it,statico
https://casabrunoro.it/,info@casabrunoro.it,render
https://pizzerialagustosatavo.eatbu.com/,paolonicoletti76@gmail.com,statico
http://www.salisristorante.it/,,nessuna-email
https://www.osteriasenzoste.it/,,nessuna-email
https://www.dazattarin.it/,trattoria-zattarin@libero.it,statico
https://trattoriadallamarianna.it/,jobs@promoservice.com,statico
https://www.labrentavecchia.it/,info@labrentavecchia.it,statico
https://www.hotelzenit.it/,info@hotelzenit.it,statico
https://instagram.com/birrificiovalderon,,nessuna-email
https://www.facebook.com/lascalettapub,,nessuna-email
https://www.vigorantino.it/,zampieris@yahoo.it,render
https://www.daugo.net/,,irraggiungibile
https://www.trattoriaalbosco.net/,,irraggiungibile
https://www.hoteldiana.org/,,irraggiungibile
https://brenthaus.it/,,nessuna-email
https://itamaps.me/ristorante-pizzeria-jolly-579136-it,contact@emayon.com,statico
https://bellaselva.it/1/ristorante-costa/,g.fazioli@undolog.com,statico
https://bellaselva.it/1/ristorante-costa/,g.fazioli@wpxtre.me,statico
https://m.facebook.com/pages/category/Grocery-Store/Panificio-Pasticceria-Scolaro-743536209042123/,,nessuna-email
https://www.facebook.com/saporiemotoripadova/,,nessuna-email
https://almamas.it/,info@almamas.it,render
https://www.facebook.com/La-cucina-di-pedro-1115823221801378/,,nessuna-email
https://pizzeriatomejerry.altervista.org/,,nessuna-email
https://www.facebook.com/romanestienonsolo/,,nessuna-email
https://www.facebook.com/Caff%C3%A8-Mazzini-Winebar-508180112659601/,,nessuna-email
https://www.enoteca22.it/,,nessuna-email
https://madlenclub.com/,,nessuna-email
https://www.nuovafilanda.it/,info@nuovafilanda.it,statico
https://www.osteriadacaronte.it/,info@osteriadacaronte.it,statico
https://www.osteriadacaronte.it/,lemisnc@pec.ascommirano.it,statico
https://www.osteriadacaronte.it/,server@osteriadacaronte.it,statico
https://trattoriapizzerialcampanile.it/,alcampanile.trissino@gmail.com,statico
https://www.sangerestaurant.it/,,nessuna-email
https://www.instagram.com/casadeldolce_davidecaliaro,,nessuna-email
https://www.lacorteaperta.it/,prenotazioni@lacorteaperta.it,statico
https://www.lacorteaperta.it/,su.rosrl99@gmail.com,statico
https://www.arredamentialfa.com/,info@arredamentialfa.com,statico
https://www.blackrosetrissino.it/,blackrose.trissino@gmail.com,render
https://www.colombare.com/,,irraggiungibile
https://www.ristoranteallarco.it/,,irraggiungibile
https://www.ristorantedokdo.com/,,nessuna-email
https://www.facebook.com/anguriaraesotica,,nessuna-email
https://m.facebook.com/people/Planet-Pizza/100051581655812/,,nessuna-email
https://www.facebook.com/pages/category/Pizza-Place/PIZZA-FLASH-STRA-115035435868474/,,nessuna-email
https://www.lacapineraristorante.it/,info@lacapinerahotel.com,statico
https://www.pizzeriachiarotto.it/,,irraggiungibile
https://www.instagram.com/pasticcerianeire,,nessuna-email
https://www.dai-tosi.it/dai-tosi-trissino/,,irraggiungibile
https://m.facebook.com/PizzeriaHeidiMellaredo,,nessuna-email
https://www.facebook.com/RobertoLaPizza/,,nessuna-email
https://www.cristallobistro.com/,,irraggiungibile
https://www.allacampagna.it/,,irraggiungibile
http://www.be-pa.it/,,irraggiungibile
https://www.pizzaloca.net/,,nessuna-email
https://www.anticobraciere.it/,,irraggiungibile
https://m.facebook.com/pages/category/Diner/Trattoria-da-Paeto-Pianiga-174648742558467/,,nessuna-email
https://www.cicloosteria.it/,,irraggiungibile
https://www.brasseriehoublon.com/,,irraggiungibile
https://www.villairis.it/,,nessuna-email
https://taffy-flash-web.lovable.app/,,nessuna-email
https://www.facebook.com/panesalame.enoteca/,,nessuna-email
https://www.trattoriafogolar.it/,prenotazioni@trattoriafogolar.it,statico
https://pizzeriamediterrane.vercel.app/,,nessuna-email
https://www.facebook.com/sevenpubsaonara/,,nessuna-email
https://www.coredosud.it/,,irraggiungibile
https://angolo92.it/,,nessuna-email
https://www.osteriadelbaccaladalinda.it/,,irraggiungibile
https://m.facebook.com/Pasticceria-New-Village-415450235185881/,,nessuna-email
https://www.maoricafe.it/,info@maoricafe.it,statico
https://www.maoricafe.it/,restaurant@berg.com,statico
https://www.spazioautuori.com/,,irraggiungibile
https://sellervigorovea.it/,barcama@legalmail.it,statico
https://www.tonidigusto.it/,info@tonidigusto.it,statico
https://www.daregina.com/,regina.hotel@tiscali.it,statico
https://www.instagram.com/gela_naturale/,,nessuna-email
https://www.ristorantesoleado.it/,,irraggiungibile
https://www.gourmetpizzadelivery.it/,gourmetpizzadelivery@gmail.com,statico
http://www.ristorantepizzerialapeara.it/,info@ristorantepizzerialapeara.it,statico
http://www.ristorantepizzerialapeara.it/,ristorante.pizzeria.lapeara@gmail.com,statico
https://madamadore.vr.it/,madamadore.it@gmail.com,statico
https://www.mrkuai.it/,,nessuna-email
https://www.pizzeriadaibutei.it/,,nessuna-email
https://www.lacasadellapizza.net/,info@lacasadellapizza.net,render
https://www.macellerianicolettogianpaoloefigli.it/,,irraggiungibile
http://www.grmediterranea.it/,info@grmediterranea.it,statico
https://www.facebook.com/BarTriesteVR/,,nessuna-email
https://www.chefyouwant.com/,,irraggiungibile
https://www.misasushi.it/,,nessuna-email
https://sito.ristorantepizzeriadamichele.it/,info@pizzeriedamichele.it,statico
https://www.facebook.com/RichyCarpAriMarcolini,,nessuna-email
https://shangristorante.it/,,nessuna-email
https://wa.me/message/CUTW45TAD5YPG1,,nessuna-email
http://palazzomaffei.com/,info@cottinivini.com,render
http://palazzomaffei.com/,ospitalita@montezovo.com,render
https://www.daamos.it/,,irraggiungibile
https://www.veciobrenta.it/,,irraggiungibile
https://instagram.com/gelateriagioia_dossobuono,,nessuna-email
https://www.trattoriaalcavallino.it/,,irraggiungibile
https://www.instagram.com/borgo_bello_bistrot,,nessuna-email
https://m.facebook.com/Pizzeria-la-sorpresa-421141817943989/,,nessuna-email
https://www.facebook.com/PizzeriaFantasysnc/,,nessuna-email
https://www.facebook.com/Enoteca-Le-Tre-Lune-124943978074748/,,nessuna-email
https://www.pmarreda.eu/,,irraggiungibile
https://www.facebook.com/lagoverdedalorenzo,,nessuna-email
https://www.instagram.com/partenopeifontaniva,,nessuna-email
https://itamaps.me/stoppizza-440741-it,contact@emayon.com,statico
https://www.facebook.com/Osteria-Jera-Ora-158392571297360/,,nessuna-email
https://www.pizzeriacabrusa.com/,cafematinal@libero.it,render
https://www.albergoeuropa.it/,%20rist.albergoeuropa@libero.it,statico
https://www.albergoeuropa.it/,rist.albergoeuropa@libero.it,statico
https://www.albergoeuropa.it/,spiga.orazio@libero.it,statico
http://www.rubinellivajol.it/,,irraggiungibile
http://www.daifasolini.it/,,irraggiungibile
https://www.anticatrattoriaalbosco.com/,,irraggiungibile
https://www.facebook.com/LaGranRosta/,,nessuna-email
https://favaro1.com/it/,amministrazione@favaro1.com,statico
https://favaro1.com/it/,andrea.favaretto@meduse.design,statico
https://favaro1.com/it/,favaro1preventivi@gmail.com,statico
https://favaro1.com/it/,favaro1tools@gmail.com,statico
https://favaro1.com/it/,gestione@favaro1.com,statico
https://favaro1.com/it/,info@azienda.com,statico
https://favaro1.com/it/,info@favaro1.com,statico
https://favaro1.com/it/,marketing@favaro1.com,statico
https://favaro1.com/it/,preventivi@favaro1.com,statico
https://favaro1.com/it/,tommasomoretti88@gmail.com,statico
https://m.facebook.com/pierosnack/,,nessuna-email
https://www.cabusatti.com/,info@cabusatti.com,statico
https://losfiziodimatteo.it/,info@losfiziodimatteo.it,statico
https://www.ristorantecadelleanfore.com/,,nessuna-email
https://www.ristorantelagriglia.com/,,irraggiungibile
https://pazzidipizzajeffrynellibelli.it/,,nessuna-email
https://www.dafernanda.it/,info@dafernanda.it,statico
https://bar-76.metro.bar/,bar.leopardi76@gmail.com,statico
https://beestrot.eatbu.com/,apebeestrot@gmail.com,statico
https://www.alcentrale.it/,info@alcentrale.it,statico
http://www.tiktok.com/caffetteriaguida,marketing@tiktok.unlocking,statico
https://ktlh86.wixsite.com/doublebburgers,,nessuna-email
https://www.rhio.it/,,irraggiungibile
https://pizzevia.menudigitale.eu/,,nessuna-email
https://pizzeriaduomo.com/,,nessuna-email
https://lagoverdesilea.it/,,nessuna-email
http://www.instagram.com/lafiamma_zerobranco,,nessuna-email
https://www.urbangastronomia.it/,,irraggiungibile
https://nobiscafecaldiero.shop/,contact@grubbio.com,statico
https://domiirestaurant.it/,info@domii.it,statico
https://domiirestaurant.it/,mario.rossi@esempio.com,statico
https://domiirestaurant.it/,tua.email@esempio.com,statico
https://www.pasina.it/,pasina@pasina.it,statico
https://mistrotreviso.it/,element@object.kh,statico
https://mistrotreviso.it/,info@mistro.it,statico
https://mistrotreviso.it/,info@mistrotreviso.it,statico
https://itamaps.me/ristorante-oishii-caldiero-672743-it,contact@emayon.com,statico
https://www.facebook.com/LaTagliatadiLuca/,,nessuna-email
https://opengatepub.it/,dpo@arubapec.it,statico
https://opengatepub.it/,garante@gpdp.it,statico
https://opengatepub.it/,info@opengatepub.it,statico
https://opengatepub.it/,opengatepub@pec.it,statico
https://www.instagram.com/pizzeria_pignare,,nessuna-email
https://ristorantedaodino.it/,info@daodino.it,statico
https://www.barbarigoeventi.com/,info@barbarigoeventi.com,statico
https://www.hotelantichicortili.it/,,irraggiungibile
https://www.pizzeriadapaolo.it/,,irraggiungibile
https://www.facebook.com/Boogie.Snack.Bar,,nessuna-email
https://pinseriadalmori.com/,info@dalmori.it,statico
https://www.lanuovaostaria.com/,lanuovaostaria@hotmail.it,statico
http://m.facebook.com/Pizzeria-Al-Canton-1050205891662988,,nessuna-email
https://www.facebook.com/pizzaaltagliodaricky,,nessuna-email
https://www.allasicilia.it/,info@osteriacasavian.it,statico
https://www.facebook.com/ROAD.GRILL/,,nessuna-email
https://www.parcocasavianwedding.it/,parcocasaviansposi@gmail.com,render
https://www.gossipbuffetrestaurant.it/,marinodona@hotmail.it,statico
http://www.spacciodolcegelato.it/,info@dolcegelato.it,statico
http://www.spacciodolcegelato.it/,shop@dolcegelato.it,statico
https://www.casabattistisalsamenteria.it/,,irraggiungibile
https://alpescatoretreporti.it/,info@alpescatoretreporti.it,statico
https://www.osolemiocavallinotreporti.com/,nosolemiomontello@outlook.it,statico
https://www.osolemiocavallinotreporti.com/,osolemiomontello@outlook.it,statico
https://www.osolemiocavallinotreporti.com/,osolemiopizzeria.casavio@gmail.com,statico
https://www.anticadogana.info/,info@anticadogana.info,statico
https://www.chioscofabiola.it/,info@chioscofabiola.it,statico
https://m.facebook.com/POLIBARCAFFE/,,nessuna-email
http://www.zeuspizza.it/zeus-pizza-zero-branco-listino/,,irraggiungibile
https://www.boomerangpub.it/,,irraggiungibile
https://www.facebook.com/cioeto.bar,,nessuna-email
https://www.sound-beach.com/,77giove@libero.it,render
https://www.facebook.com/pages/category/Ice-Cream-Shop/Buono-Bio-175862212589160/,,nessuna-email
https://www.alfunghetto.it/,info@alfunghetto.it,statico
https://www.alfunghetto.it/,server@www.alfunghetto.it,statico
https://www.ristorante1922.it/,info@ristorante1922.it,render
https://anticaosteriaguarnier.shop/,contact@grubbio.com,statico
https://www.allebetullemontello.it/,ristoranteallebetulle@gmail.com,statico
https://aidocampanili.it/,,nessuna-email
http://pizzafantasy.verona.it/,,irraggiungibile
https://www.ilsignoredeifornelli.it/,,irraggiungibile
http://www.postavecia.com/,,irraggiungibile
https://www.osteriadamaria.it/,,irraggiungibile
https://www.caliciemare.com/,info@caliciemare.com,statico
https://www.letoileresto.it/,letoile.resto@gmail.com,render
https://www.villagentile.it/,,nessuna-email
https://www.facebook.com/ALCANTONOSTERIA/,,nessuna-email
https://www.facebook.com/Locanda-Santa-Mama-268103836614872/,,nessuna-email
https://www.ristorantepescebragosso.com/,ristorantebragosso@alice.it,statico
https://www.facebook.com/pages/Pizzeria-Rivasecca/183114438503952,,nessuna-email
https://www.facebook.com/amaroameta2018,,nessuna-email
https://www.facebook.com/pg/Caf%C3%A8-en-Rose-193672791418528/posts/,,nessuna-email
https://www.ristorantelabeccaccia.it/,info@ristoranteallabeccaccia.it,statico
https://www.ristorantelabeccaccia.it/,info@ristorantelabeccaccia.it,statico
https://instagram.com/pizzeriaalpontecornuda,,nessuna-email
https://casavio.com/,,nessuna-email
https://www.osteriaalborgoantico.it/,,irraggiungibile
https://www.gelateriastefy.it/,,irraggiungibile
https://pizzaexpresssalgareda.it/,pomodoriebasilico@gmail.com,statico
https://www.pizzeriamichele.it/,,nessuna-email
http://www.ristorantecasabedin.it/,ristorantecasabedin@gmail.com,statico
https://www.trattoria-daluciano.it/,bedinluciano61@gmail.com,statico
https://ristorantemagiadelbrenta.it/,,timeout
https://www.facebook.com/share/1C97Rt8sxN/,,nessuna-email
https://rcarredamenti.com/,,irraggiungibile
https://www.locandazanella.com/,,irraggiungibile
https://poverore.it/,,nessuna-email
https://damome.my.canva.site/,mome.ristorante@gmail.com,render
https://damome.my.canva.site/,nmome.ristorante@gmail.com,render
https://trattoriadanicola.eatbu.com/,nicolatuis@gmail.com,statico
https://bistrotdea.com/,bistrotdea@gmail.com,statico
https://bistrotdea.com/,racu.andreea.georgiana@pec.it,statico
https://www.facebook.com/allastazionediposta,,nessuna-email
https://www.ristorantepizzeriainbusa.it/,,irraggiungibile
https://www.pradarca.it/,pradarca@gmail.com,statico
https://instagram.com/bacareto_da_lino,,nessuna-email
https://www.birralaru.it/,,irraggiungibile
https://100x100pizza.com/,info@100x100pizza.com,statico
https://100x100pizza.com/,tvinfo@100x100pizza.com,statico
https://lecorderie.com/,ristorante@lecorderie.com,statico
https://www.nordristorazione.it/,,irraggiungibile
http://www.pizzeriadacracco.it/,,irraggiungibile
https://www.facebook.com/elcanfin.ospedalettoeuganeo/,,nessuna-email
https://www.ristorantelamandria.it/,info@ristorantelamandria.it,statico
https://www.sukiko.it/,info@sukiko.it,statico
https://panificiobertagno.it/,,nessuna-email
https://instagram.com/il_bacareto_di_franco,,nessuna-email
https://www.facebook.com/liagiu89/,,nessuna-email
https://sestosenso.online/,info@localweb.it,statico
https://sestosenso.online/,orjon.nallbati@onlawoffice.com,statico
https://sestosenso.online/,privacy@localweb.it,statico
https://sestosenso.online/,sestosenso993@gmail.com,statico
https://linktr.ee/locandaanticabribano,contact@gdprlocal.com,statico
https://linktr.ee/locandaanticabribano,dpo.support@gdprlocal.com,statico
https://linktr.ee/locandaanticabribano,online@www.aaa.com,statico
https://linktr.ee/locandaanticabribano,only@savagex.com,statico
https://linktr.ee/locandaanticabribano,only@www.gobble.com,statico
https://linktr.ee/locandaanticabribano,privacy@linktr.ee,statico
https://www.soulshi.it/,info@soulshi.it,statico
https://www.soulshi.it/,soulshi.sedico@gmail.com,statico
https://www.soulshi.it/,utente@dominio.com,statico
https://pizzeriarianata.it/,pizz.rianata@libero.it,statico
https://pizzeriarianata.it/,server@pizzeriarianata.it,statico
https://www.facebook.com/share/g/15yBNY4uwU/,,nessuna-email
https://www.antichevignedal1940.it/,,irraggiungibile
http://facebook.com/Non-Solo-Pane-113342197136516,,nessuna-email
https://www.ornellamolon.it/,info@ornellamolon.it,statico
https://listino.online/pizzaidea/menu/,,nessuna-email
https://www.altrovatore.it/,,nessuna-email
https://www.borgoronchetto.com/,,timeout
http://www.320celsius.com/,,irraggiungibile
https://www.facebook.com/dagiginopizzeria,,nessuna-email
https://it-it.facebook.com/helploungebar/,,nessuna-email
https://www.focuscucine.com/,,nessuna-email
https://www.facebook.com/birreriailmaso,,nessuna-email
https://www.facebook.com/BarDaGiocondo,,nessuna-email
https://ristorante-nice.touritaliani.top/,,timeout
https://www.casadeiracconti.it/,,irraggiungibile
http://www.lacusineta.it/,informazioni@lacusineta.it,statico
https://www.facebook.com/lascoglierasedico,,nessuna-email
https://whynotsedico.it/,,nessuna-email
http://www.bottegadelgelatolimena.it/,info@bottegadelgelatolimena.it,statico
https://www.facebook.com/KebabPakFastFood,,nessuna-email
https://www.ristorantealcappello.it/,ristorantealcappello@alice.it,statico
https://www.inlocanda.it/,info@inlocanda.it,statico
https://www.inlocanda.it/,server@www.inlocanda.it,statico
https://www.lafiamma.it/,info@lafiamma.it,statico
https://ubispizza.it/,osuamisrl@legalmail.it,render
https://www.mypizzasedico.it/,element@object.kh,render
https://www.facebook.com/PepperONE-pizzeria-da-asporto-Breganze-1503562359919568/,,nessuna-email
https://spiedifirpo.it/,,nessuna-email
https://www.facebook.com/Pizzeria-Remember-149171121816892/,,nessuna-email
https://www.askitalia.com/,,nessuna-email
https://www.laciacola.com/,contact@ekko.com,render
https://www.ristorantelabuonatavola.it/,,irraggiungibile
https://www.greenwichrestaurant.it/,progettogreenwich@legalmail.it,statico
https://www.facebook.com/oriettacantondivino/,,nessuna-email
https://it-it.facebook.com/pages/category/Restaurant/La-Piazzetta-358710734164354/,,nessuna-email
https://www.micelioristorante.com/,info@mysite.com,render
https://www.micelioristorante.com/,micelioristorante@gmail.com,render
http://www.latenutamk.it/,%20mkdamiki@gmail.com,statico
http://www.latenutamk.it/,europacaffe@legalmail.it,statico
http://www.latenutamk.it/,mkdamiki@gmail.com,statico
https://www.instagram.com/fattidiluppolo.limena/,,nessuna-email
https://sushirakki.it/limena/,server@sushirakki.it,statico
https://www.latenutamk.it/,%20mkdamiki@gmail.com,statico
https://www.latenutamk.it/,europacaffe@legalmail.it,statico
https://www.latenutamk.it/,mkdamiki@gmail.com,statico
http://www.barcaffecuore.it/,,nessuna-email
https://sanshilimena.it/,info@juiceito.com,statico
https://sanshilimena.it/,sanshirestaurant@gmail.com,statico
https://www.schumypizza.it/,edoardo.boschiero@gmail.com,statico
https://www.facebook.com/GOOD-TIMES-Pasticceria-Gelateria-Bar-601149943319733,,nessuna-email
https://www.ristorantetombolato.it/,info@ristorantetombolato.it,statico
https://www.oldwildwest.it/it/ristoranti/limena-the-space,cigierre@legalmail.it,statico
https://www.oldwildwest.it/it/ristoranti/limena-the-space,dpo@cigierre.com,statico
https://www.oldwildwest.it/it/ristoranti/limena-the-space,limena@oldwildwest.it,statico
https://www.facebook.com/panificiolazzarottolimena/,,nessuna-email
https://www.facebook.com/Restaurant-romanesc-NORD-EST-oficial-640178809335386/,,nessuna-email
https://www.pizzalongaway.it/le-nostre-pizze/,,nessuna-email
https://www.facebook.com/suitelimena/,,nessuna-email
https://www.facebook.com/ristorante.fulushou/,,nessuna-email
https://www.ristorantefaresin.it/,,irraggiungibile
https://www.ore8academy.com/,info@ore8academy.com,render
https://www.ristorantealcamin.it/,info@ristorantealcamin.it,statico
https://cortina.eighthotels.it/,,nessuna-email
https://www.ilviziettodicortina.it/,info@ilviziettodicortina.it,statico
https://www.trattoriagarden.it/,gardengedlimena@gmail.com,statico
http://www.selfservicemagro.it/,info@selfservicemagro.it,statico
http://www.spidypizza.it/,,irraggiungibile
https://japanhouse.it/,,irraggiungibile
https://www.lacantinettalimena.com/,,irraggiungibile
https://www.lapaelladipiero.com/,,irraggiungibile
https://www.janbodiscopub.com/,janbocortina@gmail.com,statico
https://www.fvsioncortina.it/,fvsioncortina@gmail.com,statico
https://www.facebook.com/baitailcervocortina/,,nessuna-email
https://pizzeriaportorotondocortina.shop/,contact@grubbio.com,statico
https://www.pasticcerialelli.it/,,irraggiungibile
https://instagram.com/bararnika_cortina,,nessuna-email
https://m.facebook.com/pages/Hacker-Pschorr-Cortina/135160409876337,,nessuna-email
https://www.instagram.com/ampezzopizza/,,nessuna-email
https://www.hotelcristallino.com/,,nessuna-email
https://m.facebook.com/pages/Pizzeria-Vienna/164308136949315#_=_,,nessuna-email
https://www.tigellabellamenu.it/limena/,,irraggiungibile
https://www.tirovino.it/,,nessuna-email
https://ristoranterastua.com/,info@ristoranterastuacortina.it,statico
https://6persempre.it/,info@6persempre.it,statico
https://www.hierbasclub.it/,,timeout
https://www.ilpontecortina.it/,,timeout
http://www.ristoranteamadeuscortina.it/,,irraggiungibile
https://pitstop2.company.site/,abuse@company.site,statico
https://pitstop2.company.site/,pitstoplazise2002@gmail.com,statico
https://www.freccianelcielo.com/,0436060152info@cortinain.comwww.cortinain.com,statico
https://www.freccianelcielo.com/,30103press@edizionifilo.comwww.edizionifilo.com,statico
https://www.freccianelcielo.com/,gastronomia@freccianelcielo.com,statico
https://www.freccianelcielo.com/,info@cortinain.com,statico
https://www.freccianelcielo.com/,info@freccianelcielo.com,statico
https://www.freccianelcielo.com/,press@edizionifilo.com,statico
https://www.freccianelcielo.com/,tofanacortina@freccianelcielo.com,statico
https://www.lafornerialecce.it/,assistenza@webador.it,statico
https://latavernettadicortina.it/menu/,,nessuna-email
https://www.pizzerialaperlacortina.it/,,timeout
https://www.lasuitecortina.it/,,irraggiungibile
https://www.ristorantetivolicortina.it/,info@ristorantetivoli.it,statico
https://www.instagram.com/lanterna.cortina/,,timeout
https://www.ristorantearistoncortina.it/,,timeout
https://linktr.ee/stuzzicofoodtruck,contact@gdprlocal.com,statico
https://linktr.ee/stuzzicofoodtruck,dpo.support@gdprlocal.com,statico
https://linktr.ee/stuzzicofoodtruck,info@stuzzicofoodtruck.it,statico
https://linktr.ee/stuzzicofoodtruck,online@www.aaa.com,statico
https://linktr.ee/stuzzicofoodtruck,only@savagex.com,statico
https://linktr.ee/stuzzicofoodtruck,only@www.gobble.com,statico
https://linktr.ee/stuzzicofoodtruck,privacy@linktr.ee,statico
https://lagoscinrestaurant.com/,,timeout
https://elbronsin.my.canva.site/,,nessuna-email
https://www.riogere.it/,ristorante@riogere.it,statico
https://www.instagram.com/rifugiosocrepes/,,timeout
https://www.parchotelvictoria.com/#restaurant,,timeout
https://www.laterrazzacortina.it/,,timeout
https://miragecortina.it/,info@miragecortina.com,statico
https://lagopianozesrestaurant.it/,,timeout
https://m.facebook.com/villasandicortina/,,nessuna-email
https://beachbarfood.it/,,nessuna-email
https://www.ilporticciolodelcampanello.it/,porticciolodelcampanello@gmail.com,render
https://www.enotecasandaniele.com/,info@enotrattoriaserafino.com,statico
https://www.enotecasandaniele.com/,utente@dominio.com,statico
https://www.horseandhounds.it/,,timeout
http://www.hotelristoranteloscoglio.it/ristorante.asp,,irraggiungibile
https://lotusoriental.it/,,timeout
https://www.locandaboselli.com/,,nessuna-email
https://arte-bianca.eatbu.com/,artebianca24@yahoo.com,render
https://www.ballotta.it/,info@ballotta.it,statico
http://www.antichisaporimontorio.it/home.html,,irraggiungibile
https://www.trattoriaalmorar.it/,umalosnc@gmail.com,statico
https://www.instagram.com/osteria_incontro,,nessuna-email
https://www.countryhouseloscoiattolo.it/,info@countryhouseloscoiattolo.it,statico
https://pizzeriacuoreesapore.eatbu.com/,andreadona02@gmail.com,statico
https://www.trattorialdosso.it/,,nessuna-email
https://www.facebook.com/TRANQI-138564352856626/,,nessuna-email
https://www.facebook.com/acquapazza.damario,,nessuna-email
https://m.facebook.com/pages/Trattoriaalla-Botteghetta/1788413448117364,,nessuna-email
https://www.localiconsigliati.it/azienda-1029-Veneto-Padova-Torreglia%20-%20Luvigliano-Osteria-Bar-El-Panevin.html,info@agenziacostasaragozza.it,statico
https://www.localiconsigliati.it/azienda-1029-Veneto-Padova-Torreglia%20-%20Luvigliano-Osteria-Bar-El-Panevin.html,info@localiconsigliati.it,statico
https://instagram.com/homerestaurantdasusanna,,nessuna-email
https://www.facebook.com/EnotecaPERBacco.it/,,nessuna-email
https://osteriavolantetorreglia.it/,osteriavolantetorreglia@gmail.com,statico
http://www.frutteria.com/,,nessuna-email
http://www.piccolomarte.it/,,nessuna-email
https://www.facebook.com/share/16WmC6vJNP/,kiji40@hotmail.com,render
https://www.trattoriadamaick.it/,,irraggiungibile
https://www.riccigianluca.com/,,irraggiungibile
https://www.alpirio.com/,,irraggiungibile
https://www.littlecharlie.it/,,nessuna-email
https://www.trattoriaantenore.it/,,irraggiungibile
https://www.ristoranteallavigna.com/,,nessuna-email
https://www.oasirossi.it/,540104volare@oasirossi.it,statico
https://www.oasirossi.it/,549126garden@oasirossi.it,statico
https://www.oasirossi.it/,garden@oasirossi.it,statico
https://www.oasirossi.it/,volare@oasirossi.it,statico
https://www.facebook.com/TrattoriaDG/,,nessuna-email
https://www.facebook.com/TPLiviana/,,nessuna-email
https://www.latavolozzatrattoria.com/,latavolozzatrattoria@libero.it,statico
https://www.alroccolo.com/,,timeout
https://m.facebook.com/trattoriaalfante/,,nessuna-email
https://www.rosticceriacentrale.com/,info@rosticceriacentrale.com,statico
https://lagoverdetorreglia.it/,,nessuna-email
https://www.trattorialagriglia.com/,,nessuna-email
https://www.inanguriara.it/,prenotazioni.anguriara@gmail.com,statico
https://www.pasticceriabacelle.it/,,irraggiungibile
https://www.iltuomenu.info/timeouttorreglia,,irraggiungibile
https://enotecadimonteforte.it/,,nessuna-email
https://www.trattoriaallapesa.it/,,nessuna-email
https://www.facebook.com/Colibr%C3%AC-da-Erika-1518467468429065/,,nessuna-email
https://www.facebook.com/Barosteriaalmonte/,,nessuna-email
https://www.instagram.com/gabrymonteforte/,,nessuna-email
https://www.cabosello.it/,info@cabosello.it,statico
http://lavidararosolina.wix.com/lavidara-rosolina,,nessuna-email
https://www.facebook.com/Il-Gelatiere-nel-Delta-1675169796086202/,,nessuna-email
https://www.hotelformulaspa.it/,booking@hotelformulaspa.it,statico
https://www.agriturismodamea.it/,,nessuna-email
http://ristadvisor.it/Province_of_Rovigo_Veneto/Ristorante-Pizzeria-Segelschule_Rosolina.html#nbb,,nessuna-email
https://www.ristorantelamarescialla.it/,lamarescialla97@yahoo.it,statico
https://www.joy96restaurant.com/,info@hotelumbertorosolina.com,statico
https://www.joy96restaurant.com/,info@joy96restaurant.com,statico
https://www.facebook.com/ristorantepizzericorallo/,,nessuna-email
https://www.taparo.it/,,irraggiungibile
https://www.ristoranteafazenda.it/,,irraggiungibile
https://www.facebook.com/TIRATARDI-pizza-piadina-119032884773476/,,nessuna-email
https://www.birrificiobagolo.it/,,irraggiungibile
https://www.ilconviviotrattoria.com/,,irraggiungibile
https://camorsintrattoristo.it/,,irraggiungibile
https://ristorantecappello.it/,,irraggiungibile
http://m.facebook.com/barcastellomontebello/,,nessuna-email
http://www.inmarinetta.it/,,irraggiungibile
https://www.ristorantealmonte.it/,info@ristorantealmonte.it,render
https://www.rosapineta.it/de/restaurants.php,info@rosapineta.it,render
https://lapadanamontebello.it/,info@lapadanamontebello.it,render
https://www.locanda42.it/,locanda42@gmail.com,render
http://www.latavernarosolina.it/,,irraggiungibile
http://www.pizzaokmontebello.it/,,nessuna-email
https://www.amedeosoavetrattoria.it/,,nessuna-email
https://www.villafrassino.it/,info@villafrassino.it,render
https://lacasara.it/,info@lacasara.it,render
https://lacasara.it/,nfo@lacasara.it,render
http://altoadriatiko.it/ristorante-vittoria/,commerciale@altoadriatiko.it,statico
http://altoadriatiko.it/ristorante-vittoria/,info@rstservices.it,statico
https://www.instagram.com/losteriadiviaromasoave,,nessuna-email
http://www.enotecarealda.it/,staff@enotecarealda.it,statico
https://www.mrjackburger.it/,,nessuna-email
https://www.trattorialastella.it/,trattorialastella@pec.it,render
https://www.trattorialastella.it/,trattorialastellasoave@gmail.com,render
https://www.stellamarinarosolina.it/,,irraggiungibile
http://www.ristorantebacaroilgusto.it/,ristorantebacaroilgusto@gmail.com,statico
http://www.ristorantebacaroilgusto.it/,ristorantebacaroilgusto@pec.it,statico
https://ifasoidepierocula.lovable.app/,ifasoidepierocula@gmail.com,statico
https://www.facebook.com/Trattoria-DAL-MORO-279519012242317/,,nessuna-email
https://www.instagram.com/mattielli__soave/,,nessuna-email
https://www.instagram.com/pizza_dagli_zii,,nessuna-email
https://www.osteriadelmaresoave.it/,info@ristorantealgambero.it,statico
https://www.facebook.com/girasolefosso/,,nessuna-email
http://www.allarampa.eu/,albergo.allarampa@gmail.com,render
https://www.pizzeriadasandra.it/,info@pizzeriadasandra.it,render
https://soavecucinaepizza.it/,info@soavecucinaepizza.it,statico
https://www.ristorantemedioevo.com/,,irraggiungibile
https://portaverona.com/,,nessuna-email
https://www.cadememi.it/,info@cadememi.it,statico
https://www.cadememi.it/,utente@dominio.com,statico
https://www.lachiesetta20.it/,,timeout
https://www.zefrido.it/,,irraggiungibile
https://www.locandaelgrio.com/,,nessuna-email
https://www.greenpizzapieve.it/,,nessuna-email
https://www.leopizza.it/,leopizzasrl@gmail.com,statico
http://www.pullinpizzeriaristorante.wordpress.com/,,nessuna-email
https://www.instagram.com/41amicialbar,,nessuna-email
https://www.damaitabistro.it/,,irraggiungibile
https://www.instagram.com/amici_del_panevin_pinidello,,nessuna-email
https://www.fracanzana.com/it/,,irraggiungibile
https://bit.ly/NoceDicembre22,noce.pizzeria@gmail.com,render
https://thetowersmontebello.it/,,irraggiungibile
https://www.ristorantepizzeriaeuropa.it/,,timeout
https://www.facebook.com/locandaalsole.rua,,nessuna-email
https://alcentrale.shop/,alcentrale.shop@gmail.com,statico
https://www.facebook.com/ProntoPizzaCasaleone/,,nessuna-email
https://officinadeisaporivr.it/,,nessuna-email
https://www.rimaz.it/,emailrimaz@rimaz.it,statico
https://www.rimaz.it/,rimaz@rimaz.it,statico
https://www.sanferdinandolevada.com/,info@sanferdinandolevada.it,statico
http://www.verandarosolinamare.it/,,timeout
https://www.allangolopizzeria.it/,,irraggiungibile
https://www.enotecadelsoave.it/,,irraggiungibile
http://www.gelateriacristallo.it/caffe-bardolino.html,profumerialaura@gmail.com,statico
https://www.bigoleriaallarocca.it/,,irraggiungibile
https://langolonascosto.net/,,nessuna-email
https://m.facebook.com/alcacciatoremicheletto/,,nessuna-email
https://www.locandacinquepanieduepesci.it/,,irraggiungibile
https://www.facebook.com/La-MoraViola-1685775771687139/,,nessuna-email
http://www.gelateriacristallo.it/,profumerialaura@gmail.com,statico
https://lapostinaal1.com/,,nessuna-email
https://caesarbardolino.it/,info@caesarbardolino.it,statico
https://linktr.ee/algermanoreale,contact@gdprlocal.com,statico
https://linktr.ee/algermanoreale,dpo.support@gdprlocal.com,statico
https://linktr.ee/algermanoreale,online@www.aaa.com,statico
https://linktr.ee/algermanoreale,only@savagex.com,statico
https://linktr.ee/algermanoreale,only@www.gobble.com,statico
https://linktr.ee/algermanoreale,privacy@linktr.ee,statico
https://www.gustarepadova.it/caffe-palladio/,,nessuna-email
https://www.facebook.com/obiettivopizza/,,nessuna-email
https://www.officinadelgustoitalia.it/,,irraggiungibile
https://m.facebook.com/battistontrattoria/,,nessuna-email
https://www.gelateriacristallo.it/,profumerialaura@gmail.com,statico
https://fb.me/Angolinobistrot,,nessuna-email
https://ristoranteiduealfieri.shop/,ristoranteiduealfieri.shop@gmail.com,statico
https://www.facebook.com/allavecchiaosteria.bardolino,,nessuna-email
https://www.cadelpoggio.it/,hotel@cadelpoggio.it,statico
https://www.cadelpoggio.it/,ristorante@cadelpoggio.it,statico
https://www.cadelpoggio.it/,social@cadelpoggio.it,statico
https://www.facebook.com/Trattoria-da-Memo-150298331694732/,,nessuna-email
https://www.pizzeriadamassimo.it/,,irraggiungibile
https://www.hoteldulacbellevue.com/,booking@europlan.it,render
https://www.facebook.com/Ristorante-biri-bardolino-519006398114308/,,nessuna-email
https://ristorantepizzeriaduetorri.shop/,ristorantepizzeriaduetorri.shop@gmail.com,statico
https://www.instagram.com/p/Cm7MrQ_MKFz/,,nessuna-email
https://pizzeriadaltato.it/,info@pizzeriadaltato.it,statico
https://www.collinediluce.it/,,irraggiungibile
https://www.ristorantedabeppina.it/,ristorantedabeppina@gmail.com,statico
https://www.facebook.com/Ristorante-Al-Gabbiano-266943023405333/,,nessuna-email
https://www.motivicafe.it/,,irraggiungibile
https://www.lagoalboschetto.it/,,irraggiungibile
https://www.speckstubebardolino.it/,artan6305@hotmail.it,statico
https://www.facebook.com/trattoriadelpescelavirata,,nessuna-email
https://www.instagram.com/fuoori_zoona,,nessuna-email
https://sites.google.com/view/trattoria-pizzeria-al-corso/home,alcorso.trattoria@gmail.com,statico
https://www.trattoriacostadoro.it/,%20info@trattoriacosatdoro.it,statico
https://www.trattoriacostadoro.it/,info@trattoriacosatdoro.it,statico
https://www.trattoriacostadoro.it/,info@trattoriacostadoro.it,statico
https://www.facebook.com/pizzeriabardolino,,nessuna-email
https://www.ristorantenauticobardolino.com/,nautico.restaurant.bardolino@gmail.com,statico
https://www.botegafosseselle.it/,info@botegafosseselle.it,render
https://www.instagram.com/barkino_beachcafe,,nessuna-email
http://www.pasticceriafrac.it/,info@frac1948.it,statico
https://ristoasi.com/lacontrada.html,info@ristoasi.com,statico
https://ristoasi.com/lacontrada.html,info@ristoasi.it,statico
https://barwolf.altervista.org/,tavernaromettagiulieo@gmail.com,statico
http://www.ristoranteladacia.com/,,irraggiungibile
http://www.albergoquari.it/,infoquari@veronahotelservice.it,statico
https://ristoasi.com/villaeire.html,info@ristoasi.com,statico
https://ristoasi.com/villaeire.html,info@ristoasi.it,statico
https://www.facebook.com/Il-Portichetto-1438025433109389/,,nessuna-email
http://campingarda.it/campingcontinental/wp-content/uploads/SITO-MATO_LISTINO_2026_web.pdf,,nessuna-email
https://www.lidocisano.com/,,irraggiungibile
https://www.pizzeriagiuliana.it/,info@pizzeriagiuliana.it,statico
https://www.pizzeriagiuliana.it/,utente@dominio.com,statico
https://www.arcabardolino.it/it,,nessuna-email
https://www.alcardellino.it/,,nessuna-email
https://www.laverandadelcolor.it/it,,irraggiungibile
https://ristorantelaportabardolino.it/,,nessuna-email
https://www.locandabaitaalarte.com/,andrea47_1@libero.it,statico
https://www.facebook.com/Pizzeria-Baia-del-Re-Cologna-Veneta-940980919332095/,,nessuna-email
https://www.facebook.com/pages/Trattoria-La-Prada/417450115027598,,nessuna-email
https://www.giroslab.it/,giros70@gmail.com,statico
https://www.facebook.com/la.lanterna.14/,,nessuna-email
https://www.alportobardolino.it/,,irraggiungibile
https://agriturismodeigrippi.it/ristorante/,info@agriturismodeigrippi.it,statico
https://agriturismodeigrippi.it/ristorante/,piscina@agriturismodeigrippi.it,statico
https://instagram.com/whatelse_bardolino,,nessuna-email
https://www.facebook.com/icedreamgiangusto/,,nessuna-email
https://www.facebook.com/latanadizionando,,nessuna-email
https://www.facebook.com/lacampagnolaagriturismo/,,nessuna-email
http://www.facebook.com/TakeAwayNove,,nessuna-email
https://www.facebook.com/pizzapalazzolodisona,,nessuna-email
https://www.facebook.com/PasticceriaSeghetto/,,nessuna-email
https://elbagolo.it/,info@elbagolo.it,render
https://www.facebook.com/AlGiardinettoSantaGiustina/,,nessuna-email
http://hokkaidorimini.com/,,nessuna-email
https://locandastazione.it/,locandastazione1@gmail.com,render
http://www.alcapitello.it/,,irraggiungibile
https://www.instagram.com/nov9pizza,,nessuna-email
https://www.oltrepizza-grezzana.com/,,irraggiungibile
https://www.facebook.com/pizzeriasanquirico,,nessuna-email
https://www.pasticcerialabriciola.it/,labriciola1984@gmail.com,statico
https://www.trattoriaalpigno.it/,,irraggiungibile
https://www.facebook.com/PizzeriaTorres/,,nessuna-email
https://www.facebook.com/piadarimini/,,nessuna-email
https://www.facebook.com/CaffetteriaColonnaMontanara/,,nessuna-email
https://www.parkhotelimperatoreadriano.it/,info@imperatorecongressi.com,statico
https://www.parkhotelimperatoreadriano.it/,johndoe@gmail.com,statico
https://www.arredamentirustici.it/,,irraggiungibile
https://www.agriristorantealbraglio.com/,agriristorantealbraglio@virgilio.it,statico
https://gastronomiamarefritto.com/,,nessuna-email
https://www.facebook.com/gnam.pizzeedelizie/about,,nessuna-email
https://www.facebook.com/acasadiboh/,,nessuna-email
https://m.facebook.com/Ristorante-da-Totarello-112568455468583/,,nessuna-email
https://instagram.com/tomahawk_grillpinsa,,nessuna-email
https://www.facebook.com/pages/La-Pergola-Pizzeria-Villa-Adriana/1175467205812514,,nessuna-email
https://www.biodacesco.it/,info@biodacesco.it,statico
https://www.instagram.com/fiore.villanova/,,nessuna-email
https://www.ristorante-pizzeria-da-leo.it/,contatto@esempio.it,statico
https://www.ristorante-pizzeria-da-leo.it/,ristorantepizzeriadaleovr@gmail.com,statico
http://www.giscover.com/tours/tour/display/5076/print,,nessuna-email
https://www.elgran.it/,fattoriadidattica@elgran.it,statico
https://www.elgran.it/,info@elgran.it,statico
https://it-it.facebook.com/-Agriturismo-Da-Gabriele-100890636718182/,,nessuna-email
http://www.locanda77.it/,locanda1977@gmail.com,statico
https://www.instagram.com/baitacamol,,nessuna-email
http://www.villa-tivoli.it/,,irraggiungibile
https://www.facebook.com/labottegadellapizza.it/,,nessuna-email
https://www.vangoghbirreriapaninoteca.it/,,irraggiungibile
https://bargelateriaartigianalemanfio.shop/,bargelateriaartigianalemanfio.shop@gmail.com,statico
https://www.facebook.com/Lo-Sfizio-pizza-dasporto-737345232971532/,,nessuna-email
https://www.facebook.com/Pizzeria-Trattoria-Rosati-512645155571685/,,nessuna-email
http://www.facebook.com/garagecaffemozzecane,,nessuna-email
https://www.pizzeriaristoranteillocale.it/,massimobarbieri@live.it,statico
https://www.locandamantegna.it/,contatto@esempio.it,statico
https://www.locandamantegna.it/,serenapretto8@gmail.com,statico
http://www.bbvillaverla.it/,privacy@studioscivoletto.it,statico
http://www.bbvillaverla.it/,saporiepassione@hotmail.it,statico
https://www.ristorantevillaesedra.it/,,irraggiungibile
https://www.pizzadafede.it/,,nessuna-email
https://www.leondorodademis.it/,%20info@leondorodademis.it,statico
https://www.leondorodademis.it/,info@leondorodademis.it,statico
https://www.cortescaligera.it/,,nessuna-email
http://www.trattoriabegnoni.it/,,irraggiungibile
https://www.instagram.com/casanova_cucinapizzeria/,,nessuna-email
https://osteria-canal.hotelpreferito.top/,,nessuna-email
https://www.allescuderie.it/,,nessuna-email
https://misterbice.it/,misterbice57@gmail.com,render
https://kisaakirestaurant.it/,chefkeith@events.com,statico
https://facebook.com/p/100054539016286/,,nessuna-email
https://www.ristorantepresina.it/,ristorantepresina@gmail.com,render
https://lamediga.it/,info@lamediga.it,statico
https://www.break-cafe.it/,,irraggiungibile
https://www.bocciomozzecane.it/,,irraggiungibile
https://www.aipioppi.com/,info@aipioppi.com,render
https://www.aipioppi.com/,osteriaaipioppi@gmail.com,render
https://www.facebook.com/Agriturismo-Paradiso-130952497084319/,,nessuna-email
https://noipiazzola.it/,,nessuna-email
https://centrosportivolemagnolie.it/splash-bar/,safeguarding@seolamente.it,render
https://www.facebook.com/trattoriadamario.panoramica/,,nessuna-email
https://www.locandaalcacciatore.it/,alcacciatore@legalmail.it,statico
https://www.locandaalcacciatore.it/,alloggi@locandaalcacciatore.it,statico
https://www.locandaalcacciatore.it/,info@locandaalcacciatore.it,statico
https://www.locandaalcacciatore.it/,nfo@locandaalcacciatore.it,statico
https://non-solo-pizze.it/,,nessuna-email
https://www.facebook.com/people/Arte-Farina/61558366267409/,,nessuna-email
https://www.novavicenza.it/,info@novavicenza.it,statico
https://www.facebook.com/osteriaultimaspiaggia/,,nessuna-email
https://www.facebook.com/OsteriaAllaPergoletta/,,nessuna-email
https://www.agriturismolagramola.it/,info@agriturismolagramola.it,statico
https://www.facebook.com/Ristorante-Amadio-114537580236139/,,nessuna-email
https://www.tiktok.com/@istanbulpizzakebab5,marketing@tiktok.unlocking,statico
http://www.frankbaracca.it/,,irraggiungibile
https://www.facebook.com/Speck-Stube-Col-del-Bosco-336373436413524/,,nessuna-email
https://www.ristorantepizzeriabocconi.it/,,irraggiungibile
https://www.osteriacera.it/,cera@osteriacera.it,statico
https://www.osteriacera.it/,info@osteriacera.it,statico
https://www.facebook.com/trattoriamontello,,nessuna-email
https://www.facebook.com/share/1CBVSifspm/,,nessuna-email
https://www.birrone.it/,birrone@pec.it,statico
https://www.trattorialovison.it/,,timeout
https://www.trattoriachiumento.it/,info@trattoriachiumento.it,statico
https://www.trattoriachiumento.it/,trattoriachiumento@libero.it,statico
https://www.osteriamilork.it/,,timeout
https://www.pizzeriaaltiglio.com/,,irraggiungibile
https://osteriapiave.eatbu.com/,ristopubtreviso@gmail.com,statico
https://www.fantasiedipane.com/,fantasiedipanesnc@gmail.com,statico
https://www.fantasiedipane.com/,mario.rossi@gmail.com,statico
https://www.trattoriastella.it/,trattoria.allastella@libero.it,statico
http://www.ristorantelapanoramica.com/,,timeout
https://www.facebook.com/happydays.isola,,nessuna-email
https://www.facebook.com/share/1ANzvFSMWW/,,nessuna-email
https://linktr.ee/habitatlebandie,contact@gdprlocal.com,statico
https://linktr.ee/habitatlebandie,dpo.support@gdprlocal.com,statico
https://linktr.ee/habitatlebandie,online@www.aaa.com,statico
https://linktr.ee/habitatlebandie,only@savagex.com,statico
https://linktr.ee/habitatlebandie,only@www.gobble.com,statico
https://linktr.ee/habitatlebandie,privacy@linktr.ee,statico
https://birronebar.it/locali-birrone/birrone-taproom/,,timeout
https://ristorantetorre.it/,,nessuna-email
https://osossturkishpizzakebab.eatbu.com/,,nessuna-email
https://www.facebook.com/pages/Pizzeria-Trattoria-Due-Lanterne/149928851711396,,nessuna-email
https://www.hoteldavito.it/,locandadavito@gmail.com,statico
https://www.facebook.com/tavernabirdland,,nessuna-email
https://www.hoteldotto.it/,info@hoteldotto.it,statico
https://www.facebook.com/pg/www.agriturismolabaita.eu/about/,,nessuna-email
https://qr.scanned.page/uploads/pdf/54SJm3_8a82818702d1bb63.pdf,,nessuna-email
https://www.facebook.com/biliatogiovanni/,,nessuna-email
https://www.lecinemacafe.it/,amministrazione@lecinemacafe.com,statico
https://www.namelaka.it/,,irraggiungibile
https://www.ristorantedeicontorni.com/,info@ristorantedeicontorni.com,statico
https://www.facebook.com/Ai-Portici-Bar-Caffetteria-248435855900557/,,nessuna-email
https://arteculinariadajohnny.it/,,nessuna-email
https://www.osteriamediocre.it/,,irraggiungibile
https://www.cucchipub.com/,,irraggiungibile
https://agriturismoquintavalle.it/,,irraggiungibile
https://www.avenir-gourmet.it/,,irraggiungibile
https://www.ristorantetabiala.com/,fabridebortoli@libero.it,statico
https://www.ristorantetabiala.com/,info@ristorantetabiala.com,statico
https://linktr.ee/crazypizza2014,contact@gdprlocal.com,statico
https://linktr.ee/crazypizza2014,dpo.support@gdprlocal.com,statico
https://linktr.ee/crazypizza2014,online@www.aaa.com,statico
https://linktr.ee/crazypizza2014,only@savagex.com,statico
https://linktr.ee/crazypizza2014,only@www.gobble.com,statico
https://linktr.ee/crazypizza2014,privacy@linktr.ee,statico
https://agriturismo-pr-dea-casera.amolitalia.top/,,timeout
https://www.facebook.com/PizzeriaFuturaOfficialpage,,nessuna-email
https://www.locandagloriosopiave.it/,,nessuna-email
https://scaccomattopizzeria.my.canva.site/,,nessuna-email
http://www.bartobe.com/,,nessuna-email
https://www.facebook.com/LaStellaDOroCastelgomberto,,nessuna-email
https://www.facebook.com/Indopera-100231172415927/,,nessuna-email
https://www.facebook.com/elpunaro/,,nessuna-email
http://qrco.de/bbAE29,,nessuna-email
https://mitieiponci.it/,,nessuna-email
https://ristorante-da-andrea.eatbu.com/,lydiapanzarin@gmail.com,statico
https://instagram.com/thewildturkeypub,,nessuna-email
https://farrox.it/,,timeout
https://www.facebook.com/AgriturismoCodadiGatto/,,nessuna-email
http://www.facebook.it/chioscosunandsea,,nessuna-email
"Di Spagnolo Giacomo & Figlie""",,irraggiungibile
https://www.instagram.com/coco_beach_and_pool_concept/,,nessuna-email
https://www.ristorantealcastelletto.com/,info@ristorantealcastelletto.com,render
https://www.bar-pizzeria-stefy.it/,,irraggiungibile
https://www.ristoranteilventaglio.it/,,irraggiungibile
https://www.terrazzagrill.it/,info@terrazzagrill.it,statico
https://www.pizzeriacincineraclea.it/,,nessuna-email
https://www.portofelice.it/,info@portofelice.it,statico
https://www.facebook.com/Marameo-Pizzeria-dasporto-panificio-cake-design-159731707801643/,,nessuna-email
https://www.anticaosteriazanatta.com/,,irraggiungibile
http://www.casalolo.it/,,nessuna-email
https://ristorante-latavernetta.com/,info@ristorante-latavernetta.com,render
https://webapp.alvolo.app/CA5C/takeaway,,nessuna-email
http://www.marzottosrl.it/,info@bestespresso.online,statico
https://www.instagram.com/osteria.daicrudi,,nessuna-email
https://www.facebook.com/BrianPizzeria/,,nessuna-email
https://www.instagram.com/rist.remare/,,nessuna-email
https://duneristorante.com/,ristorante@adriabella.com,render
https://www.facebook.com/ovosodoprimopiano,,nessuna-email
http://www.anticabelvedere.com/,,timeout
https://osteriabano.it/,osteriabano@live.it,statico
https://famenu.app/bacoloungebar/,,nessuna-email
https://www.facebook.com/DevilPizzadiFiladiEnrico/,,nessuna-email
https://m.facebook.com/pages/category/Italian-Restaurant/Alle-Fontane-Bianche-161371417587834/,,nessuna-email
https://www.elgrejo02.eatbu.com/,,irraggiungibile
https://www.anticaosteriaromana.it/,anticaosteriaromana@gmail.com,render
https://www.sbarcodeipirati.it/,,irraggiungibile
https://www.facebook.com/share/16vUChcHMn/,,nessuna-email
https://www.corallohotel.org/,,irraggiungibile
https://antico-stangon-restaurant-meolo.eatbu.com/,bazabs77@hotmail.com,statico
https://www.facebook.com/Pub-da-TANO-105234744211540,,nessuna-email
https://m.facebook.com/caffeinpiazzettaloreggia/,,nessuna-email
https://www.villafoscarinicornaro.net/,infohotel@villafoscarinicornaro.net,statico
https://www.villawollemborg.com/,,nessuna-email
https://www.facebook.com/PizzeriaLaRotondaLoreggia,,nessuna-email
https://www.instagram.com/dany_pizza_loreggia_official,,nessuna-email
https://www.grafichenewprint.it/documenti/Ornello_listini021.pdf,,irraggiungibile
https://www.pizzeriaornella.it/,,nessuna-email
http://www.hotelbracco.it/,,irraggiungibile
https://www.ilcredenziere.it/,,nessuna-email
https://www.albraciere.it/,,nessuna-email
https://www.dacutibraceria.it/,,irraggiungibile
https://www.elcuciareto.it/,,irraggiungibile
https://www.pizzadasportogaiser.it/,,irraggiungibile
https://www.ai-portici.com/,,nessuna-email
https://www.pastificiolapintadera.it/,info@pastificiolapintadera.it,statico
https://www.villarevedin.it/,info@villarevedin.it,statico
https://www.birrificiobarch.it/,info@birrificiobarch.it,statico
https://www.facebook.com/La-Bottega-Dell-Espresso-927060724118778/,,nessuna-email
https://www.facebook.com/degustibuspizzavedelago/,,nessuna-email
https://www.facebook.com/alcaravaggioagriturismo/,,nessuna-email
https://www.tfarm.it/,,irraggiungibile
https://www.cucinalocalestagionaletreviso.it/,mostaristorante@gmail.com,statico
https://www.locandaaurilia.com/,,irraggiungibile
https://ilvinocolo.it/,,irraggiungibile
https://www.ristorantealmunaron.it/,ristorantemunaron@gmail.com,statico
https://www.ristoranteannasmania.it/,mirosrls24@gmail.com,statico
https://www.ristoranteannasmania.it/,ristoranteannasmania@alice.it,statico
https://it-it.facebook.com/people/ZETA-I45-Beer-bistr%C3%B2/100057591784459/,,nessuna-email
https://www.donkeypub.com/,info@donkeypub.com,statico
https://www.instagram.com/explore/locations/103054990474625/ristorante-al-cacciatore-albaredo-di-vedelago,,nessuna-email
https://www.facebook.com/Britanniapub1987/,,nessuna-email
https://www.facebook.com/ilbastardinobirreria/,,nessuna-email
https://www.ristorantesymposio.it/,,irraggiungibile
https://aldamidas.eatbu.com/,st.ynsrl@gmail.com,statico
https://www.ristorantealbelvedere.it/,,nessuna-email
https://m.facebook.com/KARMAvedelago/,,nessuna-email
https://pizzeriailtricolore.com/,,nessuna-email
https://www.casagobbato.com/,info@casagobbato.com,statico
https://www.casagobbato.com/,utente@dominio.com,statico
https://www.facebook.com/Pizzeria-da-Amarildo-Fossalunga-230360477300432/,,nessuna-email
https://www.trattoriadaitomasi.com/,,irraggiungibile
https://www.facebook.com/OSTERIA-ANTICA-PESA-153437984729358/,,nessuna-email
https://instagram.com/pizzeria_ocabianca,,nessuna-email
https://osteriacescato.shop/,contact@grubbio.com,statico
https://www.instagram.com/pizzeriatrattoria_larosta,,nessuna-email
https://www.facebook.com/Statale53/,,nessuna-email
https://www.panificioquaggiotto.com/,info@quaggiotto.it,statico
https://ristoranteaebronse.it/,,nessuna-email
https://www.instagram.com/oeno.enoteca/,,nessuna-email
https://www.vpervesuvio.it/,assistenza@webador.it,statico
https://it-it.facebook.com/login/,,nessuna-email
https://www.coronadoro.it/,,irraggiungibile
http://www.sugarfree.it/,info@ladolceria.com,statico
http://www.sugarfree.it/,server@ladolceria.com,statico
https://m.facebook.com/pizzeriaStatue/,,nessuna-email
https://m.facebook.com/gelateriastriscialadelizia/,,nessuna-email
https://m.facebook.com/amamuavolpago/,,nessuna-email
http://www.facebook.com/barpostavolpago,,nessuna-email
https://www.pizzareginamargherita.it/,info@pizzareginamargherita.it,statico
https://daitosibistro.it/,,nessuna-email
https://www.facebook.com/la.paesana.for.family,,nessuna-email
https://www.instagram.com/ivale_foodtruck/,,nessuna-email
https://www.ristoranteboomerang.com/,info@ristoranteboomerang.com,statico
https://www.convivium.tv/,garante@gpdp.it,statico
https://www.convivium.tv/,info@convivium.tv,statico
https://www.convivium.tv/,server@convivium.tv,statico
https://www.trattoriadallalibera.it/,info@trattoriadallalibera.it,statico
https://www.trattoriadallalibera.it/,nfo@trattoriadallalibera.it,statico
https://www.favillaasolo.com/,info@favillaasolo.com,statico
https://www.ilgalletto.com/,info@ilgalletto.com,statico
https://www.albacaroanticaosteria.it/,ostariaalbacaro@yahoo.it,statico
https://www.albacaroanticaosteria.it/,osteriaalbacaroasolo@yahoo.it,statico
https://casanostra.tv.it/,,nessuna-email
http://www.ristorantedaceleste.com/,,nessuna-email
https://decesteria.eatbu.com/,decesteria@gmail.com,statico
https://osteriapitastorta.it/,,nessuna-email
https://www.liberaltrattoria.it/,ande@mikado-themes.com,statico
https://www.liberaltrattoria.it/,trattorialiberal@gmail.com,statico
https://www.facebook.com/Al-Castear-Ristorante-Pizzeria-Bar-335721244380752,,nessuna-email
https://panificiopiccolo.it/,webmaster@panificiopiccolo.it,statico
https://www.facebook.com/Ristorante-pizzeria-locanda-l-ammiraglio-420835641379969/,,nessuna-email
https://www.ristorante-pizzeria-cornaro.com/,contatto@esempio.it,statico
https://www.ristorante-pizzeria-cornaro.com/,pizzeriacornaro@hotmail.it,statico
http://www.ristorantecasamarseille.it/,,irraggiungibile
https://www.instagram.com/baralcastelloasolo,,nessuna-email
http://www.osteriadellavittoria.it/,info@osteriadellavittoria.it,statico
https://www.ristorantelv.it/,,irraggiungibile
https://www.facebook.com/OsteriaTuna/,,nessuna-email
https://www.facebook.com/Arte-in-Cucina-456476934479263,,nessuna-email
https://www.pizzeriagiopizza.it/,,irraggiungibile
https://sanmartinoristorante.com/,,nessuna-email
https://www.pizzeriaserhugo.it/,,irraggiungibile
https://www.alcippodegliarditi.it/,,irraggiungibile
https://www.manibistro.it/,manibistro@icloud.com,statico
https://essepigroup.com/,,nessuna-email
https://www.hotelglamour.it/,,nessuna-email
https://www.trattoriamasonvalentina.it/,masonvalentina.tv@gmail.com,statico
https://www.pinuppub.it/,info@pinuppub.it,render
https://www.facebook.com/bevemoultima/,,nessuna-email
https://www.facebook.com/Bar-delle-Terme-172196693116248/,,nessuna-email
https://www.locandacasanova.info/,developer@fishouse.it,statico
https://www.locandacasanova.info/,info@locandacasanova.info,statico
https://m.facebook.com/Divin-gelato-Battaglia-terme-660755363993175/,,nessuna-email
http://www.valcozzena41.it/,,irraggiungibile
https://www.trattoriadanicola.com/,info@trattoriadanicola.it,statico
https://www.gala-asolo.it/,,nessuna-email
https://www.pizzeriaforlincassola.it/,info@pizzeriaforlincassola.it,statico
https://menu.tillersystems.com/51430/ostello-battaglia/catalog,,nessuna-email
https://www.facebook.com/Il-Ristorantino-305891176234843/,,nessuna-email
https://www.ilpomodorovi.org/,associazione@ilpomodorovi.org,statico
https://www.ilpomodorovi.org/,educatori@ilpomodorovi.org,statico
https://www.ilpomodorovi.org/,impresasociale@ilpomodorovi.org,statico
https://www.ilpomodorovi.org/,info@ilpomodorovi.org,statico
https://www.ilpomodorovi.org/,lafrasca@ilpomodorovi.org,statico
https://www.ilpomodorovi.org/,negozio@ilpomodorovi.org,statico
https://it-it.facebook.com/Bar.Pausa,,nessuna-email
http://www.facebook.com/pizzeriaristorantealglicine,,nessuna-email
http://www.chillipeperoncinorosso.it/,,irraggiungibile
https://www.facebook.com/Siroco-WINE-BAR-100410708020703/,,nessuna-email
https://www.ristoranteallavecchiafattoria.it/,info@allavecchiafattoria.com,statico
http://www.havanabibione.it/,info@havanabibione.it,render
https://anto-pizzeria.eatbu.com/,pekegelaterie@gmail.com,render
https://www.instagram.com/sottofuji,,nessuna-email
http://www.baccanalebattagliaterme.it/menu/,,irraggiungibile
http://alkemycompany.com/sunset-bar/,,irraggiungibile
https://www.dalalo.com/,,irraggiungibile
https://www.allegriglie.com/,info@allegriglie.com,statico
https://www.alcjasal.com/,info@alcjasal.com,statico
https://www.facebook.com/vincantobolzanovicentino/,,nessuna-email
https://www.cantinadamario.com/,,nessuna-email
https://enotecaverovino.it/,giravide71@gmail.com,render
https://www.sbeghen.it/,,irraggiungibile
https://www.pizzeriagordina.com/pizzeria/,,irraggiungibile
https://www.ristorantepizzeriaparon.it/,ristopizzeriaparon@hotmail.it,render
https://www.facebook.com/RistoranteCocktailBarChioscoGabbiano/,,nessuna-email
http://facebook.com/ristorantesanssoucibibione,,nessuna-email
https://www.pasticceriatiffany.com/,info@pasticceriatiffany.com,statico
https://www.2mori.it/,,irraggiungibile
http://www.facebook.com/BarTrattoriaCrosere/,,nessuna-email
https://www.lordbyron.pub/,,nessuna-email
http://www.casamerano.it/,info@casamerano.it,statico
http://www.casamerano.it/,oeasrl@pec.it,statico
http://www.locandagrego.it/,,irraggiungibile
https://ristorantepineda.com/,ristorantepizzeriapineda@gmail.com,statico
https://www.dacuti.it/,,irraggiungibile
https://www.pizzeriaristoranteprimavera.it/,,irraggiungibile
https://www.trattoriaallastazione.it/,,irraggiungibile
https://www.gioiapizza.it/,,irraggiungibile
https://www.daboschet.it/,info@daboschet.it,render
https://www.blumarinobibione.it/,,irraggiungibile
https://bartrattorialapergola.it/,,irraggiungibile
https://www.tagliarolo.it/,,irraggiungibile
https://www.ristoranteallagondola.it/,,irraggiungibile
https://www.ristorantino1907.com/,,irraggiungibile
https://www.wunderbarbibione.it/,,irraggiungibile
https://www.mattarelloristorante.com/,,timeout
