sito,email,stato
https://www.centroesteticosemc.it/,asemc@live.it,statico
https://www.centroesteticosemc.it/,semc@live.it,statico
https://www.centroesteticopozzuoli.it/,becosonia@libero.it,statico
https://linktr.ee/serendipitybeautycenter,online@www.aaa.com,statico
https://linktr.ee/serendipitybeautycenter,only@savagex.com,statico
https://linktr.ee/serendipitybeautycenter,only@www.gobble.com,statico
https://linktr.ee/beautybyslash,beautybyslash@gmail.com,statico
https://linktr.ee/beautybyslash,contact@gdprlocal.com,statico
https://linktr.ee/beautybyslash,dpo.support@gdprlocal.com,statico
https://linktr.ee/beautybyslash,online@www.aaa.com,statico
https://linktr.ee/beautybyslash,only@savagex.com,statico
https://linktr.ee/beautybyslash,only@www.gobble.com,statico
https://linktr.ee/beautybyslash,privacy@linktr.ee,statico
https://www.vanitytimeacademy.it/,info@vanitytimeacademy.it,statico
https://www.biobeautyandrea.it/,andreadelmestre@libero.it,statico
https://www.biobeautyandrea.it/,info@biobeautyandrea.it,statico
https://www.biobeautyandrea.it/,server@biobeautyandrea.it,statico
https://www.centroesteticoresi.it/,centroesteticoresi@hotmail.it,statico
https://t.ly/df5J6,,nessuna-email
https://www.roxywellnessbeauty.com/,,nessuna-email
https://devabeautyconsulence.com/,,nessuna-email
https://ilsalottodellevanita.it/,ilsalottodellevanitasalerno@gmail.com,statico
https://www.giampaoloflora.it/,giampaoloflora@gmail.com,statico
https://www.karmabenessere.it/,info@karmabenessere.it,statico
https://ivanacolellacentroestetico.it/,info@ivanacolellacentroestetico.it,statico
https://www.centroesteticocaprice.it/,giovannamarra70@gmail.com,statico
https://www.parrucchierafricana.com/,postmaster@extessitura.com,statico
https://www.parrucchierafricana.com/,postmaster@parrucchierafricana.com,statico
https://www.maisonkuku.it/,maisonkuku18@gmail.com,statico
http://www.esteticanaraya.it/,,nessuna-email
http://www.iltempiodellabellezza.com/,,nessuna-email
https://www.healthbeautymedicalspa.it/,hbwelfarelab@gmail.com,statico
https://www.newstarannamanzo.it/,newstarannamanzonas@libero.it,statico
https://www.clarabeautylab.com/,clarabeautylab@hotmail.it,statico
https://centrianimaecorpo.com/,,nessuna-email
https://www.bodyclinic.info/,,nessuna-email
https://www.ritualbeautyesteticaavanzata.it/,ritualbeauty@libero.it,statico
https://www.soalesteticaebenessere.it/,info@centroesteticosoal.it,statico
https://www.tuoprofessionista.com/centro-estetico-ladylu,,nessuna-email
https://www.effederm.com/,effederm1@gmail.com,statico
https://www.lelamatia.it/,info@lelamatia.it,render
https://wa.me/message/7QT5GZR744GWO1,,nessuna-email
https://salondebeauteofficial.it/,info@salondebeauteofficial.it,render
https://www.pivia.it/,info@pivia.it,statico
https://www.lartedeimassaggi.it/,minodimeglio@hotmail.it,statico
https://www.lartedeimassaggi.it/,server@lartedeimassaggi.it,statico
https://www.allavioletta.it/,dpo@allavioletta.it,statico
https://www.allavioletta.it/,info@allavioletta.it,statico
https://www.allavioletta.it/,utente@dominio.com,statico
https://brunellabeautycenter.wixsite.com/home,,nessuna-email
https://www.esteticaomnia.it/,,nessuna-email
https://www.dororostudio.com/new-evolution-hub/,,nessuna-email
https://www.ldnhouse.com/,hello@ldnhouse.com,statico
https://www.baciobeauty.com/,amminitrazione@baciobeauty.it,statico
https://www.baciobeauty.com/,info@baciobeauty.com,statico
https://tintarellaestetica.com/,francicotena@gmail.com,render
https://genesiepilnails.it/,giusypinto_gp@libero.it,statico
http://www.scinea.it/,,irraggiungibile
http://www.marcoposttorredelgreco.com/,,irraggiungibile
https://luanasimeone.company.site/,,nessuna-email
https://www.studionice.it/,info@studionice.it,statico
https://www.maisonafrodite.it/,info@maisonafrodite.it,statico
https://www.fusionestetica.it/,info@fusionestetica.it,statico
https://wa.me/393355950189,,nessuna-email
https://www.carmenfabozzi.it/,carmenfabozzi77@gmail.com,statico
https://www.carmenfabozzi.it/,u00a0carmenfabozzi77@gmail.com,statico
https://luciaminopolimakeup.it/,info@localweb.it,statico
https://luciaminopolimakeup.it/,luciarisposte@gmail.com,statico
https://luciaminopolimakeup.it/,orjon.nallbati@localweb.it,statico
https://luciaminopolimakeup.it/,privacy@localweb.it,statico
https://www.professionecapellipozzuoli.it/,,nessuna-email
https://www.luxebeautynapoli.com/,info@luxebeautynapoli.com,statico
https://www.centrounique.com/,info@centrounique.com,statico
https://www.centrounique.com/,segreteria@centrounique.com,statico
https://www.beauty-dreams.it/,,nessuna-email
https://rosariamanzo.com/,,nessuna-email
http://www.sturds.com/Azienda/Index/9,,irraggiungibile
https://karlabeauty.it/,,nessuna-email
https://www.epilfastbeauty.it/,epilfastcaserta@gmail.com,statico
https://www.biotatuaggio.it/,,irraggiungibile
https://www.iolangelabeauty.it/,iolangelabeauty@gmail.com,statico
https://sistersnails.it/,info@sistersnails.it,statico
https://www.esteticabeautylounge.it/,frinchise@cherie.com,statico
https://www.esteticabeautylounge.it/,info@beautysalon.com,statico
https://www.esteticabeautylounge.it/,position@cherie.com,statico
https://www.fabilabeauty.it/,,nessuna-email
https://www.essenzarelax.it/,essenzarelax@virgilio.it,statico
https://www.beautyelle.it/,beautyelle@pec.it,statico
https://www.beautyelle.it/,info@beautyelle.it,statico
https://centroesteticoelisir.org/,,nessuna-email
http://www.amestetica.it/,,timeout
https://accademiadellosguardo.com/,accademiadellosguardo@gmail.com,statico
https://accademiadellosguardo.com/,info@accademiadellosguardo.com,statico
https://twinsforbeauty.it/,info@twinsforbeauty.it,statico
https://www.tiktok.com/@daisybeauty.93,hobsonkaren.hobson@bytedance.com,statico
https://www.tiktok.com/@daisybeauty.93,mercuriojohn_mercurio@motionpictures.org,statico
https://www.iltempiodelledee.it/,,nessuna-email
https://www.miinibeautypoint.it/,,nessuna-email
https://www.beautystudiobydeangelis.it/,,nessuna-email
https://luluslabestetica.it/,,nessuna-email
https://www.mimmofuscohairstylist.it/,fuscoparrucchieri@gmail.com,statico
https://www.mimmofuscohairstylist.it/,jane@untitled.tld,statico
http://emiestetica.weebly.com/,emiestetica2014@gmail.com,statico
https://www.mamabeauty.club/,info@mamabeauty.club,statico
https://www.laratorredermopigmentazione.it/,info@laratorredermopigmentazione.it,statico
https://elitenailbar.it/,elitenailbar@gmail.com,statico
https://clockee.eu/booking/gatex-hair---lab,support@clockee.eu,statico
https://www.almanailluxury.it/,erminiashop@gmail.com,statico
https://linktr.ee/bebeautycastellammare,online@www.aaa.com,statico
https://linktr.ee/bebeautycastellammare,only@savagex.com,statico
https://linktr.ee/bebeautycastellammare,only@www.gobble.com,statico
https://www.medeabeautylounge.com/,,nessuna-email
https://iovinostefania.wixsite.com/laplayadelsol,iovino.stefania@libero.it,statico
https://serenacerchia.com/,info@serenacerchia.com,statico
https://cataleyaestetica.it/,cataleyaesteticacasoria@gmail.com,statico
https://www.lasanafenice.com/,info@lasanafenice.com,statico
https://www.lasanafenice.com/,lasanafenice@gmail.com,statico
https://pedicurecurativoveronica.it/,veronicanobile4@gmail.com,render
https://www.distefanobeautylab.com/,,nessuna-email
https://www.enjoynailsbeauty.it/,,nessuna-email
https://www.snailbavadilumaca.it/,giutenner@outlook.it,statico
https://www.snailbavadilumaca.it/,info@snailbavadilumaca.it,statico
https://santannafarmacia.info/,,nessuna-email
https://valentinastrabello.it/,info@valentinastrabello.it,statico
https://www.teamlucaparrucchieri.it/,teamlucabarberia@gmail.com,statico
https://www.teamlucaparrucchieri.it/,teamlucaparrucchieri@gmail.com,statico
https://www.esteticacerbone.com/,info@esteticacerbone.com,statico
http://esteticaglamourbenevento.blogspot.it/,,nessuna-email
https://www.beautyandfashiondipacillo.com/,lello7331@hotmail.com,statico
https://essenzacentroesteticocava.it/,manern2020@libero.it,statico
https://www.luisabeautyfarm.it/,info@luisabeautyfarm.it,statico
https://www.centroesteticopochet.com/,,timeout
https://it.nails.paraharita.com/fabrica-centro-estetico-caserta,,irraggiungibile
https://www.beautyandbeauty.it/,,nessuna-email
https://www.studioesteticobisy.it/,,nessuna-email
https://www.cinziabenessere.it/,,nessuna-email
https://benessereanael.it/,centroesteticobenessereanael@gmail.com,statico
https://www.langolodelbenessere.com/,langolodelbenessere18@gmail.com,statico
https://www.francymorais.it/,,irraggiungibile
https://www.ciroflorio.it/,,irraggiungibile
https://msha.ke/serenapmu1,serenapmu1@gmail.com,render
https://www.centroesteticoavantgarde.it/,avant.marinella@gmail.com,statico
https://www.comfortzona.it/,info@comfortzona.it,statico
https://cleonice.it/,info@cleonice.it,statico
https://mikyacademy.it/,,nessuna-email
https://damapoint.com/,,nessuna-email
https://mamicle.it/,,nessuna-email
https://eyrestore.it/,info@eyrestore.com,statico
https://www.nusma.it/,nusmabeauty@gmail.com,statico
https://shechic.it/,shechic.elena@gmail.com,statico
https://beautyfeabenevento.it/,beautyfea.aleranauro@outlook.it,render
https://www.epilmeno.it/,info@epilmeno.it,statico
https://www.savybeautystudio.it/,,nessuna-email
https://www.fisioeste.net/,info@fisioeste.net,render
https://www.lapillibeautyspa.it/,info@lapillibeautyspa.it,render
https://www.estetica-mileto.it/,g.mileto@estetica.mileto.it,statico
https://www.estetica-mileto.it/,info@estetica-mileto.it,statico
https://www.centribios.com/,bologna2@biolaser.it,statico
https://www.centribios.com/,bologna@biolaser.it,statico
https://www.centribios.com/,centribiosweb@gmail.com,statico
https://www.centribios.com/,cesena@biolaser.it,statico
https://www.centribios.com/,faenza@biolaser.it,statico
https://www.centribios.com/,forli@biolaser.it,statico
https://www.centribios.com/,imola@biolaser.it,statico
https://www.centribios.com/,lugo@biolaser.it,statico
https://www.centribios.com/,ravenna@biolaser.it,statico
https://visibeauty.it/,,nessuna-email
https://www.magnoliabeautycenter.it/,contact@mysite.com,statico
https://www.magnoliabeautycenter.it/,info@magnoliabeautycenter.it,statico
https://www.parrucchieridipaola.com/,,nessuna-email
https://www.panariellocityspa.it/,,irraggiungibile
https://www.morinabrand.com/,info@morinabrand.com,statico
https://www.dsnails.it/,info@dsnails.it,statico
https://www.dsnails.it/,ordini@dsnails.it,statico
https://dharmawellness.eu/,dharmaordini@gmail.com,statico
https://dharmawellness.eu/,dharmawellness.shopify@gmail.com,statico
https://dharmawellness.eu/,info@dharmawellness.eu,statico
https://crystalnailsquarto.it/,,nessuna-email
https://www.costantinobeautyexperience.it/,assistenza@webador.it,statico
https://www.irenem.it/,,nessuna-email
https://afroditeguerra.it/,afroditeguerra2023@gmail.com,render
https://www.relaxcentroestetico.it/,centroesteticorelax@gmail.com,statico
https://www.esteticaafroditemugello.it/,grifonimarta6@gmail.com,statico
https://www.esteticaafroditemugello.it/,maxmarty01@libero.it,statico
https://www.esteticashinybeautylounge.it/,francescamfuoco@gmail.com,statico
https://www.medesteticaskinlab.it/,skinlabavellino@gmail.com,statico
https://www.esteticandoimola.it/,esteticandoimola@gmail.com,render
https://www.puntosoleestetica.com/,sonia.menna@icloud.com,render
https://aesteta.it/,,nessuna-email
https://www.federicalaganaestetica.com/,federicalagana84@gmail.com,statico
http://movie-here.net/3fG8,server@movie-here.net,statico
https://farmaciaautore.it/,info@farmaciaautore.it,statico
https://www.ledone.it/,info@website.com,statico
https://www.ledone.it/,info@yoursite.com,statico
https://constileparrucchieri.it/,constileparrucchieri@libero.it,statico
https://www.creabeautycenter.it/,creabeautycenter@icloud.com,statico
http://www.melinaenellonapoletano.it/dove-siamo.html,nellonapoletano@libero.it,statico
https://www.esteticafarmaciadelleone.it/,,nessuna-email
https://www.cataniabeautysuite.com/,info@cataniabeautysuite.com,statico
https://centroesteticodibicenter.com/,dibicentercasalnuovo@gmail.com,statico
https://centroesteticodibicenter.com/,u00a0dibicentercasalnuovo@gmail.com,statico
https://www.sensationbeauty.it/,info@sensationbeauty.it,statico
https://glamestetica.eu/,info@glamestetica.eu,statico
https://www.antoniocerrone.com/,cerronebenessere@gmail.com,statico
https://tiareluxury.it/,info@tiarethebeauty.it,render
https://tiareluxury.it/,salerno.tiare@gmail.com,render
https://www.centroesteticoprincess.it/,orny79@live.it,statico
https://esteticasenzafine.it/,,nessuna-email
https://www.tiktok.com/@dermocentermarcianise,hobsonkaren.hobson@bytedance.com,statico
https://www.tiktok.com/@dermocentermarcianise,mercuriojohn_mercurio@motionpictures.org,statico
https://beauty-dream.org/,assistenza@webador.it,statico
https://beautyrevolution47.wixsite.com/live,beautyrevolution47@gmail.com,statico
https://www.ethereabyarmonie.com/,info@ethereabyarmonie.it,statico
http://www.havanaesteticasolarium.com/,,nessuna-email
http://www.raffaellacerry.it/,,nessuna-email
https://sherasadediluisascarpa.it/,,nessuna-email
https://www.esteticaplume.it/,,irraggiungibile
https://www.feim.it/,info@feim.it,statico
https://www.tsmaisonesthetique.com/,elionhasa36@gmail.com,statico
https://www.tsmaisonesthetique.com/,info@tsmaisonesthetique.it,statico
https://vanityluxury.it/,,nessuna-email
https://epilsensory.com/,,nessuna-email
https://www.atropa.it/,,nessuna-email
https://www.maisonbeaute.org/,,nessuna-email
https://www.fiorilloparrucchieriestetica.com/,alfio.fiorillo@live.it,statico
https://lovenailsrivenditore.com/categoria-prodotto/molly-lac/,info@lovenailsrivenditore.com,statico
https://lovenailsrivenditore.com/categoria-prodotto/molly-lac/,info@lovenailsrivenditore.it,statico
https://www.centroesteticobenexere.it/,balzano.giuseppe79@gmail.com,statico
https://centroesteticatiffany.it/,,nessuna-email
https://www.adorancebeauty.it/,info@adorancebeauty.it,render
http://www.marcopostpomiglianodarco.com/,info@marcopostpomiglianodarco.com,render
https://quna.it/,info@quna.it,statico
https://charmeestetic.it/,info@charmeestetic.it,statico
http://www.dnailsbeautycenter.it/,daliladicriscio@gmail.com,statico
http://www.dnailsbeautycenter.it/,dnailsquarto@gmail.com,statico
https://www.judifarmaesthetic.com/,info@judifarmaesthetic.com,statico
https://rominacontini.it/,rominacontini92@gmail.com,statico
http://www.marcopostnocera.com/,,irraggiungibile
https://www.sevenfelicecaiazzo.it/,,nessuna-email
https://animabeauty.it/,,nessuna-email
https://menasanninostudio.com/,formazione.phibrows@gmail.com,render
http://bit.ly/Vivianenascimentoinfo,,nessuna-email
https://www.l-incanto-nails-estetica.it/,contatto@esempio.it,statico
https://www.l-incanto-nails-estetica.it/,incantoestetica@outlook.it,statico
https://centroesteticoangel.com/,laisa.angel@gmail.com,statico
http://perunpelobeauty.it/,info@localweb.it,statico
http://perunpelobeauty.it/,orjon.nallbati@onlawoffice.com,statico
http://perunpelobeauty.it/,privacy@localweb.it,statico
http://perunpelobeauty.it/,shanella@libero.it,statico
https://www.luxurybeautyquarto.com/,luxurybeautysrls@pec.it,statico
https://gaetanoacconcia.com/,,nessuna-email
https://www.cisepnynphea.com/home,cisepnynphea@libero.it,statico
https://www.agacademymusa.it/,,nessuna-email
https://wellnessebeauty.myshopify.com/,,nessuna-email
https://armoniaebenesserediester.it/,estercirullo@libero.it,statico
http://www.marcellabalato.it/,server@www.marcellabalato.it,statico
https://www.lauroradellabellezza.it/,,nessuna-email
https://www.esteticadea.it/,esteticadea@pec.esteticadea.it,statico
https://www.esteticadea.it/,info@esteticadea.it,statico
https://www.evelynbeaauty.com/,,nessuna-email
https://www.metodokatiasalzano.it/beauty-line-caivano/,,nessuna-email
https://www.corpodea.it/,info@corpodea.it,render
https://www.lucacorrado.com/,info@lucacorrado.com,statico
https://www.lucacorrado.com/,newyork@luchiana.com,statico
https://www.lucacorrado.com/,tokyo@luchiana.com,statico
https://www.artimmagine.net/,info@artimmagine.net,statico
https://www.nailslabmaddaloni.it/,info@nailslabmaddaloni.it,statico
https://www.nailslabmaddaloni.it/,info@nailslabofficial.it,statico
https://www.handlycentroestetico.com/,handlynapoli@gmail.com,render
https://www.solariumtahiti.it/,fabiosalomonetattoo@gmail.com,statico
http://www.beauty-center.eu/,,nessuna-email
https://www.martinacangiano.it/,info@martinacangiano.it,statico
https://www.martinacangiano.it/,malus.r.l@legalmail.it,statico
https://www.essereeforma.com/,essereeforma@alice.it,statico
https://www.essereeforma.com/,essereeforma@libero.it,statico
https://lavieenrosenapoli.it/,,nessuna-email
http://www.edenestetica.com/,info@edenestetica.com,render+statico
http://www.edenestetica.com/,server@edenestetica.com,render+statico
https://anastasiacentroestetico.it/,anya.love91@hotmail.it,statico
https://anastasiacentroestetico.it/,info@localweb.it,statico
https://anastasiacentroestetico.it/,orjon.nallbati@onlawoffice.com,statico
https://anastasiacentroestetico.it/,privacy@localweb.it,statico
https://www.aestetique.it/,info@aestetique.it,statico
https://www.pasqualeboscato.it/,pasqualeboscatopmu@gmail.com,statico
https://osasbelieve.com/,hello@osasbelieve.com,render
https://esteticamiro.com/,estetica.miro@libero.it,statico
https://www.valentyparrucchieri.it/,valentinavasaturo@icloud.com,statico
https://www.bellesseremaiori.com/,bellessecostadamalfi@gmail.com,render
https://www.bellesseremaiori.com/,bellesserecostadamalfi@gmail.com,render
https://nabia.it/,,nessuna-email
https://www.sunandbeautysas.com/,tizianadinardo@live.it,statico
https://kimage.it/,info@kimage.it,render
https://mariaritaguido.it/,info@mariaritaguido.it,statico
https://mariaritaguido.it/,meryn1@hotmail.it,statico
https://marialauramatthey.it/,moc.liamg@bew.idraccironip,statico
https://marialauramatthey.it/,mystudiomlm@gmail.com,statico
https://marialauramatthey.it/,pinoriccardi.web@gmail.com,statico
https://www.sensoriumwellness.it/,,nessuna-email
https://www.amohaviaomodeo.it/,amohaviaomodeo@gmail.com,render
https://www.beautytouchestetica.it/,info@beautytouchestetica.it,statico
https://www.paoladivaio.it/,info@paoladivaio.com,statico
https://www.paoladivaio.it/,info@paoladivaio.it,statico
https://www.paoladivaio.it/,nailmastercollege@pec.it,statico
https://simonasalzanobeauty.com/,,nessuna-email
https://www.musanails.com/,ordini@musanails.com,statico
https://www.aesteticasalvati.it/,,nessuna-email
https://linktr.ee/opiabeautylab,contact@gdprlocal.com,statico
https://linktr.ee/opiabeautylab,dpo.support@gdprlocal.com,statico
https://linktr.ee/opiabeautylab,online@www.aaa.com,statico
https://linktr.ee/opiabeautylab,only@savagex.com,statico
https://linktr.ee/opiabeautylab,only@www.gobble.com,statico
https://linktr.ee/opiabeautylab,privacy@linktr.ee,statico
https://beautycentroestetico.com/home,,nessuna-email
https://www.ylirose.it/,,nessuna-email
https://longevitybeauty.it/,info@longevitybeauty.it,statico
https://longevitybeauty.it/,info@yoursite.com,statico
https://urbanbeautyspa.it/,info@theurbanspa.it,statico
https://urls.ch/rmbeautylab,,irraggiungibile
https://www.vg-skinclinic.it/,skin%63%6cini%63.vg@gmail.com,statico
https://www.vg-skinclinic.it/,skinclinic.vg@gmail.com,statico
https://www.nalobeauty.it/,,nessuna-email
https://www.ldfbeautyexperience.it/,,nessuna-email
https://centrovenere.it/,info@centrovenere.it,statico
https://ridonasmalto.it/,,nessuna-email
https://beauty-brows-yoi8l090.durable.site/,zorianazelisho1996@gmail.com,statico
https://beauty-brows-yoi8l090.durable.site/,zorystory2026@icloud.com,statico
https://www.formewell.com/,info@formewell.com,statico
https://www.floriananappi.it/,,nessuna-email
https://www.myworldluxor.com/,,nessuna-email
http://trea.tw/mgbSpG2r97sMrHgiP,,nessuna-email
https://centroolisticoolos.it/,oloscentroolistico@gmail.com,statico
https://it.nails.paraharita.com/i-pagnotta-parrucchieri,,irraggiungibile
http://nonsolosole.com/,nikodalti@hotmail.it,render
https://linktr.ee/ahorabeautysolution,ahoraestetique@gmail.com,statico
https://linktr.ee/ahorabeautysolution,online@www.aaa.com,statico
https://linktr.ee/ahorabeautysolution,only@savagex.com,statico
https://linktr.ee/ahorabeautysolution,only@www.gobble.com,statico
https://centrobenesserebeauty.it/,info@localweb.it,statico
https://centrobenesserebeauty.it/,margheritaderisi@hotmail.it,statico
https://centrobenesserebeauty.it/,orjon.nallbati@onlawoffice.com,statico
https://centrobenesserebeauty.it/,privacy@localweb.it,statico
https://soyeznaturel.it/,info@soyeznaturel.it,statico
https://www.vastolawellness.it/,,nessuna-email
https://www.tiktok.com/@eginkonskintattoo,,nessuna-email
https://larosedelabeaute.it/,info@larosedelabeaute.it,statico
https://larosedelabeaute.it/,larosedelabeaute@gmail.com,statico
https://uqr.to/kec8,,nessuna-email
https://www.beautylinemenaluisa.it/,beautylinemenaluisa@libero.it,statico
https://www.beautylinemenaluisa.it/,luisagallo1979@libero.it,statico
http://fb.me/centroesteticolaBEAUTEdiMariangelaSpera,,nessuna-email
https://centroesteticovalledellaluna.it/,bianco@gmail.com,statico
https://centroesteticovalledellaluna.it/,valledellaluna.patriziabianco@gmail.com,statico
https://www.nouvelleesthetiquegdg.it/,antoniodimarzoreal@libero.it,statico
https://energiedelabeaute.it/,info@energiedelabeaute.it,render
https://www.slimcenter.it/,info@slimcenter.it,statico
https://www.anninapmu.it/,annina.dsc@gmail.com,statico
https://www.carlavanity.it/,info@carlavanity.it,statico
https://www.carlavanity.it/,nuagecontacts@mail.com,statico
https://evolutionbeauty.it/,lesbinianna@gmail.com,statico
https://www.martaandolfidayspa.com/,marta@martaandolfidayspa.com,render
https://www.rialbeauty.it/,info@rialbeauty.it,statico
https://www.rialbeauty.it/,info@youwebsite.com,statico
https://lakka.app/,lakkapompei@gmail.com,render
https://lakka.app/,vincenzoromeo895@gmail.com,render
https://www.dermal-aesthetics.it/,delmalaesthetics.napoli@gmail.com,statico
https://www.dermal-aesthetics.it/,info@dermal-aesthetics.it,statico
https://www.dermal-aesthetics.it/,info@dermalaesthetics.it,statico
http://www.jsolelampados.it/,info@jsolelampados.it,statico
https://imprintingbeautyexperience.com/,,irraggiungibile
https://www.newerabeautyconcept.it/,info@newerabeautyconcept.it,statico
https://bellenovabeautyboutique.com/,assistenzabellenova@gmail.com,statico
https://bellenovabeautyboutique.com/,bellenovaboutique@gmail.com,statico
https://www.tropicana.cc/,info@tropicana.cc,statico
https://pinupnails.it/,pinup.nails@libero.it,statico
https://www.exteticacardone.com/,info@exteticacardone.com,statico
https://www.exteticacardone.com/,server@z10999-linux.linp044.arubabusiness.it,statico
https://irinamassaggi.com/,irinamassaggi78@gmail.com,statico
http://truccopermanentenapoli.net/,,nessuna-email
http://www.marcopostvillaricca.com/,,irraggiungibile
https://epilharmony.it/,,nessuna-email
https://ineoutnola.it/,marianna-manganiello@virgilio.it,statico
https://fattibella.my.canva.site/,,nessuna-email
https://www.ilbellodelledonnediveria.it/,ilbellodelledonne2009@alice.it,render
https://www.vanityrose.it/,,nessuna-email
https://www.aglaiaestetica.com/,info@aglaiaestetica.com,render
https://skipres.com/Creationfull,,nessuna-email
https://www.ilfioredelleunghie.it/,,nessuna-email
https://cuddly.biz/,,irraggiungibile
https://ferdysparrucchieri.it/,,irraggiungibile
https://robertatorrepignatiellourbanspa.it/,robertatorre180@gmail.com,render
https://www.elisirbeautycenter.it/,info@elisirbeautycenter.it,render
https://www.aenariabeautycenter.it/,info@aenariabeautycenter.it,render
http://www.giuliabeauty.it/,info@giuliabeauty.it,statico
https://giuliadelgrossobeautylab.it/,,irraggiungibile
https://bondimakeup.it/,info@bondimakeup.it,render
https://lealidelbenesserediannamanti.it/,aglealidelbenessere2020@gmail.com,statico
https://pajosaparrucchieri.it/,,nessuna-email
https://www.glowupesteticanapoletana.it/,,nessuna-email
https://aphroditebeautysalon.it/,,irraggiungibile
https://www.casthotels.com/puntadelsole.html,puntadelsole@casthotels.com,statico
https://www.casthotels.com/castiglione.html,castiglione@casthotels.com,statico
https://centroesteticodibicenternapoli.it/,dibicenternapoli@gmail.com,statico
https://centroesteticodibicenternapoli.it/,info@estetica.it,statico
https://centroesteticodibicenternapoli.it/,u00a0info@estetica.it,statico
https://ilariabs.it/beautystudio,imbssrls@gmail.com,render
https://dandelionbeautycenterdotcom.wordpress.com/chi-siamo/,,nessuna-email
https://www.casthotels.com/tramontodoro.html,tramontodoro@casthotels.com,render
https://elisircercola.it/,centroelisir@hotmail.com,render
https://elisircercola.it/,info@elisircercola.it,render
http://www.essentiabeauty.it/,,nessuna-email
https://www.estheticfg.it/,info@estheticfg.it,statico
https://www.serenadipalmanails.it/,info@serenadipalmanails.it,statico
https://www.serenadipalmanails.it/,ordini@serenadipalmanails.it,statico
https://www.serenadipalmanails.it/,serenadipalma92@gmail.com,statico
https://www.auroradiacanto.com/,lauroradiacanto@gmail.com,statico
https://www.tfwellnessclub.it/,fwellnessclub@libero.it,render
https://www.tfwellnessclub.it/,info@dominio.it,render
https://www.tfwellnessclub.it/,tfwellnessclub@libero.it,render
https://www.spaulysse.it/,info@spaulysse.it,statico
https://www.fratinestetica.it/,fratin2022@hotmail.com,render
https://gyllestetica.it/,gyllesteticaweb@gmail.com,statico
https://www.kamakurabeauty.it/,info@kamakurabeauty.it,statico
https://www.centrodama.com/,centroda.ma@libero.it,statico
https://www.litelife.store/,info@litelife.it,render
https://www.ebeitalia.it/,,irraggiungibile
https://www.mindandbody.it/,info@mindandbody.it,statico
https://www.barberapp.it/app/,,nessuna-email
https://hairrevolution.areasalon.it/,aversanogaetano@gmail.com,statico
https://www.centroesteticonewlife.com/,,nessuna-email
https://www.goldtowerhotel.it/gold-spa/,,irraggiungibile
https://www.esteticamarica.com/,rinaldimariarosaria@hotmail.com,statico
https://www.beautekgroup.com/,info@beautekgroup.com,render
https://www.clasbeautyroom.it/,,irraggiungibile
https://www.acqualiawellness.it/,acqualiawellness@gmail.com,render
https://www.creativeeyelash.com/,,nessuna-email
https://www.lamusebeauty.it/,lamusebeautyacademy@gmail.com,statico
http://mariluconceptluxury.company.site/,marilurea77@gmail.com,statico
https://www.esteticagulegule.it/,info@esteticagulegule.it,statico
https://sunspacestetica.wixsite.com/website,sunspace@live.it,statico
https://www.kosmeoreb.com/,kosmeoreb@yahoo.it,statico
https://www.kosmeoreb.com/,mymail@mailservice.com,statico
https://www.essenzadidonna.it/,info@essenzadidonna.it,statico
https://www.centrobenessereperte.com/,info@centrobenessereperte.com,statico
https://www.centrobenessereperte.com/,info@centrobenessereperte.it,statico
https://centrotexture.it/,info@centrotexture.it,statico
https://dmessencebeauty.it/,,irraggiungibile
https://www.terryvenus.it/,,nessuna-email
http://trea.tw/,,nessuna-email
https://www.centroesteticopiccolorelax.it/,info@centroesteticopiccolorelax.it,statico
https://www.boutiquetresjolie.it/,raccomandata@pec.boutiquetresjolie.it,statico
https://www.annacentroestetico.it/,info@annacentroestetico.it,statico
https://sunrisebenessere.it/,,nessuna-email
https://www.corinabeautyrelax.com/,corinabeautyrelax24@gmail.com,statico
http://www.marikaistitutodiesteticaavanzata.it/,cpanel_notice@notifiche.serverplan.com,statico
http://www.iltempiodellabellezza.it/,tempioariano@gmail.com,statico
https://www.farmaciadellasalute.net/estetica/,info@farmaciadellasalute.net,statico
https://www.ameliesthetique.it/,amy-81@hotmail.it,statico
https://www.vanityrosebeauty.it/,antoniettadegni@icloud.com,render
https://www.centroesteticodiamante.it/,info@centroesteticodiamante.it,render
https://jennyesteticainnovativa.it/nuovaidentita,citrojenny@gmail.com,render
https://esteticafashiontoniaemena.it/,info@esteticafashiontoniaemena.it,render
https://www.mahadevi.it/,ordini.mahadevi@gmail.com,statico
https://www.nailcentergiulia.com/,nailcentergiulia@gmail.com,statico
https://www.centroempatia.it/,centroempatia@alice.it,statico
https://mr-lasuitedelbenessere.com/,romanomanuela1990@gmail.com,render
https://www.luigipierrodimensionedonna.it/,,nessuna-email
https://www.mfbeautyclinic.it/,info@mysite.com,render
https://www.mfbeautyclinic.it/,marikabeautyclinic@gmail.com,render
https://www.fcestetica.it/,assistenza@fcestetica.it,statico
http://www.ginevracosmesi.it/,info@ginevracosmesi.it,statico
https://www.beautyshapingcentroestetico.com/,eleonora.capacchione@libero.it,statico
https://beauty-paradise-beautician.business.site/,,nessuna-email
https://vanitybeautyspa.it/,info@vanitybeautyspa.it,render
http://centroesteticolarosa.myadj.it/,,nessuna-email
https://www.iodonnacenter.it/,info@iodonnacenter.it,statico
https://www.iodonnacenter.it/,iodonna@pec.it,statico
https://www.gattobianco-capri.com/it/spa,gattobianco@capri.it,statico
https://www.federicarobertoestetica.it/,cliente@federicarobertoestetica.it,render
https://www.centroesteticoelisa.it/,info@company.com,render
https://www.capricciodivenere.it/,info@capricciodivenere.it,statico
https://www.glamourmodacapelli.it/,glamour.atripalda@libero.it,statico
https://www.belleepoque19.it/,belleepoque_schiavo@hotmail.com,statico
https://www.semesteticaischia.it/,centrosemestetica@gmail.com,statico
http://erlenstudioestetico.it/,esteticaerlen@gmail.com,statico
https://www.centrobeautyca.com/,info@centrobeautyca.com,statico
https://www.glowupcriscione.it/,info@glowupcriscione.it,statico
https://www.glowupcriscione.it/,server@www.glowupcriscione.it,statico
https://esteticaeuphoria.it/,centro.esteticaeuphoria@gmail.com,statico
https://www.farmaciadichiarante.it/,,nessuna-email
https://centro-cef-di-francesca-canonico.myshopify.com/,,nessuna-email
https://www.beautydiamondestetica.it/,,timeout
https://www.andrewbarbershop.it/,andrewgargiulo79@gmail.com,statico
https://www.centrobellessere.com/,,nessuna-email
https://www.jevebeautysalon.it/,jevesrl@libero.it,statico
https://nt-beauty-lab.vercel.app/,,nessuna-email
https://www.apolloniabeautylab.com/,apolloniacasale.estetica@gmail.com,statico
https://www.lazer.it/,info@lazer.it,render
https://esteticacloe.it/,info@esteticacloe.it,render
https://esteticacloe.it/,support@beautium.com,render
https://silviastabile.com/,info@silviastabile.com,render
https://esannabeautyempire.com/,,irraggiungibile
https://masamibeauty.com/,,nessuna-email
https://www.centroesteticothea.it/,,irraggiungibile
https://pabruzzese081.wixsite.com/apcentroestetico,pabruzzese081@gmail.com,statico
https://solenonsolo.it/,info@solenonsolo.it,statico
https://linktr.ee/BeautyLu,online@www.aaa.com,statico
https://linktr.ee/BeautyLu,only@savagex.com,statico
https://linktr.ee/BeautyLu,only@www.gobble.com,statico
https://www.lucacavaliere.net/,glamourstylemaiori@gmail.com,statico
https://www.noambeauty.it/,info@noambeauty.it,statico
https://beautytimemirabella.com/,,nessuna-email
https://www.tempiobellezza.eu/,tempiobellezza@gmail.com,statico
https://brasiellogiulianabeautyandrelax.it/,ordini@benesseredibrasiellogiuliana.com,statico
https://www.lafontedellabellezza.it/,info@lafontedellabellezza.it,statico
https://www.esteticaveronica.it/,esteticaveronica.portoviro@gmail.com,statico
https://www.hairstylemary.it/,hairstylemarypolla@gmail.com,statico
https://moodybeautyfranchising.it/,info@moodybeautyfranchising.it,render
https://www.viziatabeauty.it/,info@viziatabeauty.it,statico
https://valerienailspa.prenotime.it/,,nessuna-email
https://www.argaa.it/,argaaestetica@gmail.com,statico
https://www.tempiovenere.com/,,nessuna-email
https://www.jslashandbrow.com/,info@jslashandbrow.com,statico
https://www.mgcbeautystudio.com/,info@mgcbeautystudio.com,statico
https://www.alessandraceccaroni.com/,,nessuna-email
https://temp-zcsaojylitevtxqdzzve.webadorsite.com/,assistenza@webador.it,statico
https://www.dariobeautyidentity.it/,info@dariobeauty.it,render
https://amaliabeauty.it/,,nessuna-email
https://www.comunquebella.it/,info@comunquebella.it,statico
https://agestetica.it/,agestetica96@gmail.com,statico
https://rosariafrallicciar.wixsite.com/alidibellezza,rosaria.frallicciardi@gmail.com,render
https://aloecentroestetico.com/,aloecentroesteticoroma@gmail.co,statico
https://aloecentroestetico.com/,aloecentroesteticoroma@gmail.com,statico
https://aloecentroestetico.com/,utente@dominio.com,statico
https://www.esteticasusanna.it/,centroesteticosusanna@gmail.com,render
https://www.esteticasusanna.it/,segreteria@poliambulatorioosteomed.it,render
https://esteticaclare.com/,,nessuna-email
https://www.centrobenesserepaestum.it/,info@centrobenesserepaestum.it,statico
https://anandaspabeauty.com/,anandaspabeauty@gmail.com,statico
https://anandaspabeauty.com/,farmaciamariani@gmail.com,statico
https://anandaspabeauty.com/,info@ndiscovered.com,statico
https://www.arabafenicecmo.it/,arabafenicecmo@gmail.com,render
https://www.fatimaleonailstudio.it/,,irraggiungibile
https://handology.it/,,timeout
https://kardup.it/luxury-nails,francymira85@gmail.com,statico
https://www.alexandracrisunails.it/,alexandracrisu.nails@gmail.com,statico
https://www.esteticline.it/,,nessuna-email
https://www.athenaestetica.it/,info@athenaestetica.it,statico
https://www.ondapulsante.it/,info@ondapulsante.it,statico
https://www.angels-nails-beauty.com/,assistenza@webador.it,statico
https://www.angels-nails-beauty.com/,lpbeatyrm@gmail.com,statico
https://www.angels-nails-beauty.com/,lpbeautyrm@gmail.com,statico
https://armoniadelviso.com/,contatto@esempio.it,render
https://armoniadelviso.com/,studiofmontanari2@gmail.com,render
https://www.beautyandtonic.it/,info@site.com,statico
https://www.centroesteticoladybeauty.it/,info@centroesteticoladybeauty.it,statico
https://www.amatisemprecentroestetico.it/,amatisemprecentroestetico@gmail.com,statico
https://www.centroesteticoafrica.it/,,nessuna-email
https://beautyclad.it/,,nessuna-email
https://www.auraesteticavanzata.com/,auraesteticavanzata@gmail.com,statico
https://www.alessandrointesta.it/,,nessuna-email
https://amodonostro.net/,,nessuna-email
https://allynailsart.it/,allynails@yahoo.com,statico
https://allynailsart.it/,info@localweb.it,statico
https://allynailsart.it/,orjon.nallbati@onlawoffice.com,statico
https://allynailsart.it/,privacy@localweb.it,statico
https://www.ritaviscianoacademy.it/,,irraggiungibile
https://www.beautyeffepietralata.it/,beautyeffepietralata@gmail.com,statico
https://www.almaesteticaroma.it/,,nessuna-email
https://www.extensionciglia.it/,,nessuna-email
https://www.beautyap.topimprese.com/,alessialunerti@gmail.com,statico
https://www.baywatchsolarium.topimprese.com/,,nessuna-email
https://www.aesthe.it/,,nessuna-email
https://www.beautypure.it/,info@beautypure.it,statico
https://it.nails.paraharita.com/centro-estetico-marili,,irraggiungibile
https://www.centroesteticotalenti.roma.it/,,nessuna-email
https://www.bellacomeunfiore.com/,info@bellacomeunfiore.com,statico
https://www.irresistibilidifetti.it/,,irraggiungibile
https://www.beautys.store/,,nessuna-email
https://www.americanails.it/,info@americanails.it,statico
https://www.beautyinprati.it/,beautyinprati@gmail.com,statico
https://www.asumspa.com/,info@asumspa.com,statico
http://centrobenesseredepaola.wordpress.com/,centrobenesseredepaola@gmail.com,statico
http://centrobenesseredepaola.wordpress.com/,centrobenesseredepaola@yahoo.it,statico
https://www.centroesteticopisanabravetta.it/,,nessuna-email
https://www.beauty-smart.it/,info@beauty-smart.it,statico
https://trea.tw/nQU3Knwya4ha2jWVr,,nessuna-email
https://www.beauty-clinic-roma.com/,,nessuna-email
https://www.sergiovalente.net/,,nessuna-email
https://beautycentersolariumlafenice.it/,info@localweb.it,statico
https://beautycentersolariumlafenice.it/,orjon.nallbati@onlawoffice.com,statico
https://beautycentersolariumlafenice.it/,potomkinanataliya@gmail.com,statico
https://beautycentersolariumlafenice.it/,privacy@localweb.it,statico
https://www.aestheticroma.it/,,irraggiungibile
https://www.americanails.net/,info@americanails.it,render
https://www.studiomedicoaloe.it/,studiomedicoaloe@gmail.com,statico
https://www.beautystyleroma.it/,linmonyka@yahoo.it,statico
https://bellezza-senza-bisturi.it/,bellezzasenzabisturi2023@gamail.com,statico
https://bellezza-senza-bisturi.it/,bellezzasenzabisturi2023@gmail.com,statico
https://bellezza-senza-bisturi.it/,bellezzasenzabisturi@pec.it,statico
https://bellezza-senza-bisturi.it/,info@bellezza-senza-bisturi.it,statico
https://bellezza-senza-bisturi.it/,u002f@bellezza.senza.bisturi,statico
https://bellezza-senza-bisturi.it/,u002f@mariya.petrova.es,statico
https://www.iboselli.com/,iboselli@libero.it,statico
https://beautyshaga.it/,,nessuna-email
https://www.beautyzen.it/,laura.iacobelli@inwind.it,render
https://www.calypsobenessere.com/,calypsoesteticaebenessere@gmail.com,statico
https://www.bellezzadoc.it/,,nessuna-email
https://www.matrixsunbeauty.com/,,irraggiungibile
https://www.beautylabwellness.it/,beautylab.wellness@gmail.com,statico
https://www.beautylabwellness.it/,demo@divi.express,statico
https://www.centroesteticopleinvie.it/,chiara11966@gmail.com,statico
https://www.centroesteticofemelle.it/,centroesteticofemelle@gmail.com,statico
https://www.centroesteticofemelle.it/,sabrinasalza92@gmail.com,statico
https://www.boldaesthetic.it/,bold.aesthetic24@gmail.com,statico
https://www.bennibobeautylab.it/,bennibolab@gmail.com,statico
http://esteticabodyfriend.it/,esteticabodyfriend@gmail.com,statico
https://centroesteticosolarium-roma.it/,info@centroesteticosolarium-roma.it,statico
https://www.beautytrendwellness.it/,,nessuna-email
https://booking.beautyonweb.it/salon_booking/H0TTatMpKc27boKveiSPH4QfT3XJ886d,jennyrusconi@hotmail.it,statico
https://bottegadelbenessereroma.it/,bottegabenessere@gmail.com,statico
https://www.esteticanicole.it/,crucianicristiana@gmail.com,statico
https://trea.tw/sttREsUhGNMyZAF2u,,nessuna-email
https://bodyrevolution.beauty/servizi/,,nessuna-email
https://aurabeautystudio.it/,,nessuna-email
https://www.gabriellafiorentini.it/,info@gabriellafiorentini.it,statico
https://centroesteticocaupe.com/,caupeestetica@gmail.com,statico
https://www.chiarodilunabeautyspace.it/,info@chiarodilunabeautyspace.it,statico
http://www.estetica3erre.it/,,nessuna-email
https://centroesteticolamethode.it/,lamethode@libero.it,statico
https://www.rinascitacentrobenessere.topimprese.com/,,nessuna-email
https://www.esteticaclv.com/,,nessuna-email
https://www.bunnysunparioli.it/,,nessuna-email
https://www.centroesteticosensation.it/,info@centroesteticosensation.it,statico
https://www.centroesteticovenereroma.it/,alciati.patrizia@email.it,statico
https://www.centroesteticocentocelle.it/,,nessuna-email
https://www.esteticabeautyvip.it/,estericabeautyvip@gmail.mail,statico
http://sweetmary.it/,,nessuna-email
https://www.pulsazione.it/,,timeout
https://dcesteticamedica.it/,dcesteticamedica@gmail.com,statico
https://www.centroestetissima.it/,estetissima@gmail.com,render
https://www.centroesteticoregina.com/,info@centroesteticoregina.com,statico
https://www.centroesteticoilgirasoleroma.it/,info@centroesteticoilgirasoleroma.it,statico
https://www.centroesteticocastelliromani.it/,benessere.edone2014@gmail.com,statico
https://www.centroesteticocastelliromani.it/,edoneurtorrino@gmail.com,statico
http://www.dimensionebellezza.it/,,nessuna-email
https://www.centroesteticosangiovanni.it/,dianabonivento@yahoo.it,statico
https://imagocentroestetico.it/,imagodream@libero.it,statico
https://imagocentroestetico.it/,info@localweb.it,statico
https://imagocentroestetico.it/,orjon.nallbati@onlawoffice.com,statico
https://imagocentroestetico.it/,privacy@localweb.it,statico
https://www.cyproshairbeauty.it/,cyproshairbeauty@gmail.com,statico
https://www.edynails.it/,info@edynails.it,statico
http://edendelbenessere.it/,info@edendelbenessere.it,render
https://eleganzaroma.it/,,nessuna-email
https://www.corallobeautyspa.it/,beautycorallo@gmail.com,statico
https://www.corallobeautyspa.it/,contact@celina.com,statico
https://www.corallobeautyspa.it/,contact@cellina.com,statico
https://www.devglint.com/,hello@devglint.com,statico
https://www.claudianails.it/,info@claudianails.it,statico
https://www.esteticabellessereroma.it/,,nessuna-email
https://www.endermologieroma.it/,,nessuna-email
https://donnachiceur.it/,,nessuna-email
https://www.clivia-bio.com/,cliviabioestetico@gmail.com,statico
https://www.essencebeauty.it/,essencebeautylondon@mail.com,statico
https://www.dreampmu.it/,info@dreampmu.it,statico
https://dsbeautyart.com/,doina.snigur2597@gmail.com,statico
https://dewabeauty.it/,ewaolejarz6@gmail.com,statico
https://dewabeauty.it/,info@localweb.it,statico
https://dewabeauty.it/,orjon.nallbati@onlawoffice.com,statico
https://dewabeauty.it/,privacy@localweb.it,statico
https://www.esteticabeautyclub.it/,tittiestetica@live.it,statico
https://www.centrodivatuscolana.it/,coccinelle.roma@gmail.com,statico
https://studiomedicom.it/trattamenti-corpo/endospheres-roma/,info@studiomedicom.it,statico
https://www.esteticaflana.it/,info@esteticaflana.it,statico
https://www.epiclinic.it/,claudiaepifani@pec.it,statico
https://www.epiclinic.it/,info@epiclinic.it,statico
https://epilazionelaseroma.it/,info@epilazionelaseroma.it,statico
https://estetica2.com/,contact@estetica2.com,statico
https://estetica2.com/,info@estetica2.com,statico
https://www.esteticasunnyday.com/,alessio.dilaurenzi@libero.it,statico
https://www.esteticasunnyday.com/,sunny.day2007@libero.it,statico
https://realbeautyroma.it/,,irraggiungibile
https://www.essenzaeur.com/,spaessenza@gmail.com,render
https://www.essenzaeur.com/,support@riiwards.com,render
https://www.alessiananni.it/,,timeout
https://www.esteticabenessereroma.it/,info@esteticaebenessere.it,statico
https://www.esteticabenessereroma.it/,info@esteticaebenessereroma.it,statico
https://esteticasoleluna.it/,info@esteticasoleluna.it,statico
https://www.esteticagiusti.com/,esteticagiusti@virgilio.it,statico
https://deliabeautyspa.it/,info@deliabeautyspa.com,statico
https://deliabeautyspa.it/,info@deliabeautyspa.it,statico
https://www.esteticamontegobay.it/,info@esteticamontegobay.it,statico
https://eskinhubroma.it/,e.skinhub@gmail.com,statico
https://epilroma.it/,,nessuna-email
https://www.esteticanouvelage.it/,estetica53f@gmail.com,statico
https://rsunesteticasolarium.it/,rsunesteticasolarium@libero.it,statico
https://www.femmcentroesteticotalenti.it/,aypbeautysalon@gmail.com,render
https://centrielha.it/,info@elhadepilacionlaser.com,statico
https://essebeauty.it/,essebeauty2023@gmail.com,statico
https://essebeauty.it/,info@localweb.it,statico
https://essebeauty.it/,orjon.nallbati@onlawoffice.com,statico
https://essebeauty.it/,privacy@localweb.it,statico
https://www.dorabenessere.it/,doradiolgabenessere@gmail.com,statico
https://estecentroestetico.wordpress.com/,,nessuna-email
https://esthe-wellness.it/,,nessuna-email
https://it.nails.paraharita.com/cinderella-nails,,irraggiungibile
https://cherishfleming.it/,,irraggiungibile
https://www.extensioncigliaroma.it/,,nessuna-email
https://danielacantianibeautyelite.it/,,irraggiungibile
https://www.percorsodibellezza.it/,info@esthetique-saxa.it,statico
https://www.percorsodibellezza.it/,info@esthetique.saxa.it,statico
http://www.fiumiparrucchieri.it/,info@fiumiparrucchieri.it,render
https://www.extensiondream.it/,info@extensiondream.it,statico
https://www.fbeauty.it/,federica.censi@hotmail.it,statico
https://www.centronailspiazzabologna.it/,claudia96.ester@gmail.com,statico
https://www.esthetiquemedlab.it/,info@esthetiquemedlab.it,render
https://gurfabc.com/,gestione.gurfa@gmail.com,render
https://estetici.com/,dpo@automa.biz,statico
https://estetici.com/,info@estetici.com,statico
https://estetici.com/,privacy@automa.biz,statico
https://dreamgiulia.it/,,irraggiungibile
https://dermaskincare.it/,,irraggiungibile
https://www.miriambeautytherapist.it/,,nessuna-email
https://giadabeauty.it/,,nessuna-email
https://giuliabailonibeauty.altervista.org/listino.pdf,,nessuna-email
https://www.gerardomilito.it/,,nessuna-email
https://www.farmaciaspagnoli.it/,farmaciaspagnoli@gmail.com,statico
https://www.esthetiqueroma.it/,esthetiqueroma14@gmail.com,statico
https://www.francorussoparrucchiere.it/,info@francorussoparrucchieri.it,statico
https://www.ilmondodelledonneroma.com/,ilmondodelledonne.a@libero.it,statico
https://www.ilmondodelledonneroma.com/,ilmondodelledonne_a@libero.it,statico
https://goldlashes.it/,info@goldlashes.it,statico
https://hakunamatataestetica.it/,info@hakunamatataestetica.it,statico
http://www.tintarelladiluna.org/,,nessuna-email
https://www.ilsalonebio.com/,ilsalonebio@libero.it,statico
https://www.ilsalonedelleunghieroma.com/,ilsalonedelleunghie206@gmail.com,statico
https://il-tempio-di-venere.webflow.io/,iltempiodiveneresrls@gmail.com,statico
https://www.glamouresteticaavanzata.it/,glamourbellezza@gmail.com,statico
https://www.imperodonna.it/,08224601008-imperodonna@gmail.com,statico
https://www.imperodonna.it/,imperodonna@gmail.com,statico
https://www.imperodonna.it/,utente@dominio.com,statico
https://icon.appypro.it/,server@icon.appypro.it,statico
https://www.graziolistyle.it/,,nessuna-email
https://gfestetica.com/,fanfulligiulia@gmail.com,statico
https://esteticaladama.com/,info@localweb.it,statico
https://esteticaladama.com/,mailmartagiuliani44@gmail.com,statico
https://esteticaladama.com/,martagiuliani44@gmail.com,statico
https://esteticaladama.com/,orjon.nallbati@onlawoffice.com,statico
https://esteticaladama.com/,privacy@localweb.it,statico
https://centroestasi.com/,,irraggiungibile
https://www.immaginebenessere.it/,immagine.benessere@pec.it,statico
https://www.immaginebenessere.it/,info@centromedicoeikon.com,statico
https://www.immaginebenessere.it/,info@fisiocenterappioclaudio.it,statico
https://www.immaginebenessere.it/,info@immaginebenessere.it,statico
https://www.femmeroma.it/,femmeroma@gmail.com,statico
https://www.femmeroma.it/,info@education.com,statico
https://www.hsbeauty.it/,info@hsbeauty.it,statico
https://www.hsbeauty.it/,monteverde@hsbeauty.it,statico
https://www.hsbeauty.it/,torrino@hsbeauty.it,statico
https://www.hsbeauty.it/,trastevere@hsbeauty.it,statico
https://www.helenesteticapro.it/,info@helenesteticapro.it,statico
https://lashupshop.it/,,nessuna-email
https://www.illuminatibenessere.it/estetica/,info@company.com,statico
https://www.illuminatibenessere.it/estetica/,info@illuminatibenessere.it,statico
https://www.infinitybeautycenter.com/,,nessuna-email
https://www.centroesteticosaluteebellezza.it/,,nessuna-email
https://esteticadebora.it/,,irraggiungibile
https://www.estetica-in.it/,esteticain.roma.1988@gmail.com,statico
https://centroesteticoincanto.com/,,nessuna-email
https://irenehairstyle.it/,irenehair984@gmail.com,statico
https://www.istitutodibellezzapicasso.it/,info@istitutodibellezzapicasso.it,statico
http://linktr.ee/La_FeniCe_del_Benessere,contact@gdprlocal.com,statico
http://linktr.ee/La_FeniCe_del_Benessere,dpo.support@gdprlocal.com,statico
http://linktr.ee/La_FeniCe_del_Benessere,online@www.aaa.com,statico
http://linktr.ee/La_FeniCe_del_Benessere,only@savagex.com,statico
http://linktr.ee/La_FeniCe_del_Benessere,only@www.gobble.com,statico
http://linktr.ee/La_FeniCe_del_Benessere,privacy@linktr.ee,statico
http://labisbeticacentroestetico.myadj.it/,,nessuna-email
https://romatuscolana.la-form.com/,romatuscolana@la-form.com,render
https://www.lamaisondellabellezza.com/,support@nama-perusahaan.com,statico
https://www.esteticacalypso.com/,,nessuna-email
https://www.esteticaguidonia.it/,esteticaguidoniasas@libero.it,statico
https://www.centroesteticoaxa.it/,jadoreinstitute@gmail.com,statico
http://nataliabeaute.altervista.org/,,nessuna-email
https://www.labeauteroma.it/,info@labeauteroma.it,statico
https://www.labeauteroma.it/,info@labeuteroma.it,statico
https://treatwellapp.page.link/HFyk1,,nessuna-email
https://epilflashroma.it/,info@epilflashroma.it,statico
https://www.katanella.com/,katanellabeautyconcept@gmail.com,statico
https://www.lessbeauty.it/,info@lessbeauty.it,statico
https://kerafill.it/,emran.bd.08@gmail.com,statico
https://kerafill.it/,info@kerafill.it,statico
https://www.janitahelova.com/,,nessuna-email
https://www.karennorman.it/,info@karennorman.it,statico
https://lapiubelladelreame.com/,info@lapiubelladelreame.com,statico
http://epilazioneroma.it/,info@epilazioneroma.it,statico
http://epilazioneroma.it/,server@epilazioneroma.it,statico
https://www.lamaisondebeauteroma.com/,info@lamaisondebeauteroma.com,statico
https://www.lorensbeauty610.com/,,nessuna-email
https://www.centroesteticomalo.com/,centroesteticomalo@gmail.com,statico
https://www.linaparrucchieri.it/,linaparrucchieri66@gmail.com,statico
https://www.centroesteticoeuphoria.it/,,irraggiungibile
https://www.farmaciasquarti.com/,,irraggiungibile
https://www.elizabetlashbrow.com/,,nessuna-email
https://www.lanuovavitaestetica.it/,,nessuna-email
https://lakillerdellacellulite.it/,,nessuna-email
https://glamonhair.it/,info@glamonhair.it,render
http://www.malu-beautynails.com/,maluozanam@gmail.com,statico
https://www.esteticasangiovanni.it/,info@azzardoalauria.it,statico
https://www.esteticasangiovanni.it/,meraki.estetica.avanzata@gmail.com,statico
https://www.marlenenailsandbeauty.it/,marlene.estetica@inwind.it,statico
https://ladeadellabellezzaemanuelascarozza.it/,info@ladeadellabellezzaemanuelascarozza.it,statico
https://www.lumaestetica.it/,,nessuna-email
https://www.maisonistitutidibellezza.it/,info@maisonistitutidibellezza.it,statico
https://www.maisonistitutidibellezza.it/,tu@esempio.com,statico
https://www.merakicentroestetico.it/,merakicentroesteticoroma@gmail.com,statico
https://jardinbeauteroma.it/,info@localweb.it,statico
https://jardinbeauteroma.it/,jardindebeaute21@gmail.com,statico
https://jardinbeauteroma.it/,orjon.nallbati@onlawoffice.com,statico
https://jardinbeauteroma.it/,privacy@localweb.it,statico
https://www.lineafleming.com/,lineafleming@libero.it,statico
https://www.manuelavarlotta.com/,corsi@manuelavarlotta.com,statico
https://www.manuelavarlotta.com/,info@manuelavarlotta.com,statico
https://iobella.it/,,irraggiungibile
https://iconicbrows.it/,,irraggiungibile
https://www.labottegadelbenessereroma.it/,,nessuna-email
https://www.mapisolarium.com/,,nessuna-email
https://leggercentroestetico.it/,,nessuna-email
https://www.masiestetica.it/,info@masiestetica.it,statico
https://www.masiestetica.it/,marina@masiestetica.it,statico
http://www.nailbargamax.it/,bahr@gamax.it,statico
http://www.nailbargamax.it/,info@nailbar.it,statico
http://www.nailbargamax.it/,utente@dominio.com,statico
http://www.nailbargamax.it/,viaadolfogandiglio@nailbar.it,statico
http://www.nailbargamax.it/,viaappianuova@nailbar.it,statico
http://www.nailbargamax.it/,viadelboschetto@nailbar.it,statico
http://www.nailbargamax.it/,viadellavite@nailbar.it,statico
http://www.nailbargamax.it/,viagiulia@nailbar.it,statico
http://www.nailbargamax.it/,vialedeiparioli@nailbar.it,statico
http://www.nailbargamax.it/,vialedellarte@nailbar.it,statico
http://www.nailbargamax.it/,viasabotino@nailbar.it,statico
https://www.nailslab-roma.it/,nailslabroma@outlook.it,statico
https://www.esteticatuscolana.it/,demo@divi.express,statico
https://www.esteticatuscolana.it/,lifebeautytime@gmail.com,statico
https://www.esteticatuscolana.it/,shangoforeverqueen@gmail.com,statico
https://www.tiktok.com/@marilyn_beauty_luxury,,nessuna-email
https://myabeauty.it/,info@myabeauty.it,statico
https://treatwellapp.page.link/BKC97,,nessuna-email
https://orobodyroma.it/,,irraggiungibile
https://www.maurizioamadio.com/,,nessuna-email
https://www.lotusbeautycenter.it/,,nessuna-email
https://www.tiktok.com/@nareea_hair_beauty/video/7364390328947707169,hobsonkaren.hobson@bytedance.com,statico
https://www.tiktok.com/@nareea_hair_beauty/video/7364390328947707169,mercuriojohn_mercurio@motionpictures.org,statico
https://www.nails4you.it/,,nessuna-email
https://mesamisestetica.com/home,mesamis2021@gmail.com,render
https://www.esteticapermamme.it/,cesqo82@gmail.com,statico
https://www.esteticapermamme.it/,isotta@esteticapermamme.it,statico
http://www.orizzontebenessere.com/,orizzontebenessere@gmail.com,statico
https://www.tuscolana-shopping.it/lily-nails.html,,nessuna-email
https://mondainiparrucchiereestetica.myadj.it/,,nessuna-email
https://www.malibuestetica.com/,,nessuna-email
https://www.namasterelaxbeauty.it/,,nessuna-email
https://www.nailswellnessroma.it/,%20p.valentinamakeup@gmail.com,statico
https://www.nailswellnessroma.it/,p.valentinamakeup@gmail.com,statico
https://beautyeur6.wordpress.com/,olisticaeur@gmail.com,statico
http://parrucchiere-roma-aurelio.blogspot.it/,,nessuna-email
https://www.naturaliasintesi.com/dove-siamo/,info@naturaliasintesi.it,statico
https://beautyexpressroma.com/,,nessuna-email
http://www.vetrinaservizi.it/archivio5_servizi_120_747_0_1.html,,irraggiungibile
http://www.noisalon.com/,noidelpopolo@gmail.com,statico
http://www.noisalon.com/,noinaples@alice.it,statico
http://www.noisalon.com/,noiparioli@gmail.com,statico
http://www.noisalon.com/,noisalon@alice.it,statico
https://www.centroesteticopiazzabologna.it/,1607927e-mailestetica.heaven@hotmail.it,statico
https://www.centroesteticopiazzabologna.it/,estetica.heaven@hotmail.it,statico
https://www.nailsandbeautybycinzia.it/,info@nailsandbeautybycinzia.it,statico
http://rosebeautycenterroma.wix.com/rosebeauty,,nessuna-email
https://rdimmagine.it/,rdimmagine@gmail.com,statico
https://www.romanails.it/,info@romanails.it,statico
https://royallashesbrows.com/,info@royallashesbrows.com,render
https://www.coiffpoint.it/,info@aliados.it,statico
https://primocoloremoda.it/,,nessuna-email
https://massaggidomicilioroma.it/,patrizio.liguori@gmail.com,statico
https://www.raysunestetica.it/,info@raysunestetica.it,statico
https://www.parrucchieriesteticanava.it/,,nessuna-email
https://www.sarabeautyroma.it/,info@sarabeautyroma.it,statico
https://www.nonsolocapelli.com/,%20nonsolocapellisrl@gmail.com,statico
https://www.nonsolocapelli.com/,nonsolocapellisrl@gmail.com,statico
http://www.oskarova.com/,info@oskarova.com,statico
https://sissiesteticaevoluta.com/,sissiesteticaevoluta@gmail.com,statico
https://nocinails.com/,%20info@nocinails.it,statico
https://nocinails.com/,info@localweb.it,statico
https://nocinails.com/,info@nocinails.it,statico
https://nocinails.com/,orjon.nallbati@onlawoffice.com,statico
https://nocinails.com/,privacy@localweb.it,statico
https://nocinails.com/,romainfo@nocinails.it,statico
https://www.mani-manie.it/,,irraggiungibile
https://rosabeautyroma.it/,rosabeauty701@gmail.com,render
https://www.lien-microneedling.it/,info@lien-microneedling.it,statico
https://www.polotricologicoeuropeo.it/,info@polotricologicoeuropeo.it,statico
https://www.rungarun.it/,rungarunmassage@gmail.com,statico
https://www.siriaestetica.com/,,nessuna-email
https://www.queenklarabenessere.com/,info@queenklarabenessere.com,statico
https://www.rosyfantiofficial.com/,rosyfantiofficial@gmail.com,statico
https://slaybeautyroma.com/,,nessuna-email
http://www.sensusbenessere.it/,,nessuna-email
https://www.saravecchi.it/,info@saravecchi.it,statico
https://www.robertbeautycenter.com/,,nessuna-email
https://www.oleseagrace.com/,,nessuna-email
https://secretcharm.it/,glamour@esteticaitalia.it,statico
https://secretcharm.it/,info@secretcharm.it,statico
https://www.staffdellabellezza.it/,a.tafuro@libero.it,statico
https://roxynailsroma.it/,luana.marinoaffaitati@gmail.com,statico
https://roxynailsroma.it/,roxynails1717@gmail.com,statico
https://www.missme.it/,,irraggiungibile
https://mgestetica.it/,,irraggiungibile
https://salotto.beauty/,info@salotto.beauty,statico
https://www.simobeauty.it/,,nessuna-email
https://sheherazade.it/,,nessuna-email
https://www.protocollostoppeli.it/,chrisamasrl@cert.agenziaservizitalia.it,render
https://www.protocollostoppeli.it/,stoppeliroma@gmail.com,render
https://martaseabreeze.it/,seabreeze.roma@gmail.com,statico
https://www.istitutodibellezzaroma.it/,catia.d@live.it,statico
https://www.monicabarbieri.com/,,nessuna-email
https://www.centroesteticothenest.com/,thenestsrl@gmail.com,statico
https://undiavolopercapellosg.it/,simonevitali82@gmail.com,statico
http://www.sunwavestravel.se/,info@sunwavestravel.se,statico
https://www.profmarcotoscani.com/,info@profmarcotoscani.com,statico
https://www.profmarcotoscani.com/,marcotoscani@libero.it,statico
https://www.solidani.it/salon/monteverde/,monteverde@solidani.it,statico
https://www.solidani.it/salon/prati/,prati@solidani.it,statico
https://www.skinclinicbalduina.it/,,nessuna-email
https://www.tanebeauty.it/,,nessuna-email
https://www.solidani.it/salon/eur/,eur@solidani.it,render
https://solemaniaroma.it/,solemaniaroma@gmail.com,statico
http://www.pulsazione.it/,info@italia.pulsazione.com,render
https://www.tochic.it/,f.santosbellezza@gmail.com,statico
https://www.shaddaistudiodibellezza.it/,shaddai.24.kcy@gmail.com,render
https://www.sunbodyexperience.it/,,nessuna-email
https://www.teuladaroma.it/,mariaeserena.estetica@gmail.com,statico
https://www.vanitybeauty108.com/,,nessuna-email
https://www.sunnyfleming.it/,,nessuna-email
https://www.lalunanellemani.it/,lalunanellemani@gmail.com,render
http://www.protagonistinewstyle.topimprese.com/,protagonistinewstyle15@gmail.com,statico
https://www.trasteverefitness.topimprese.com/,trasteverefitness81@gmail.com,statico
https://paeoniabeautysalon.it/,,irraggiungibile
https://www.trattamentiesteticiroma.it/,infoskinlab23@gmail.com,render
https://www.centroesteticounicorn.com/,info@centroesteticounicorn.com,statico
https://www.centroesteticounicorn.com/,unicornailsbeauty@gmail.com,statico
https://proartistacademy.it/,,irraggiungibile
https://www.stefaniabartoloniyamas.com/,,nessuna-email
https://www.mytopnails.it/,,nessuna-email
https://www.ricostruzioneunghieatalenti.it/,,nessuna-email
https://www.farmaciaeredivincentiostia.it/centro-estetico,farmaciavincenti.mt@gmail.com,statico
https://www.farmaciaeredivincentiostia.it/centro-estetico,utente@dominio.com,statico
http://www.velvetestetica.com/,,nessuna-email
https://suyanestetica.it/,,nessuna-email
http://www.centroesteticotiare.com/,,irraggiungibile
http://www.passionebiondo.it/,info@passionebiondo.it,statico
https://venusesteticaroma.it/,info@venusesteticaroma.it,statico
https://venusesteticaroma.it/,venus_estetica@yahoo.it,statico
https://www.valentinasebastiano.it/,contact@wordpresschef.it,render
https://www.beautytimelatina.it/,beautytime.segreteria@gmail.com,render
https://www.beautytimelatina.it/,info@beautytimelatina.it,render
https://www.beautytimelatina.it/,support@gist-apps.com,render
http://venereesteticaebenessere.topimprese.com/,,nessuna-email
https://www.latinaebusiness.it/miriamnardinparrucchieri,miriamnardin72@libero.it,render
https://www.merlinoemorgana.it/,info@merlinoemorgana.it,statico
https://www.velvetfrascati.it/,,nessuna-email
https://artesteticamaeli.com/,artesteticamaeli@yahoo.com,statico
https://laurasellan2.wixsite.com/edenestetica,,nessuna-email
https://suvelia.it/,,nessuna-email
https://gi-wellnessebeauty.it/,g.b.w.estetica@gmail.com,statico
https://www.peperosaconceptstore.it/,info@peperosaconceptstore.it,statico
https://trea.tw/QwZurR,,nessuna-email
https://laperlaneraprilia.wordpress.com/,laperlanera.aprilia@gmail.com,statico
https://aurumesteticaesclusiva.com/,,nessuna-email
https://linktr.ee/beautytimesalonedibellezza,online@www.aaa.com,statico
https://linktr.ee/beautytimesalonedibellezza,only@savagex.com,statico
https://linktr.ee/beautytimesalonedibellezza,only@www.gobble.com,statico
https://msesteticasolaria.wixsite.com/msesteticasolaria,ms.esteticasolaria@gmail.com,statico
https://www.sublimalashes.com/,,irraggiungibile
https://ibfistitutodiformazione.it/,,irraggiungibile
https://www.farmaciaasole.it/,farmaciaasole@gmail.com,statico
https://www.farmaciaasole.it/,info@juiceito.com,statico
https://www.beautyrelaxsrls.it/,assistenza@webador.it,statico
https://www.beautyrelaxsrls.it/,beautyrelax17@gmail.com,statico
https://www.veneresteticaroma.it/,,nessuna-email
https://slimbetasystem.it/,info@slimbetasystem.com,statico
https://www.theoneroma.it/,,irraggiungibile
http://www.michellebworld.com/,,irraggiungibile
https://www.unghieebellezzadms.com/,customercare@unghieebellezzadms.com,render
https://linktr.ee/sarasantolin,online@www.aaa.com,statico
https://linktr.ee/sarasantolin,only@savagex.com,statico
https://linktr.ee/sarasantolin,only@www.gobble.com,statico
https://altheabeautylab.it/,info@altheabeautylab.it,statico
http://beheaven.myadj.it/v/beheaven,,nessuna-email
https://vanessascali.it/,vanessascali85@gmail.com,render
https://www.esteticamente-civitavecchia.it/,info@esteticamente-civitavecchia.it,statico
https://www.tessierhairdressers.com/,,nessuna-email
https://www.reveal-estetica.it/,info@glocalconsulting.it,statico
https://www.reveal-estetica.it/,info@reveal-estetica.it,statico
https://www.studiodibellezzagiuliatreglia.it/,,timeout
http://rimodella.it/,,irraggiungibile
https://www.venusalus.it/,,nessuna-email
https://www.gioiaebenessere.it/,gioiaebenessere.nettuno@gmail.com,statico
https://www.esteticamarzia.com/,,nessuna-email
https://www.emmetibeauty.it/,info@emmetibeauty.it,statico
https://www.emmetibeauty.it/,reception@emmetibeauty.it,statico
https://www.centroesteticocisternadilatina.it/,dbcentercisterna@virgilio.it,statico
https://www.centroesteticovelletri.it/,info@centroesteticovelletri.it,statico
https://www.centroesteticoanid.it/,info@centroesteticoanid.it,statico
https://bit.ly/istitutodibellezzadanielaregina,,nessuna-email
https://www.goccedibenessere.eu/,,nessuna-email
https://bookami.it/uzzos-nails,,nessuna-email
https://www.venerespa.it/,segreteria@venerespa.it,statico
https://www.compagniadellabellezzaisabella.it/,troscia@cdbmail.com,statico
https://www.esteticalory.it/,info@esteticalory.it,statico
https://www.manuelasica.it/,beautylab.manuela@gmail.com,statico
https://www.parrucchieresteticacentrobellezza.com/,robadiestetica@libero.it,statico
https://www.roxynailstore.com/,roxy33@libero.it,statico
https://www.roxynailstore.com/,roxynailstore@gmail.com,statico
https://www.essentia.store/,,irraggiungibile
http://www.esteticadafne.it/,,nessuna-email
https://www.zenbeautyrelax.it/,info@zenbeautyrelax.it,statico
https://esteticalessia.it/contatti/,,nessuna-email
https://beautyfor-1730274046.wixsite.com/beauty-for-you,marincionigiorgia@gmail.com,render
https://irisrieti.wixsite.com/home,sonia.bobbi.30@gmail.com,statico
https://aguzzimartina.wixsite.com/myartesteticaeunghie,aguzzimartina@gmail.com,statico
https://www.centroesteticomarida.com/,esteticamarida@hotmail.it,statico
https://www.serenabeautylab.it/,,irraggiungibile
https://amiraestetica.it/,,irraggiungibile
http://centroesteticofrosinone.it/,,nessuna-email
https://www.vitaesteticainnovativa.it/,,timeout
https://www.capellinaturalmente.it/,info@capellinaturalmente.it,statico
https://www.venerespa.it/venerespa-beauty-lab-anzio/,segreteria@venerespa.it,statico
https://www.museparrucchieriestetica.it/,info@museparrucchieriestetica.it,statico
https://www.centrobenessereshaasa.it/,info@centrobenessereshaasa.it,statico
https://webrieti.wixsite.com/secret-beauty,secretbeautypmu@gmail.com,render
https://www.capribeautyboutique.com/,,nessuna-email
https://www.istitutodibellezzafeme.it/,info@istitutodibellezzafeme.it,render
https://www.vivianapetroni.com/,info@vivianapetroni.com,render
https://www.almanegraestetica.it/,alma.negra@live.it,statico
https://www.centrobenesserelamelastregata.com/,la.melastregata06@gmail.com,statico
https://www.acleaestetica.it/,acleasrl6369@gmail.com,statico
https://www.acleaestetica.it/,ouiaclea@pec.it,statico
https://esteticabarbaracivitavecchia.it/,esteticabarbaracivitavecchia@gmail.com,statico
https://esteticabarbaracivitavecchia.it/,info@localweb.it,statico
https://esteticabarbaracivitavecchia.it/,orjon.nallbati@onlawoffice.com,statico
https://esteticabarbaracivitavecchia.it/,privacy@localweb.it,statico
https://www.montibeautycenter.com/,beautyspaefit@outlook.it,statico
https://www.esbeautystudio.it/,beautystudio.elisa@gmail.com,statico
https://www.esbeautystudio.it/,beautystudio.elisa@pec.it,statico
https://www.esbeautystudio.it/,elisa.sframeli@esbeautystudio.it,statico
https://esteticabebeauty.it/,bebeautysrls@gmail.com,statico
https://www.stillash.it/,assistenza@webador.it,statico
https://www.stillash.it/,stilmonterotondo@gmail.com,statico
https://treatwellapp.page.link/YR2zg,,nessuna-email
https://www.mamabenessere.it/,mamabenessere@hotmail.it,statico
https://www.imperfect-beauty.it/,info@imperfect-beauty.it,render
https://www.centroesteticobeautygold.it/,info@centroesteticobeautygold.it,statico
https://www.esteticadanielaferrari.it/,,nessuna-email
https://www.esteticaunmomentoperte.it/,info@esteticaunmomentoperte.it,statico
http://www.brunoferrera.com/,,irraggiungibile
https://www.conceptlashes.it/,,nessuna-email
https://www.antonellapalli.it/,,nessuna-email
https://www.camillabeautyhub.it/,,nessuna-email
https://iresobeauty.it/,,irraggiungibile
https://www.ameste.com/,,nessuna-email
https://www.nailita.com/,,nessuna-email
https://www.esserebenessererieti.it/,info@esserebenessererieti.it,statico
https://www.alisiabeautycenter.com/,,nessuna-email
https://jfbeautytime.it/,info@jfbeautytime.it,render
https://jfbeautytime.it/,info@jfcosmetici.it,render
https://www.centroesteticolinfavitale.com/,2022-03-08@16.16.57.jp,statico
https://www.centroesteticolinfavitale.com/,azzurratocci1989@gmail.com,statico
https://www.centroesteticolinfavitale.com/,azzurratocci1989@yahoo.com,statico
https://www.atelierbekosby.com/,,nessuna-email
https://www.beautycenterreni.it/,benesseregordelova@hotmail.it,statico
https://trea.tw/vR39ei,,nessuna-email
https://bellessereformia.it/,bellesseresrls@libero.it,statico
https://amelienails.it/,info@amelienails.it,statico
http://www.seetyplus.it/estetica-hedone,,nessuna-email
https://www.lazerepilazionepermanente.it/,lazerepilazionepermanente@gmail.com,statico
https://www.lazerepilazionepermanente.it/,reginafarinapizzeria@gmail.com,statico
https://bit.ly/2QCIwxF,,nessuna-email
https://www.antomanubeautycenter.com/,,nessuna-email
https://beautylinetivoli.com/,beautylinetivoli@gmail.com,render
https://www.undiavolopercapello2.it/,info@undiavolopercapello2.it,statico
https://www.undiavolopercapello2.it/,seryforte@gmail.com,statico
https://www.centroesteticoimago.com/,centroesteticoimago@gmail.com,statico
https://www.centroesteticoimago.com/,imagoestetica@gmail.com,statico
https://loasipomezia.beauty/,loasi.pomezia@gmail.com,render
http://www.altaestetica.topimprese.com/,,nessuna-email
https://www.esteticaparrucchiereladispoli.it/,info@esteticaunmomentoperte.it,statico
https://www.esteticamaska.com/,info@esteticamaska.com,statico
https://www.maklubeauty.it/,maklubeauty@outlook.com,statico
https://www.scuolelanuovaimmagine.it/,lanuovaimmagine206@gmail.com,statico
https://www.centroesteticoambra.it/,,timeout
https://www.luxesteticaavanzata.it/,info@luxesteticaavanzata.it,statico
https://www.centrobenesserepompeo.com/,pompeo-c.benessere@libero.it,statico
https://superagenda.online/MicrobladingCristinaAlbano,,nessuna-email
https://www.istitutodibellezzaelysium.com/,,nessuna-email
http://www.esteticabeautyhelp.it/trattamenti/,info@esteticabeautyhelp.it,statico
https://www.vipextension.it/,,nessuna-email
https://hairvogueestetica.it/,hairvogueestetica@gmail.com,statico
https://www.micheladellabina.com/,info@ndiscovered.com,statico
https://www.micheladellabina.com/,team@latofonts.com,statico
http://www.gruppoelite.com/,gruppoelitesalon@yahoo.com,statico
https://www.tuttocassino.it/listing/incontro-con-la-bellezza/,redazione@tuttocassino.it,render
https://www.tuttocassino.it/listing/gigante-istituto-di-bellezza/,redazione@tuttocassino.it,render
https://www.rosydibicenter.it/,info@rosydibicenter.it,statico
https://www.realbeautynunzia.it/,nunziasuppa@gmail.com,statico
https://centromassaggio.it/massaggi-cinesi/via-casilina-59b-san-bartolomeo.html,,nessuna-email
https://www.beautypa.it/,info@beautypa.it,statico
http://www.naturalmentebellaariccia.it/estetica.html,info@naturalmentebellaariccia.it,statico
https://www.comfortday.it/,comfortdaysnc@gmail.com,statico
http://www.esteticabeautyhelp.it/,,nessuna-email
https://floraesteticaavanzata.it/,,nessuna-email
https://esteticaladispoli.it/,,irraggiungibile
https://beautiquelab.it/,,nessuna-email
http://80estetica.weebly.com/,,nessuna-email
https://wa.me/393347466375,,nessuna-email
http://www.beautychic.eu/,,timeout
https://www.pameladiventura.com/,,timeout
https://www.straneideeperlatesta.it/,,irraggiungibile
http://www.estetistacastelliromani.it/,,nessuna-email
https://www.medeabenessere.it/,info@medeabenessere.it,render
https://patriziamantovani.it/,mntprz68d46l182k@impresa.italia.it,statico
https://www.castelliromanishopping.it/ego-beaute.html,,timeout
https://www.aestheticpharma.it/,,nessuna-email
https://nuovoraggiodisole.com/,,timeout
http://beautytips1802.wordpress.com/,,nessuna-email
https://www.sarabeauty.it/,,nessuna-email
https://www.hairstylistribelle.it/,maririva76@gmail.com,statico
https://www.silviacentroestetico.it/,silvia.fashion.nails@gmail.com,statico
https://welcomeenjoyestetica.it/,info@welcomeenjoyestetica.it,statico
https://faestetica.it/,faestetica2022@gmail.com,statico
https://www.farmaciasantamarinella.it/,farmaciasantateresasm5@gmail.com,statico
https://clerbeautyhouse.com/,,timeout
https://gratis-4689709.webadorsite.com/,assistenza@webador.it,statico
https://centroesteticolaltrame.it/,,nessuna-email
https://www.tiktok.com/@colorbeauty_et,,nessuna-email
https://martaguerrinilab.it/,info@martaguerrinilab.it,statico
https://martaguerrinilab.it/,jobs@demo.com,statico
https://www.esteticabodysolution.it/,chanty.gentile@gmail.com,statico
https://www.esteticajugen.it/,,timeout
https://www.venerebeautycenter.it/,estetica.silvi@gmail.com,statico
https://www.nonsoloesteticagaeta.it/,,timeout
https://www.etoilecentroestetico.it/,,timeout
https://www.marianodibiasio.it/,info@marianodibiasio.it,render
https://marisolbellezzaebenessere.it/,info@marisolbellezzaebenessere.it,statico
https://www.centroesteticovillanovaguidonia.it/,dldestetica19@gmail.com,statico
https://www.isolaestetica.com/,info@isolaesterica.com,statico
https://www.isolaestetica.com/,info@isolaestetica.com,statico
https://www.centromarian.com/,marian.bellezza@alice.it,statico
https://www.immaginedonna.online/,,nessuna-email
https://monajasminne.wixsite.com/lash-by-jasminne,,nessuna-email
https://www.centroesteticoharmony.it/,info@centroesteticoharmony.it,statico
http://www.instagram.it/estetica_teresa_mastrogiacomo,,nessuna-email
https://msha.ke/beauty_esthetique,,nessuna-email
https://beautyartferentino.com/,info@beautyartferentino.com,statico
https://www.harmonialab.it/,info@harmonialab.it,statico
https://www.veraestetica.it/,info@veraestetica.it,statico
https://www.maskarashop.it/it/,iltuo@email.it,statico
https://www.maskarashop.it/it/,info@maskarashop.it,statico
https://www.maskarashop.it/it/,maskara.srls@pec.it,statico
https://www.fontedelbenessere.com/,info@fontedelbenesserealatri.it,render
https://bellesserebeauty.com/,,nessuna-email
https://www.elisanaildesign.it/,elisa.talone97@gmail.com,render
http://www.ellebeautylab.it/,,timeout
https://alterego.it/,,nessuna-email
https://temp-xyhydovisbmlgorstwde.webadorsite.com/,assistenza@webador.it,statico
https://temp-xyhydovisbmlgorstwde.webadorsite.com/,domusbenessere.estetica@gmail.com,statico
https://www.istitutodibellezzasilvy.it/,cristinafraccacretapmu@gmail.com,statico
https://www.istitutodibellezzasilvy.it/,info@istitutodibellezzasilvy.it,statico
http://www.naturalbeautyram.com/,info@naturalbeautyram.com,statico
https://omeganails.it/,,nessuna-email
https://www.proestetica.biz/,info@proestetica.biz,statico
https://www.proestetica.biz/,vasb@cebrfgrgvpn.ovm,statico
https://www.elisirbenessere.com/,,nessuna-email
https://ladycenter.it/,chiarafolcarelli1989@gmail.com,statico
https://auroracentroestetico.it/,info@auroracentroestetico.it,statico
https://www.esteticaromagnoli.it/,annamartina7892@gmail.com,statico
https://www.centrobenessereangelaraponi.com/,centrobenessere.ar@libero.it,statico
https://secretbeautydiva.it/,info@secretbeautydiva.it,statico
https://fvnailsboutique.wordpress.com/,fv.nailsboutique@gmail.com,statico
https://www.violabeautyart.it/,violabeautyart@gmail.com,statico
https://www.curamarketing.net/estetica-ninfea/,cura.s.r.l@legalmail.it,statico
https://www.curamarketing.net/estetica-ninfea/,info.angeloroberti@gmail.com,statico
https://www.esteticaester.it/,clienti@berendsohn.com,statico
https://www.esteticaester.it/,servizi-digitali@berendsohn.com,statico
https://artestetika.it/,artestetika2@gmail.com,statico
https://skinbright.it/,,timeout
https://www.elitesabaudia.it/,,nessuna-email
http://www.lasorgentedelbenessere.it/index.php/contatti,,nessuna-email
https://www.beautylabfiuggi.it/,beautylabfiuggi@gmail.com,statico
https://www.centrobenessereflaminius.it/,flaminusbenessere@gmail.com,statico
https://msha.ke/formalarte.beauty,formalarte.beauty@gmail.com,statico
https://codicebellezza.it/,,timeout
https://www.estetica-uno.it/,esteticaunosantalucia@gmail.com,statico
http://www.snellissima.altervista.org/,,nessuna-email
https://www.chanty.it/,utente@dominio.com,statico
https://www.francescagentili-studio.it/,contact@kitring.com,statico
https://www.francescagentili-studio.it/,contact@pabuasu.com,statico
https://www.francescagentili-studio.it/,francesca.gentili82@gmail.com,statico
https://www.francescagentili-studio.it/,info@francescagentili.it,statico
https://www.fabrizionarducci.com/,amorverospa@hotelhassler.it,statico
https://www.fabrizionarducci.com/,capri@narducci.org,statico
https://www.fabrizionarducci.com/,info@narducci.org,statico
https://www.fabrizionarducci.com/,roma@narducci.org,statico
https://www.fabrizionarducci.com/,torino@narducci.org,statico
https://www.deacosmesi80.it/site/,deacosmesi80@libero.it,statico
https://www.deacosmesi80.it/site/,info@deacosmesi80.it,statico
https://www.deacosmesi80.it/site/,info@liberieuguali.it,statico
https://www.trunails.net/,info@trunails.net,statico
https://segretidibellezzaitri.it/,segretidibellezza19@libero.it,statico
https://hannabra.it/,,timeout
https://www.luxury-sancesareo.it/,,timeout
https://www.qualitaitalia.com/bijoux/,info@qualitaitalia.com,statico
https://www.qualitaitalia.com/bijoux/,lauramancini888@gmail.com,statico
https://www.silviabeautyext.it/,,nessuna-email
http://www.beautyelite.it/,,nessuna-email
http://www.amatibeautystudio.com/,,nessuna-email
https://velvetprofessionalbeauty.it/,info@velvetprofessionalbeauty.it,statico
https://www.priscascarcella.it/,pscarcella1997@gmail.com,statico
https://www.imperodellabellezzanepi.it/,imperodellabellezzanepi@gmail.com,statico
https://www.olosestetica.it/,,nessuna-email
https://gioiatantarimasterpmu.company.site/,tantagioia_pmu@libero.it,statico
https://montecchifrancesca.it/,info@montecchifrancesca.it,statico
https://www.myclubplus.it/,contact@scriptsbundle.com,statico
https://www.myclubplus.it/,info@myclubplus.it,statico
https://www.immaginecentroestetico.it/,contatto@esempio.it,statico
https://www.immaginecentroestetico.it/,immaginecentrosfc@gmail.com,statico
http://probeautystudio.it/,,nessuna-email
https://www.bottegadelbenesseredieleonoraspano.com/,info@bottegadelbenesseredieleonoraspano.com,statico
https://germanaquasi.it/,quasigermana@gmail.com,statico
https://www.laperlaneraspa.it/,info@laperlaneraspa.it,render
https://www.laperlaneraspa.it/,perlanera.spa@gmail.com,render
https://centroesteticoelisium.it/,,irraggiungibile
https://lombardibellezza.it/,,irraggiungibile
https://www.beautyparadise.it/,,nessuna-email
https://www.saraysaloon.com/,info@saraysaloon.com,statico
https://annafedeli.wixsite.com/website,,nessuna-email
http://bit.ly/2RYfIkr,,nessuna-email
https://www.juliabeauty.it/,info@juliabeauty.it,statico
https://www.queensfactory.it/,info@queensfactory.it,statico
http://www.esteticaokume.altervista.org/,esteticaokume@libero.it,statico
http://www.esteticaokume.altervista.org/,jane@untitled.tld,statico
https://www.professionalbeautyroma.it/,info@professionalbeautyroma.it,render
https://www.professionalbeautyroma.it/,professionalandbeautyroma@gmail.com,render
https://www.truccopermanente.it/,,nessuna-email
https://www.esteticapacifici.com/,nadiapacifici6@gmail.com,statico
https://centroesteticolefragole.it/,info@centroesteticolefragole.it,statico
https://centroesteticolefragole.it/,info@email.it,statico
https://www.esteticaserena.com/,,nessuna-email
https://beautyartcapena.it/,,nessuna-email
http://www.ceccaccigroup.it/,,nessuna-email
http://www.esmed.it/,info@esmed.it,statico
https://www.gadermoestetica.it/,,nessuna-email
https://www.smesteticatalenti.it/,,nessuna-email
https://centrimassaggithai.it/roma/roma/barbara-ayurveda-shantaram-roma/,,nessuna-email
http://armoniaaquino.wix.com/armoniabenessere,,nessuna-email
https://thestyleofwellness.it/,,timeout
https://beautyboutiquesteticavanzata.com/,info@beautyboutiquesteticavanzata.com,statico
https://www.karibuestetica.it/,info@karibuestetica.it,statico
https://www.bovaceprano.it/,,nessuna-email
https://saracollettihairstylist.it/,saracollettiparrucchiere@gmail.com,statico
https://www.centroesteticomya.it/,info@centroesteticomya.it,statico
https://www.centroesteticoclea.it/,centroesteticoclea@libero.it,statico
https://www.totallookhairandbeauty.it/,totlook@gmail.com,statico
http://www.e-choose.it/annalisa,claudiamercuri81@hotmail.com,statico
http://www.e-choose.it/annalisa,redazione@e-choose.it,statico
http://www.e-choose.it/annalisa,rossettigioielli@gmail.com,statico
http://www.e-choose.it/annalisa,tiffanicaffe@gmail.com,statico
https://labottegabenessere.it/,labottegadelbenessere65@gmail.com,statico
https://www.esteticateni.it/,,nessuna-email
https://www.tizianaamicucci.com/,tizianastudio76@libero.it,statico
https://linktr.ee/GDL_Nails_,online@www.aaa.com,statico
https://linktr.ee/GDL_Nails_,only@savagex.com,statico
https://linktr.ee/GDL_Nails_,only@www.gobble.com,statico
https://www.centroesteticostarbene.com/,centroesteticostarbene@gmail.com,render
https://ondabeautycenter.it/,,nessuna-email
https://www.ilfioredellabellezza.it/,deborah.fiore84@gmail.com,statico
https://www.ggcentroesteticobenessere.it/,g.gcentroesteticobenessere@gmail.com,statico
https://sistersbeautycenter.it/,,timeout
https://www.esteticabenesserelaura.com/,benesserelaura@gmail.com,statico
http://www.virgiliograndhotel.it/,info@virgiliograndhotel.it,statico
https://www.beautysalonealecataleya.com/,,nessuna-email
https://www.esteticaceleste.it/,esteticaceleste@libero.it,statico
https://www.esteticaceleste.it/,esteticaceleste@pec.it,statico
https://www.bencentroestetico.it/,bencentroestetico1@gmail.com,statico
https://www.marianapolitano.it/,eugenio@marianapolitano.it,statico
https://www.marianapolitano.it/,m_napolitano@libero.it,statico
https://www.marianapolitano.it/,maria@marianapolitano.it,statico
https://www.catalucci.com/,ce.catalucci@icloud.com,statico
https://www.sigismondigroup.it/,,nessuna-email
https://massaggiacarrara.altervista.org/,alinaokuneva.it@gmail.com,statico
https://massaggiacarrara.altervista.org/,okunevaalina.it@gmail.com,statico
https://www.centrobenesserelemuse.it/,info@centrobenesserelemuse.it,statico
https://www.centrobenesserelemuse.it/,nfo@centrobenesserelemuse.it,statico
https://www.gotaspa.com/,gotaurbanspa@gmail.com,statico
https://estetica-lara-kld6ola.gamma.site/,,nessuna-email
https://www.invetrina.info/beharmony,,nessuna-email
https://beautylablaborator.wixsite.com/beautylab,beautylab.laboratorioestetico@gmail.com,statico
https://www.poggioamenosportingclub.it/,%20poggio.ameno@libero.it,statico
https://www.poggioamenosportingclub.it/,poggio.ameno@libero.it,statico
https://bit.ly/studioesteticosm,,nessuna-email
https://treatwellapp.page.link/TZvmn,,nessuna-email
https://www.lecarolinas.it/,,nessuna-email
https://www.yesaquino.it/imprese/aestetic-center/,yesaquino@libero.it,render+statico
https://www.amazzoniahairspa.it/,info@iltuosalone.it,render
https://www.valentinabeauty.it/,,nessuna-email
https://www.nailcollege.it/,,nessuna-email
https://www.gemmedisale.it/,info@gemmedisale.it,statico
https://amritacare.com/,amrita@gmail.com,statico
https://www.smartsalon.app/salons/barber-concept-cosimo-campagna/app,info@smartsalon.app,statico
https://www.corefit.it/sporting-club-tuscolano/,info@sportingclubtuscolano.it,render
https://www.claudiapurpura.it/,centroestetico@claudiapurpura.it,statico
https://www.claudiapurpura.it/,contatto@esempio.it,statico
https://www.ilmondodelledonnepalermo.com/,ilmondodelledonne11@gmail.com,statico
http://bit.ly/2BBl2OO,,nessuna-email
https://dreamnailspalermo.it/,dreamnailspalermo@gmail.com,statico
https://dreamnailspalermo.it/,info@unopharma.it,statico
https://dreamnailspalermo.it/,rosapennino89@icloud.com,statico
https://www.bottegaolistica.it/,,nessuna-email
https://kinumaestetica.it/,,nessuna-email
https://www.luxuryestetica.it/,,nessuna-email
https://www.thephoenixhairbeauty.com/,thephoenixhairbeauty@gmail.com,statico
https://www.centrobenesserepalermo.com/,benessere_essenza@libero.it,statico
https://www.tilainstitute.com/,,nessuna-email
https://www.emilieesthetique.com/,emilieesthetiquesrl@gmail.com,statico
https://www.emilieesthetique.com/,info@emilieesthetique.com,statico
https://www.centropura.it/,partnership@mampierimoda.it,statico
https://www.centropura.it/,privacy@mampierimoda.it,statico
https://www.centropura.it/,server@asilolalberodoro.it,statico
https://esteticavanzata.it/,info@esteticavanzata.it,statico
https://www.nonsolodonna.it/,nonsolodonna.s@libero.it,render
https://www.giulianailsbar.com/,giulianailsbar@gmail.com,render
https://www.cosimooliva.com/,biagiottitheme@gmail.com,statico
https://www.cosimooliva.com/,info@cosimooliva.com,statico
https://www.parrucchierialivigni.com/,,nessuna-email
https://vanitae.it/,info@vanitae.it,render
https://www.ersiliaparisi.it/,,irraggiungibile
https://lamanicure.it/,lamanicurepalermo@gmail.com,statico
https://lamanicure.it/,lamanicuresrl@pec.it,statico
https://danielealvich.com/,,nessuna-email
https://www.tiktok.com/@blossom.beauty.spa.ct/video/7276774164529188128,hobsonkaren.hobson@bytedance.com,statico
https://www.tiktok.com/@blossom.beauty.spa.ct/video/7276774164529188128,mercuriojohn_mercurio@motionpictures.org,statico
https://www.centroesteticobeone.it/,info@beone-estetica.it,statico
https://www.holydest2000.com/,info@holydest2000.it,statico
https://www.bellezzeesegreti.it/,,nessuna-email
https://www.amatipassioneperlabellezza.it/,,nessuna-email
https://www.esterelax.com/,,nessuna-email
https://auroradelbenessere.it/,info@auroradelbenessere.it,render
https://nailsalonpalermo.it/,nailsalonpalermo@gmail.com,statico
https://www.esteticapalermo.it/,,nessuna-email
https://www.idetroma.it/,,irraggiungibile
https://www.centroesteticavalentina.it/,booking@centroesteticavalentina.it,statico
https://www.centroesteticavalentina.it/,hello@shtheme.com,statico
https://www.centroesteticavalentina.it/,shtheme@mail.com,statico
https://perfettaurbanbeauty.it/,info@localweb.it,statico
https://perfettaurbanbeauty.it/,orjon.nallbati@onlawoffice.com,statico
https://perfettaurbanbeauty.it/,perfettaurbanbeauty@gmail.com,statico
https://perfettaurbanbeauty.it/,privacy@localweb.it,statico
https://metodohanami.wixsite.com/hanami,esteticakatane@gmail.com,render
https://metodohanami.wixsite.com/hanami,marco@esempio.com,render
https://metodohanami.wixsite.com/hanami,metodohanami@gmail.com,render
https://www.andreacaccamo.it/,,nessuna-email
https://www.centrostarbene.com/,,irraggiungibile
https://www.essenzialebeautycenter.it/,,irraggiungibile
https://www.gallobeauty.it/,,irraggiungibile
https://www.omestetica.it/,omestetica96@gmail.com,render
https://esteticamentecatania.com/,e.esteticamemte@gmail.com,statico
https://esteticamentecatania.com/,e.esteticamentect@gmail.com,statico
https://esteticamentecatania.com/,e.esteticamentect@gmail.it,statico
https://www.blossomcentroestetico.com/,blossom.centroestetico@hotmail.com,statico
https://glamouresthetic.wixsite.com/lovy-nails-academy,info@lovynails.com,statico
https://www.ideallinemessina.it/,info@ideallinemessina.com,statico
https://www.ideallinemessina.it/,mymail@mailservice.com,statico
https://nailschicgiorgiaferrara.it/,,irraggiungibile
https://bioperla.it/,,nessuna-email
https://www.rosadeldesertocatania.it/,rosadeldesertoct@libero.it,statico
https://www.hallyukbs.com/,info@hallyukbs.com,statico
https://www.egodonna.com/,egodonna.paola@libero.it,statico
https://www.ilsognodellabellezza.it/,,nessuna-email
https://maisondebeaute.it/,utente@dominio.com,statico
http://ionarciso.wixsite.com/io-narciso,ionarciso@libero.it,statico
https://esteticamenodieci.com/,menodieciestetica@gmail.com,statico
https://armoniadonna.it/,,nessuna-email
https://www.spaziobeautysiracusa.com/,spaziobeautysr@gmail.com,statico
https://www.urbanbeautycatania.com/,info@urbanbeautycatania.com,render
https://danielacarusomd.it/,,irraggiungibile
https://reahairbeauty.it/,,nessuna-email
https://siddharthabeautyandrelax.it/,siddharthabeautyandrelax@gmail.com,statico
https://www.paelenailscare.com/,,nessuna-email
https://www.naturbellemessina.it/,messina@natur-belle.it,render
https://ilsognodiognidonna.it/,,nessuna-email
https://centroesteticosestosenso.it/,info@centroesteticosestosenso.it,statico
https://centroesteticosestosenso.it/,roberzena@gmail.com,statico
https://centroesteticosestosenso.it/,sestosensocoop@pec.it,statico
https://www.twinsbeauty.it/,,timeout
https://www.fiorellabeauty.it/,info@fiorellabeauty.it,statico
https://www.alessiamarinopmu.it/,,nessuna-email
https://www.ilsoleelaluna.it/,ilsoleelalunamessina@alice.it,statico
https://www.sinergiecentroesteticoragusa.com/,altsinergie@gmail.com,statico
https://amome.eu/,info@amome.eu,statico
http://eleonorabuzzone.esteticanaturale.it/,server@eleonorabuzzone.esteticanaturale.it,statico
https://www.melaverde.it/,,nessuna-email
https://tokkertik.it/it/nails-farm,,nessuna-email
https://www.meyselortigia.com/,info@soluzioneglobale.com,statico
https://www.meyselortigia.com/,meyselortigia@gmail.com,statico
https://www.meyselortigia.com/,sandralorefice1965@gmail.com,statico
https://aureaesteticaebenessere.it/,aurea.esteticabenessere@gmail.com,statico
https://aureaesteticaebenessere.it/,beautylabaurea@gmail.com,statico
https://www.plumeriaragusa.it/,andrealena96@gmail.com,statico
https://www.plumeriaragusa.it/,assistenza@webador.it,statico
https://www.centroesteticopatrizia.it/,patriziaadragna@libero.it,statico
https://www.dottgiuseppecassibba.it/,,nessuna-email
https://www.empiria.studio/,contact@mysite.com,statico
https://www.empiria.studio/,info@empiria.studio,statico
https://www.estetica2000marsala.it/,,nessuna-email
https://www.artesteticaragusa.it/,artestetica.stefania@gmail.com,statico
http://www.idealline.com/it/siracusa,info@ideallinegeneve.ch,statico
https://zenbenesseresolarium.it/,,nessuna-email
https://www.massaggiragusa.it/,info@massaggiragusa.it,statico
https://www.glamoursolebellezza.it/,,irraggiungibile
https://www.senso-estetico.it/,sensoestetico@libero.it,statico
https://www.estetamedica.it/,estetamedica1@gmail.com,render
https://www.salustrapani.it/,info@salustrapani.it,statico
https://www.epilaser.it/,info@epilaser.it,statico
https://www.beautys-secret.it/,assistenza@webador.it,statico
https://www.beautys-secret.it/,simonadnn@hotmail.it,statico
https://www.clubdelbenessere.it/,clubdelbenessere@virgilio.it,render
https://www.albanuovaestetica.it/,mirella@albanuovaestetica.it,statico
https://www.omirabeautyespa.it/,glutenfree@oridisiciliabongiovanni.com,statico
https://www.omirabeautyespa.it/,omira.spa@virgilio.it,statico
https://centrovalclbeautyepilates.it/,,timeout
https://easy-epil.it/,feedback@istudiosg.com,render
https://www.arabiacentroestetico.it/,info@arabiacentroestetico.it,statico
https://www.arabiacentroestetico.it/,info@website.com,statico
https://www.triscelebeauty.com/,,irraggiungibile
https://pennisiprodottiperparrucchieri.it/,,irraggiungibile
http://caliruni.wix.com/esteticabarbara,,nessuna-email
https://www.beautyfarm22.it/,,nessuna-email
https://www.skinfeelbeautylab.it/,info@esteticaminafo.it,statico
https://www.fioredilotoestetica.it/,info@fioredilotoestetica.it,statico
https://www.emydeesteticaavanzata.it/,,nessuna-email
https://www.mvmakeupstudio.com/,info@mvmakeupstudio.com,statico
https://www.farmaestetica.eu/indexspa.aspx,parafarmaciapharmaestetica@gmail.com,statico
http://corporesanomodica.myadj.it/,,nessuna-email
https://www.esteticacireale.com/,centro.lestetica@hotmail.com,statico
https://www.ninfeacentroestetico.com/,ninfeacentroesteticotp@gmail.com,statico
http://www.beautyzoneacireale.it/,beautyzoneacademysrls@gmail.com,render
http://www.beautyzoneacireale.it/,info@beautyzoneacireale.it,render
https://oasidelbenessereacireale.it/,info@oasidelbenessereacireale.it,statico
https://centroesteticocataleya.it/,,timeout
https://www.beautyartcentroestetico.it/,,irraggiungibile
https://jadoremanifatate.it/,mario.rossi@mail.it,statico
https://it.comfortzoneskin.com/#a_aid=GIORGIA,gdpr@davines.it,statico
https://it.comfortzoneskin.com/#a_aid=GIORGIA,privacydpo@davines.it,statico
https://www.topaziaestetica.com/,info@topaziaestetica.com,statico
https://www.topaziaestetica.com/,topaziaestetica@alice.it,statico
https://www.deacentroestetica.it/,info@deacentroestetica.it,render
https://www.hairbodystore.com/it/,info@hairbodystore.com,statico
http://www.centroesteticorosannapitino.it/,,nessuna-email
https://shop.gmscosmetics.com/go/martina-manie-di-battaglia-martina,info@gmsbeauty.com,render
https://www.bellomoesteticabagheria.it/,,nessuna-email
https://www.corsionicotecnicacatania.it/,samanthamotta@outlook.it,statico
https://www.enzocoppolaiparrucchieri.it/,,nessuna-email
https://www.lauracannella.it/,,timeout
https://www.centroesteticovanitas.it/,,timeout
https://www.vbeauty.it/,,timeout
https://centromedicomediterraneo.it/,info@centromedicomediterraneo.it,statico
https://centromedicomediterraneo.it/,info@cetromedicomediterraneo.it,statico
https://centromedicomediterraneo.it/,mrnpippo@gmail.com,statico
https://cncbeauty.it/,carla.ciancimino99@gmail.com,statico
https://primopianobeauty.it/,primopianopmumakeup@gmail.com,statico
https://www.beautygioestetica.com/,,nessuna-email
https://www.essenzadelbenessere.net/,info@essenzadelbenessere.net,render
https://www.evabeautybliss.com/,,nessuna-email
https://www.carebeautynails.it/,info@carebeautynails.it,render
https://www.gbestetica.it/,,timeout
https://www.vivaestetica.it/,vivaestetica@virgilio.it,statico
https://miaesteticaalcamo.com/,,nessuna-email
https://beautylandbybarbara0.wixsite.com/beautylandbybarbarav,,nessuna-email
https://www.coccoledibenessere.com/,coccoledibenessere@hotmail.it,statico
http://negoziprode.com/,,nessuna-email
https://www.lovelynails.it/,elisa.mostaccio@gmail.com,statico
https://www.fisiomedstudio.it/,,irraggiungibile
http://www.antoniopaterno.it/,,irraggiungibile
https://vitaleparrucchieri.it/,info@vitaleparrucchiere.it,statico
https://www.equilibraesteticaavanzata.it/,d.sacheli@virgilio.it,statico
https://www.farmaestetica.eu/,,nessuna-email
https://www.beautyenails.it/#utm_source=google my bussines&utm_medium=cpc&utm_campaign=bussines,,timeout
https://www.centromedicofanara.it/,info@centromedicofanara.it,statico
https://www.centromediestelaser.it/,info@centromediestelaser.it,statico
https://crystalnails.it/,%20info@wearecrystalnails.it,statico
https://crystalnails.it/,assistenza@crystalnails.it,statico
https://crystalnails.it/,dpo-google@google.com,statico
https://crystalnails.it/,info@wearecrystalnails.it,statico
https://laclinicadellabellezzastudioacademy.com/,laclinicadellabellezzastudio@gmail.com,statico
https://www.purha.net/,,nessuna-email
https://www.centroesteticobeautifulline.com/,beautifulline2015@virgilio.it,statico
https://prenota.vip/prenota/view.php,info@prenota.vip,render
https://prenota.vip/prenota/view.php,info@promoweb.me,render
https://vanitymara.it/,info@vanitymara.it,statico
https://centrimassaggithai.it/catania/paterno/centro-olistico-massage-di-rabuazzo-vincenza-paterno/,,nessuna-email
https://vanitystock.com/,,nessuna-email
https://gioacchinoterrasi.it/hair-straightener,,nessuna-email
https://modarea.it/,,irraggiungibile
https://www.etartofbeautymilazzo.it/,info@etartofbeautymilazzo.it,statico
https://lucianacala.it/,info@lucianacala.it,render
https://www.centroesteticoilmondodicaterina.com/,,timeout
https://nicuestetica.it/,info@nicuestetica.it,statico
https://naturbellebarcellona-pdg.it/,%20barcellonapozzodigotto@natur-belle.it,statico
https://naturbellebarcellona-pdg.it/,barcellonapozzodigotto@natur-belle.it,statico
https://naturbellebarcellona-pdg.it/,info@localweb.it,statico
https://naturbellebarcellona-pdg.it/,orjon.nallbati@onlawoffice.com,statico
https://naturbellebarcellona-pdg.it/,privacy@localweb.it,statico
https://www.depagroup.it/,analisicliniche@depagroup.it,statico
https://www.depagroup.it/,centromedico@depagroup.it,statico
https://www.depagroup.it/,clinicadelbenessere@depagroup.it,statico
https://www.depagroup.it/,clinicadelmovimento@depagroup.it,statico
https://www.depagroup.it/,clinicaodontoiatrica@depagroup.it,statico
https://www.depagroup.it/,clinicauditiva@depagroup.it,statico
https://www.depagroup.it/,info@depagroup.it,statico
https://www.depagroup.it/,sorveglianzasanitaria@depagroup.it,statico
https://loscrignodelbenessere.com/,,timeout
https://www.shanticentrobenessere.it/,shanti.c.benessere@hotmail.it,statico
http://tizianaamato.weebly.com/,,nessuna-email
https://qrcode-joy.com/rachele-parrucchieri/,,timeout
https://antonellafashionbeauty.it/,16francesco85@libero.it,render
https://msha.ke/cristinacoppolalashmaker,lashestyle81@gmail.com,statico
https://www.eidosestetica.it/,annalisaestetica@outlook.it,statico
https://www.fkt-fisioterapiamilazzo.it/,fktsrl@tiscali.it,statico
https://www.mariaritamakeupandbeauty.com/,mariarita.marano@tiscali.it,statico
https://www.ellelabestetica.it/,,irraggiungibile
https://naturbellemilazzo.it/,info@naturbellemilazzo.it,statico
https://naturbellemilazzo.it/,milazzo@natur-belle.it,statico
https://www.esteticavenerealcamo.it/,,irraggiungibile
https://www.dottormarianofundaro.it/,,irraggiungibile
https://www.mgnailslab.com/,assistenza@webador.it,statico
https://www.mgnailslab.com/,mgnailslab@gmail.com,statico
https://rdbeauty.it/,,irraggiungibile
https://bellesserecentroestetico.it/,,irraggiungibile
https://www.amethysteesteticaespa.it/,,irraggiungibile
https://www.martinamaioestetica.it/,martinamaio96@outlook.it,render
http://www.hadarah.it/,,irraggiungibile
https://www.alfioreitano.com/,reitano@cdbmail.com,render
https://reveraesteticaavanzata.it/,,irraggiungibile
https://esteticamara.it/,,irraggiungibile
https://imagecreationmilazzo.it/,katiavinci79@libero.it,render
http://esteticamusumeci.ilbello.com/,,nessuna-email
http://www.loasidelbenessere.it/,,irraggiungibile
https://aebeautysrl.com/,info@aebeauty.it,statico
https://www.bellinformafloridia.com/,pinellamidolo@virgilio.it,statico
https://www.lrbellezzabenessere.it/,info@lrbellezzabenessere.it,render
https://www.lesteticasangiovannilapunta.com/,l.estetica2@gmail.com,statico
https://www.lesteticasangiovannilapunta.com/,l.estetica@tiscali.it,statico
https://www.youbyounails.it/,,nessuna-email
https://www.centroesteticowonderland.it/,,irraggiungibile
https://www.centroesteticonamaste-barcellona.it/,,irraggiungibile
https://www.filosofiailtempiodelbenessere.it/,mario.rossi@mail.it,render
https://www.filosofiailtempiodelbenessere.it/,rosaforestiere86@gmail.com,render
https://www.artesteticadaniela.it/,,irraggiungibile
https://www.bioestetica-badami.it/,assistenza@webador.it,statico
https://www.bioestetica-badami.it/,estetica.badami@libero.it,statico
https://farmacianicoletti.it/,,irraggiungibile
https://www.liudmyla.shop/,zhyltsovaliudmyla@gmail.com,render
https://www.dottemanuelalacorte.com/,,nessuna-email
https://zeropelisglapunta.it/,info@zeropelisglapunta.it,render
https://zeropelisglapunta.it/,mario.rossi@gmail.com,render
https://holisesthetique.it/,,irraggiungibile
https://www.centronamaste.it/,,irraggiungibile
https://www.ansaarhairstudio.com/,tommasosal1998@outlook.it,statico
https://esteticamentetiziana.wixsite.com/esteticamente,,nessuna-email
https://bit.ly/centroesthetique,,nessuna-email
https://www.centroesteticoaesthetic.it/,amaradiocarmen1@gmail.com,render
http://esteticaduepuntozero.it/,info@esteticaduepuntozero.it,statico
https://claraestetica.it/,info@claraestetica.it,statico
https://claraestetica.it/,privacy@claraestetica.it,statico
https://monrevebeautyeaccademy.it/chi-siamo/,,irraggiungibile
https://www.masternailsagataleonardi.it/,masternails1976@gmail.com,statico
https://www.studioesteticaserena.it/,,irraggiungibile
https://www.nouvellesthetiquevalerie.com/,,irraggiungibile
https://www.farmaetnea.com/,,nessuna-email
https://www.oasidelbenesserebelpasso.it/,,nessuna-email
https://harmonynailspro.com/,,nessuna-email
https://it.nails.paraharita.com/centro-estetico-federica-marino,,irraggiungibile
https://www.feelyourbeauty.it/,,irraggiungibile
https://www.centroesteticolunaria.it/,,irraggiungibile
https://danielapalumboestetica.it/,,nessuna-email
https://www.bagniarabi.it/,,irraggiungibile
https://www.etereabenessere.it/,,irraggiungibile
https://www.esteticamoderna.it/,info@esteticamoderna.it,statico
https://www.tiktok.com/@labottegaestetica,,nessuna-email
https://www.tatuaggifabulousdiluanapurita.it/,info@accademiakoine.it,render
http://capricciest-ben-re.wixsite.com/capricciestetica,capricciest-ben-relax@hotmail.it,render
http://capricciest-ben-re.wixsite.com/capricciestetica,capricciestetica@gmail.com,render
https://www.oasidelbenessere.net/,info@oasidelbenessere.net,render
https://www.centroesteticocurella.it/,lina.curella@libero.it,render
https://kibaspagiarre.com/,info@kibaspagiarre.com,statico
https://www.luxurybeautyestetica.it/,serena8800@hotmail.it,statico
https://imbeauty-centroestetico.it/,info@imbeauty.it,statico
https://www.roshome.it/,info@roshome.it,render
https://www.operatoredelmassaggio.it/contatti,assistenza@webador.it,statico
https://tannaz.it/,,irraggiungibile
https://qrcode-joy.com/gessica-amato/,,irraggiungibile
https://www.auraesteticaavanzata.it/,info@auraesteticaavanzata.it,statico
https://karmaistitutodibellezza.it/,,irraggiungibile
https://www.diolosaparrucchieri.it/,,irraggiungibile
https://www.creaformazione.com/,,nessuna-email
https://www.todabeleza.it/,info@todabeleza.it,statico
https://www.centroesteticoshangrila.it/,info@centroesteticoshangrila.it,statico
https://beautyroomelisa.com/,,nessuna-email
https://hintimepointpatti.it/,info@hintimepointpatti.it,statico
https://www.snellessenza.it/nuovoessenza/,,irraggiungibile
https://www.beautyarmony.it/,beautyarmony.benessere@gmail.com,statico
https://www.sestosensocentroestetico.it/,,nessuna-email
https://trea.tw/92MzCHiqwSwyjwVPT,,nessuna-email
https://www.next-spa.it/,info@next-spa.it,statico
https://www.gmclinicadellabellezza.it/,,irraggiungibile
https://www.ilgirasolebeautycenter.it/,,irraggiungibile
https://www.hairbodydicutro.it/,,nessuna-email
https://afroditebellezzanicolosi.altervista.org/,,nessuna-email
https://anapaulapeixotoacademy.it/,info@anapaulapeixotoacademy.it,render
https://www.esteticailoveme.it/,ilovemeelisaborella@libero.it,statico
https://lartedellabellezzamg.it/,,irraggiungibile
https://www.lartedelbenessere.net/,,irraggiungibile
https://www.vb-beautylab.com/,info@vb-beautylab.com,render
https://www.centroesteticolasuitemisilmeri.it/,,irraggiungibile
https://codicesicilynegozi.com/2016/10/12/centro-estetico-asia/,codicesicily@libero.it,statico
https://beautycreationgn.it/,beautycreationgn@gmail.com,statico
https://chrysalisbeautywellness.it/,rosanna.cavallaro23@gmail.com,statico
https://negoziamaco.it/,info@negoziamaco.it,statico
http://bit.ly/1Jysday,,nessuna-email
https://www.moodparrucchieri.it/,info@moodparrucchieri.it,statico
https://wellnessestetica.it/,,nessuna-email
https://wa.me/message/PEE346WN7JTAH1,,nessuna-email
https://www.estetikapozzallo.it/,,irraggiungibile
http://toccasana.esteticanaturale.it/,server@toccasana.esteticanaturale.it,statico
https://simonaessebeautyclinic.it/,info@simonaessebeautyclinic.it,render
https://www.labellezzamedicalbeauty.it/,,irraggiungibile
https://gbeautyabanoterme.appypro.it/basic/web/site/index.php,server@gbeautyabanoterme.appypro.it,statico
https://www.greenbeautyabano.com/,greenbeautyabano@gmail.com,render
https://trea.tw/5DuDEp6FicfCyAs8T,,nessuna-email
https://giovannamannino.it/,,irraggiungibile
https://iltempiodellabellezzaas.com/,,nessuna-email
https://queenbeautycenterr.wixsite.com/abanoterme,queenbeautycenterr@gmail.com,render
https://www.clebbeauty.it/,,irraggiungibile
https://ilsalotto.wixsite.com/ilsalotto,info@ilsalottodiviamatteotti.com,render
https://lgesthetique.it/,info@lgesthetique.it,statico
https://www.2cstudio.eu/,melo.xx.90@gmail.com,statico
https://antonellagallodoro.it/,,nessuna-email
https://www.infinitylife.it/,,irraggiungibile
https://elisiresteticaebenessere.appypro.it/,server@elisiresteticaebenessere.appypro.it,statico
http://www.vcalendar.it/centroesteticokalya,,irraggiungibile
https://www.sharaibeautyclinic.it/,chea.spa@mail.com,statico
https://www.sharaibeautyclinic.it/,hotel.chea@mail.com,statico
https://www.sharaibeautyclinic.it/,info@sharaibeautyclinic.it,statico
https://www.strengthschool.it/,,irraggiungibile
https://www.thebeautysuiteabano.it/,,nessuna-email
https://www.goccedibenessere.org/,,nessuna-email
https://www.lavandasiciliana.com/,info@lavandasiciliana.com,render
https://www.sparacioparrucchieri.it/,,irraggiungibile
https://www.eolielive.it/centro-estetico-deborah-lipari/,deborahacquaro@hotmail.it,render
https://www.eolielive.it/centro-estetico-deborah-lipari/,prenotazione@brandeolie.it,render
https://www.esteticanaiade.it/,,irraggiungibile
https://www.kimobeautylab.it/,,irraggiungibile
https://www.immaginedonnaparrucchieri.it/,,irraggiungibile
http://www.esteticanympheas.it/,,irraggiungibile
https://it.nails.paraharita.com/centro-estetico-harmonie,,irraggiungibile
https://medeabeautycenter.com/servizi/,,irraggiungibile
https://www.sondoresteticaebenessere.com/,,irraggiungibile
https://www.bodyspacedonata.com/,,irraggiungibile
https://www.michelafareri.it/,,irraggiungibile
https://www.centrobenesserebluspa.com/,,irraggiungibile
https://www.fitalia-wellness-hotel.it/wellness/,,irraggiungibile
https://www.cicchelloestetica.it/,,irraggiungibile
https://www.centroesteticodiconsiglioannamaria.it/,,irraggiungibile
https://www.centroesteticorosalinda.it/,,irraggiungibile
https://www.filippabeautyspa.com/,,irraggiungibile
