sito,email,stato
https://3italianpizza.com/,contact@sansoxygen.com,statico
https://www.pizzakebapiltrevigliese.com/,mtariq3891038671@gmail.com,statico
http://daclaudioristorantepizzeria.wordpress.com/,ristodaclaudio@gmail.com,statico
http://daclaudioristorantepizzeria.wordpress.com/,ristodaclaudio@gmail.comp.iva,statico
http://www.80pizza.it/,,irraggiungibile
https://www.2note.it/,2note@2note.it,statico
https://website-69caffe.eatbu.com/,ginodambrosio1965@gmail.com,statico
https://www.zero60.it/,,nessuna-email
https://www.111barpizzeria.it/,antonellariete88@hotmail.it,statico
https://www.1158.lodi.it/,1158.lodi@gmail.com,statico
https://2morsi.it/,online@www.aaa.com,render
https://2morsi.it/,only@savagex.com,render
https://2morsi.it/,only@www.gobble.com,render
https://14graniexperience.it/,,nessuna-email
https://2brothersrestaurant.it/,aliezel.karatut@icloud.com,statico
https://2brothersrestaurant.it/,info@localweb.it,statico
https://2brothersrestaurant.it/,orjon.nallbati@onlawoffice.com,statico
https://2brothersrestaurant.it/,privacy@localweb.it,statico
https://www.34baravin.com/,,nessuna-email
https://www.grandhoteldellaposta.eu/it/hotel-4-stelle-con-ristorante-sondrio-lombardia,,nessuna-email
https://acasadimimi.com/,acasadimimi@gmail.com,statico
https://45-parallelo.it/,,nessuna-email
https://www.birreriaisoliti.it/,,nessuna-email
https://www.412cafe.it/,412cafeopera@gmail.com,render
https://www.7sjoecermenate.com/,,nessuna-email
https://www.81pizza.it/,,nessuna-email
https://2zeropaullo.it/,,nessuna-email
https://www.lalivellacorsico.it/,lalivellacorsicoristorante@gmail.com,statico
https://itplaces.me/360gradi-ristorante-pizzeria-sushi-567764-it,contact@bizsite.link,statico
https://www.facebook.com/15gelateriacaffetteria,,nessuna-email
https://m.facebook.com/Ristorante-Cinque-Colonne-San-Donato-218259638218898/,,nessuna-email
https://www.ilragazzodicampagna.it/,info@ilragazzodicampagna.it,statico
https://www.cucinatidanoipervoi.it/,piadinacucina@gmail.com,render
https://m.facebook.com/Pizzeria-1058-418537325281/,,nessuna-email
https://250gr.it/,,nessuna-email
https://www.acadelzep.it/,info@acadelzep.it,render
https://instagram.com/centoventicinque125,,nessuna-email
https://www.spera-federico.it/HOMERESTAURANT/,prenota@spera-federico.it,render
https://www.200caffe.it/,200caffe@libero.it,render
https://www.amodomiodadiego.it/,amodomiodiego@gmail.com,statico
https://www.instagram.com/14artgallerycafe/,,nessuna-email
https://www.atuttateglia.it/,assistenza@webador.it,statico
https://instagram.com/lazzas_bar,,nessuna-email
http://www.instagram.com/3nobeachcafe/,,nessuna-email
https://www.facebook.com/bar911brescia/,,nessuna-email
https://www.instagram.com/70settesapori/,,nessuna-email
https://www.amodocaffe.it/,contatto@esempio.it,statico
https://www.adorolapizzeriaconcucina.it/,info@adorolapizzeriaconcucina.it,statico
https://www.atuttaciccia.it/,info@atuttaciccia.it,statico
https://www.atuttaciccia.it/,ristorante.atuttaciccia@gmail.com,statico
https://www.facebook.com/acasamiainzago,,nessuna-email
https://aero-club-milano-lounge.eatbu.com/,acm.banqueting@gmail.com,statico
https://aero-club-milano-lounge.eatbu.com/,prenotazioni@acmlounge.info,statico
http://www.agora.ory.it/,,irraggiungibile
https://acumelegnano.it/,cristiananfu@gmail.com,statico
https://acumelegnano.it/,utente@dominio.com,statico
https://pizzeria6infamiglia.it/,,timeout
https://www.aldeaantigua.com/,,nessuna-email
http://www.agerolese.com/,agerolese.giordano@gmail.com,statico
https://www.agoradabarca.com/,baragora@legalmail.it,statico
https://www.agoradabarca.com/,ristobaragora@yahoo.com,statico
https://www.acquacheta-milano.com/,info@acquacheta-milano.co,statico
https://www.acquacheta-milano.com/,info@acquacheta-milano.com,statico
https://abinayamilano12.my.canva.site/,,nessuna-email
https://www.a-iosa.com/,,irraggiungibile
https://www.facebook.com/APeKmagenta20013/,,nessuna-email
https://www.ariccionemilano.it/terrazza12/,info@ariccionebistrot.it,statico
https://www.ariccionemilano.it/terrazza12/,info@ariccioneterrazza12.it,statico
https://www.ariccionemilano.it/terrazza12/,info@ristoranteariccione.com,statico
https://www.ariccionemilano.it/terrazza12/,lara@ariccioneterrazza12.it,statico
http://www.agriturismocafenile.com/,info@agriturismocafenile.com,render
https://www.ariccionemilano.it/ariccione-bistrot/,info@ariccionebistrot.it,statico
https://www.ariccionemilano.it/ariccione-bistrot/,info@ariccioneterrazza12.it,statico
https://www.ariccionemilano.it/ariccione-bistrot/,info@ristoranteariccione.com,statico
https://www.ariccionemilano.it/ariccione-bistrot/,lara@ariccioneterrazza12.it,statico
https://amodomio.it/,,nessuna-email
https://www.adaspazzini.com/,,nessuna-email
https://cortegaia.it/,agri.cortegaia1996@gmail.com,render
https://www.facebook.com/ristorantemaltobacco/,,nessuna-email
https://www.cortebelfiore.it/,cortebelfiorebresciani@pec.it,statico
https://www.cortebelfiore.it/,info@cortebelfiore.it,statico
https://m.facebook.com/AcquoLina-363033007234121/,,nessuna-email
https://www.unicorno.eu/,,nessuna-email
https://agoracafesalo14.wixsite.com/agoratakeaway,,nessuna-email
https://www.agriturismoagrodolce.com/,info@agriturismoagrodolce.com,statico
https://www.instagram.com/_acquasanta_,,nessuna-email
https://www.ariccionemilano.it/ariccione-ristorante/,info@ariccionebistrot.it,statico
https://www.ariccionemilano.it/ariccione-ristorante/,info@ariccioneterrazza12.it,statico
https://www.ariccionemilano.it/ariccione-ristorante/,info@ristoranteariccione.com,statico
https://www.ariccionemilano.it/ariccione-ristorante/,lara@ariccioneterrazza12.it,statico
http://www.asantalucia.it/,,nessuna-email
https://www.affinatore.com/,info@affinatore.com,statico
https://www.cascinaresta.com/,prenotazioni@cascinaresta.com,statico
http://www.facebook.com/agoracafepessano/,,nessuna-email
https://agriturismodaantonio.com/,agriturismodaantonio@gmail.com,render
https://www.lafattoriagriturismo.it/,info@lafattoriagriturismo.it,statico
https://www.agriturismolagalizia.it/,info@ninjamailtrap.com,statico
https://www.agriturismoperli.it/,info@agriturismoperli.it,statico
https://www.agriturismo-la-gasparina.online/,agriturismolagasparina@gmail.com,statico
https://www.agriturismo-la-gasparina.online/,assistenza@webador.it,statico
https://viewit.cyou/agriturismo-da-mario-w9aaxe,nome1@esempio.com,render
https://viewit.cyou/agriturismo-da-mario-w9aaxe,nome2@esempio.com,render
https://www.agriturismoturaa.com/,agriturismoturaa@gmail.com,statico
https://www.agriturismoturaa.com/,mymail@mailservice.com,statico
https://lataproom-luppolajo.it/,,nessuna-email
http://www.instagram.com/agnes_bakery_luino,,nessuna-email
https://www.akibasushionline.it/,akibarestaurant@gmail.com,statico
https://adulis-restaurant.it/,,irraggiungibile
https://www.ajoblanco.it/,info@madeinspain.it,statico
https://trattoria2orsi.wixsite.com/trattoria,,nessuna-email
https://www.sangalloagriturismo.it/,info@sangalloagriturismo.it,statico
https://www.agriturismocascinapalazzo.it/,agriturismocascinapalazzo@gmail.com,statico
https://www.agriturismocascinapalazzo.it/,info@agriturismocascinapalazzo.it,statico
https://www.ristoranteal115.com/,,nessuna-email
https://www.albarettosanmarco.com/,albaretto@albarettosanmarco.it,render
https://www.agriturismoortesida.it/,info@agriturismoortesida.it,statico
https://www.al7bistrocafe.it/,al7bistrocafe@gmail.com,statico
https://www.al36caratebrianza.com/,,nessuna-email
https://www.voeuja.it/,,nessuna-email
http://www.agriturismolascalera.com/,,irraggiungibile
http://www.borgoantico.it/,server@www.borgoantico.it,statico
https://ristocatering-alcardinale.eatbu.com/,alcardinale@libero.it,statico
https://alchioschettofazfamily.shop/,alchioschettofazfamily.shop@gmail.com,statico
https://www.ilcontadodelgobbo.it/,,nessuna-email
http://www.facebook.it/agriturismolocustione,,nessuna-email
https://www.tenutaurbana.it/,info@tenutaurbana.it,render
https://aibalestrarimilano.it/,milanoaibalestrari@gmail.com,statico
https://aibalestrarimilano.it/,navigli@aibalestrari.it,statico
https://alcircolo.shop/,placejoys.com@gmail.com,statico
https://www.al23rho.it/,,nessuna-email
https://www.agriturismofossalupo.it/,,irraggiungibile
https://www.albistrotcurno.it/,bistrotcurno@icloud.com,statico
https://www.alfattoreristorante.com/,alfattore@gmail.com,statico
https://alroccolo.it/,,timeout
https://aldragonemilano.it/,info@aldragonemilano.it,statico
https://www.trattoriaalcircolo.com/,info@trattoriaalcircolo.com,statico
https://www.trattoriaalcircolo.com/,info@trattorialcircolo.com,statico
https://www.albistrot.it/,info.albistrot@gmail.com,statico
https://www.agriturismolacascina.it/,,timeout
https://www.facebook.com/al50cafe/,,nessuna-email
https://www.baratello.it/,,nessuna-email
https://www.borducan.com/,,nessuna-email
https://m.facebook.com/pages/category/Pizza-Place/Al-27-Ristorante-Pizzeria-Ristoranti-E-Pizzerie-105052499570429/,,nessuna-email
https://www.alchioscobar.it/,sebasas@arubapec.it,render
http://instagram.com/al60bistro,,nessuna-email
https://www.alfrateosteria.it/,info@alfrateosteria.it,statico
https://linktr.ee/ALMAGNAMAGNA,contact@gdprlocal.com,statico
https://linktr.ee/ALMAGNAMAGNA,dpo.support@gdprlocal.com,statico
https://linktr.ee/ALMAGNAMAGNA,online@www.aaa.com,statico
https://linktr.ee/ALMAGNAMAGNA,only@savagex.com,statico
https://linktr.ee/ALMAGNAMAGNA,only@www.gobble.com,statico
https://linktr.ee/ALMAGNAMAGNA,privacy@linktr.ee,statico
https://almonastero.it/,info@almonastero.it,statico
https://www.almagoristorante.com/,info@ristorantealmago.com,statico
https://www.alglicine.it/,trattoriaalglicine@gmail.com,statico
https://laselva-agriturismo.it/,,timeout
https://cantinoneluino.com/,,nessuna-email
https://www.facebook.com/pizzeriaalboccaccio,,nessuna-email
http://linktr.ee/almorsopalaromana,online@www.aaa.com,statico
http://linktr.ee/almorsopalaromana,only@savagex.com,statico
http://linktr.ee/almorsopalaromana,only@www.gobble.com,statico
http://www.alborgoantico.info/,,nessuna-email
https://www.corbara-adda.com/,addacorbara@gmail.com,render
https://algarghet.it/,info@algarghet.it,render
https://www.almadinabar.com/,info@almadinabar.com,render
http://www.alnostrobar.eatbu.com/,,irraggiungibile
http://noodlebarmilano.com/,noodlebarmilano@gmail.com,render
https://scavazzinisilvia.wixsite.com/alpedrieu,scavazzinisilvia@gmail.com,statico
https://www.facebook.com/dopolavoro.crespidadda/,,nessuna-email
http://www.facebook.com/Pizzeria.Al.Castelletto,,nessuna-email
https://pizzeriagambero.it/,,nessuna-email
https://almozzo.com/,celpichi@pec.it,statico
https://www.algiardinodaadryegabry.it/,info@daadryegabry.it,statico
https://www.ristorantealmattarello.it/,,nessuna-email
http://www.alless.it/,,nessuna-email
https://al-ritrovo-paullo.eatbu.com/,alritrovopaullo@gmail.com,statico
https://al-ritrovo-paullo.eatbu.com/,napolitanoluca10@gmail.com,statico
https://www.almatarel.it/,,nessuna-email
https://www.instagram.com/pizzeria_algodereccio/,,nessuna-email
https://www.alpanciotto.it/,info@juiceito.com,statico
https://alpadellone.it/,alpadellone@gmail.com,render
https://url.velocissimo.app/so/944,server@service.web-app.it,statico
https://www.alposticino.it/,noreply@nowhere.com,statico
https://alcaminetto-monza.com/,,timeout
https://www.alcanevone.it/,,irraggiungibile
https://www.alcantinone.it/,,irraggiungibile
https://www.alconvivio.it/,,irraggiungibile
https://m.facebook.com/almazzinibar/,,nessuna-email
https://alvignoli.weebly.com/,alvignoli2025@gmail.com,statico
https://alnoor.it/,ristorante@alnoor.it,statico
http://www.alvecchioporco.it/home.php,info@alvecchioporco.it,statico
https://www.alsottobosco.org/,,nessuna-email
https://conteugolino.it/,,timeout
https://www.altaglieredinese.com/,altaglieredinese@gmail.com,render
https://www.altaglieredinese.com/,info@altaglieredinese.com,render
http://www.albergotrere.it/,info@albergotrere.it,statico
https://www.ristorantealmolosulladda.com/,info@ristorante-almolo13.com,render
https://www.ristorantealmolosulladda.com/,info@ristorantealmolosulladda.com,render
https://www.alfrescomilano.it/,,timeout
https://www.facebook.com/Al-Portico-dei-Pensieri-Antico-posto-di-ristoro-con-pizza-e-griglia-1432699823711041/,,nessuna-email
https://al-tino.it/,ristorantealtino@gmail.com,statico
https://www.facebook.com/pages/Paradiso-Della-Pizza/163805353634795,,nessuna-email
https://www.facebook.com/alpeperoncinocuggiono,,nessuna-email
https://m.facebook.com/ristorantepizzeriaalporticopiazzaovideo/,,nessuna-email
https://www.allubcafe.it/,info@allubcafe.it,statico
https://www.pizzeriaalpresidente.it/,,nessuna-email
https://www.albergodeilaghi.com/,info@albergodeilaghi.com,statico
https://www.trattoriapizzeria76.com/,ristorantepizzeria76@gmail.com,render
https://aldivinobistrobar.com/,divinobistrobar@gmail.com,statico
https://www.albergoristoranteilgriso.it/,ilgriso@giallo.it,statico
https://www.albergoristoranteilgriso.it/,lgriso@giallo.it,statico
https://www.albergofortecherle.it/,albergofortecherle@gmail.com,statico
https://www.albergofortecherle.it/,cherle@gmail.com,statico
https://www.facebook.com/alpostogiustobruzzano/,,nessuna-email
https://www.ristorantealadino.it/,info@ristorantealadino.it,statico
https://www.facebook.com/Al-QuintoQuarto-636420983458375/,,nessuna-email
https://www.facebook.com/AlSolitoPostoInzago/,,nessuna-email
https://www.facebook.com/AlVecchioFornooo,,nessuna-email
https://www.vicolino.it/,,nessuna-email
https://www.albertomilano.it/,corrias@legalmail.it,statico
https://www.albertomilano.it/,info@albertomilano.it,statico
https://www.alchimia-milano.com/,12fps12@gmail.com,statico
https://www.alchimia-milano.com/,alchimiaristorante@gmail.com,statico
https://www.alchimia-milano.com/,utente@dominio.com,statico
https://itplaces.me/al-trancio-759903-it,contact@bizsite.link,statico
https://www.sanroccoristhotel.it/,info@sanroccoristhotel.it,statico
https://www.sanroccoristhotel.it/,sanroccoristhotel1913@gmail.com,statico
https://bettolafiorentina.it/,bettolafiorentina@gmail.com,statico
https://www.pizzeria-alabama.com/,,nessuna-email
https://www.alibicocktailbar.it/,alibi.castiglione@gmail.com,statico
https://albagastronomia.it/,,nessuna-email
http://www.albergoalduca.com/,,nessuna-email
https://www.instagram.com/al_tredici13/,,nessuna-email
https://www.hotelalessi.com/,info@hotelalessidesenzano.com,statico
http://www.hotelquadrifoglio.it/,hotelristorante.pec@legalmail.it,render
http://www.hotelquadrifoglio.it/,info@demolink.org,render
http://www.hotelquadrifoglio.it/,info@hotelquadrifoglio.it,render
https://allangolo.shop/,allangolo.shop@gmail.com,statico
https://www.instagram.com/alsestogusto,,nessuna-email
https://www.alsantagiulia.it/,,irraggiungibile
http://www.alescoffee.com/,iodice.antonucci@gmail.com,render
http://www.alescoffee.com/,la-tua-email@esempio.it,render
https://www.alma-66.com/,info@alma-66.com,statico
https://albertonemilano.com/,,nessuna-email
https://innovalabitaly.wixsite.com/ali-baba-ristorante,,nessuna-email
https://www.allbluerestaurant.it/,restaurant.allblue@gmail.com,render
https://www.allagoccia.com/,dropseventi@gmail.com,render
https://albergoristorantevalledoro.it/,,irraggiungibile
https://www.aldoemaria.it/,,nessuna-email
https://sanmichelealbergoristorante.it/,,nessuna-email
http://www.albergotorre.it/,info@albergotorre.it,render
https://www.allegricaffe.com/allegri-caffe-villa-carcina/,info@la-capsuleria.com,statico
https://www.allegricaffe.com/allegri-caffe-villa-carcina/,info@lacapsuleria.com,statico
https://www.allegricaffe.com/allegri-caffe-villa-carcina/,info@lacapsuleria.it,statico
https://www.allegricaffe.com/allegri-caffe-villa-carcina/,lacapsuleriasrl@pec.it,statico
https://pizzeriaalibaba.wordpress.com/,,nessuna-email
https://pizzerie.romanticapizza.it/romantica-mazzano-ba37e00c67d4,,nessuna-email
https://www.alexpub.it/,,nessuna-email
https://bitlocal.it/ales/,,nessuna-email
https://www.facebook.com/Alexanderclub.official/,,nessuna-email
https://www.alkimiafoodedrink.it/,,nessuna-email
https://www.allacucinadellelanghe.com/,,nessuna-email
http://www.linktr.ee/amarcordpiadineria,contact@gdprlocal.com,statico
http://www.linktr.ee/amarcordpiadineria,dpo.support@gdprlocal.com,statico
http://www.linktr.ee/amarcordpiadineria,info@amarcordpiadineria.it,statico
http://www.linktr.ee/amarcordpiadineria,online@www.aaa.com,statico
http://www.linktr.ee/amarcordpiadineria,only@savagex.com,statico
http://www.linktr.ee/amarcordpiadineria,only@www.gobble.com,statico
http://www.linktr.ee/amarcordpiadineria,privacy@linktr.ee,statico
https://m.facebook.com/alisfocacceria/,,nessuna-email
https://pizzeriaalibaba.it/,,irraggiungibile
https://www.alteregobar.it/,,nessuna-email
https://ristoranteamalfitana.it/,romano.samir@yahoo.it,render
https://www.ambarrestaurant.it/,-@ambarrestaurant.it,statico
https://www.ambarrestaurant.it/,info@ambarestaurant.it,statico
https://www.ambarrestaurant.it/,info@ambarrestaurant.it,statico
https://www.amalepizzeria.com/,prenotazioniamale@gmail.com,statico
https://www.amantebrescia.it/,amantebrescia@gmail.com,statico
https://www.amantebrescia.it/,j-msnc@legalmail.it,statico
https://linktr.ee/Manhattanamericanbar,contact@gdprlocal.com,statico
https://linktr.ee/Manhattanamericanbar,dpo.support@gdprlocal.com,statico
https://linktr.ee/Manhattanamericanbar,online@www.aaa.com,statico
https://linktr.ee/Manhattanamericanbar,only@savagex.com,statico
https://linktr.ee/Manhattanamericanbar,only@www.gobble.com,statico
https://linktr.ee/Manhattanamericanbar,privacy@linktr.ee,statico
https://www.americagraffiti.it/it/ristoranti/dettaglio-ristorante/ag_milano-san-siro,dpo@cigierre.com,statico
https://www.americagraffiti.it/it/ristoranti/dettaglio-ristorante/ag_milano-san-siro,milanosansiro@americagraffiti.it,statico
https://www.americagraffiti.it/,dpo@cigierre.com,statico
https://www.pizzeriaallatoscana.it/,,nessuna-email
https://www.ristorantealzaia26.com/,,nessuna-email
https://www.altamareagarlasco.it/,,nessuna-email
https://www.facebook.com/Alternative-Caf%C3%A8-1597302847196472/,,nessuna-email
https://linktr.ee/Amirarestaurant,online@www.aaa.com,statico
https://linktr.ee/Amirarestaurant,only@savagex.com,statico
https://linktr.ee/Amirarestaurant,only@www.gobble.com,statico
https://www.altrove-vg.it/,,nessuna-email
https://www.loftamericanbar.it/,loft.americanbar@virgilio.it,statico
https://www.ammopizzanapoletana.it/,info@ndiscovered.com,statico
https://www.allapinsanonsicomanda.com/,,timeout
https://www.ammosushi.it/,sushiammobollate@gmail.com,statico
https://www.facebook.com/alohapoketakeaway,,timeout
https://www.instagram.com/altoke.official,,timeout
https://ambrosiabistrot.it/,ambrosiamonza@gmail.com,render
https://it-it.facebook.com/AltroveMonza/,,nessuna-email
https://linktr.ee/amuni_milano,contact@gdprlocal.com,statico
https://linktr.ee/amuni_milano,dpo.support@gdprlocal.com,statico
https://linktr.ee/amuni_milano,info@amunimilano.it,statico
https://linktr.ee/amuni_milano,online@www.aaa.com,statico
https://linktr.ee/amuni_milano,only@savagex.com,statico
https://linktr.ee/amuni_milano,only@www.gobble.com,statico
https://linktr.ee/amuni_milano,privacy@linktr.ee,statico
https://www.instagram.com/aluurafocacceria,,nessuna-email
https://www.instagram.com/amaramen.vigevano,,nessuna-email
https://www.ammuinapizzerianapoletana.com/,ammuinapizzerianapoletana@gmail.com,statico
https://www.ammuinapizzerianapoletana.com/,contatto@esempio.it,statico
http://www.ristoranteandry.com/,andryrestaurant@gmail.com,statico
https://www.enricobartolini.net/i-ristoranti/milano-verticale,info@furoregrandhotel.com,statico
https://www.enricobartolini.net/i-ristoranti/milano-verticale,info@santuffizio.com,statico
https://www.enricobartolini.net/i-ristoranti/milano-verticale,prenotazioni@ristoranteanima.com,statico
https://www.amamiristorante.com/,amamimilano@gmail.com,statico
https://www.instagram.com/ambroginogelateriacantu,,nessuna-email
http://www.instagram.com/pubamandla,,nessuna-email
https://www.ambree.it/ambree-by-night-aperitivo-eventi-agrate-brianza/,info@ambree.it,statico
https://www.ambree.it/ambree-by-night-aperitivo-eventi-agrate-brianza/,ristorante@ambree.it,statico
https://www.amorepinsa.com/,,nessuna-email
https://www.americanroad.it/,,nessuna-email
https://amysushi.it/,amysushisrl@legalmail.it,render
https://www.amiramen.it/,info@amiramen.it,statico
https://facebook.com/pages/category/Pizza-Place/Pizzeria-dasporto-Amici-Miei-Milanino--100783091698460/,,nessuna-email
https://amoblu.it/,info@amoblu.it,statico
https://ristoranteampere57.it/,,nessuna-email
https://www.angolo7b.it/,info@angolo7b.it,statico
https://www.instagram.com/ammare_bistrotdipuglia/,,nessuna-email
https://www.animaefuoco.com/,,nessuna-email
https://amandusristorante.com/,,irraggiungibile
https://www.aneti.it/,info@osteriaaneti.it,render
https://www.anticanapolicarugate.com/,antica.napoli@libero.it,statico
https://m.facebook.com/Amys-easy-food-burger-pizza-2322057714682933/,,nessuna-email
http://facebook.com/amorpokegallarate,,nessuna-email
https://www.albergoanticalocanda.it/,albergoanticalocanda@gmail.com,statico
https://www.anjisushi.it/,h_restaurant@yahoo.it,statico
https://www.anticaosteriadelgargano.com/,palmieriandrea91@yahoo.it,statico
https://angelcoffeemore.it/,info@angelcoffeemore.it,statico
https://www.osteriadellangelo.com/,anticaosteriadellangelo@sicurezzapostale.it,statico
https://www.osteriadellangelo.com/,info@osteriadellangelo.com,statico
http://www.animaepizza.it/anima-pizzeria-lounge-bar-muggio-monza-brianza/,imparato_michele@yahoo.it,statico
https://www.ronchettino.it/,info@ronchettino.it,statico
https://www.ronchettino.it/,utente@dominio.com,statico
https://www.anticaboqueria.com/,,nessuna-email
http://www.ranari.it/,info@ranari.it,render
https://www.amunipizzeria.it/,,nessuna-email
https://m.facebook.com/Angolo-della-Pizza-786911938072141/,,nessuna-email
https://www.piadineriadesenzano.it/,,nessuna-email
http://www.anticafocacceria.it/dove-siamo/,afsf@legalmail.it,statico
http://www.anticafocacceria.it/dove-siamo/,booking@afsf.it,statico
http://www.anticatrattoriadellisola.it/,anticatrattoriadellisola@gmail.com,statico
http://www.anticatrattoriadellisola.it/,info@anticatrattoriadellisola.it,statico
http://www.anticatrattoriadellisola.it/,info@pec.anticatrattoriadellisola.it,statico
https://www.anticarisotteriamerate.it/,anticarisotteriamerate@gmail.com,statico
https://www.ristorantebagutto1284.com/,bagutto1284@gmail.com,statico
https://www.anticatrattoriadellapesa.com/,anticatrattoriadellapesa1880@gmail.com,statico
https://www.anticatrattoriadellapesa.com/,utente@dominio.com,statico
http://anticafocacceria.it/it/,afsf@legalmail.it,statico
http://anticafocacceria.it/it/,booking@afsf.it,statico
https://www.bettoletto.it/,,nessuna-email
https://www.ristorantecavallino.it/,,nessuna-email
https://www.instagram.com/animaecuore_bar,,nessuna-email
https://www.osteriaspargiott.it/,info@osteriaspargiott.it,statico
https://www.instagram.com/animocucinanaturale/,,nessuna-email
http://ray-crane-em6l.squarespace.com/,info@anticatrattorialampugnano.com,statico
http://ray-crane-em6l.squarespace.com/,utente@dominio.com,statico
https://locandavilloresi.com/,info@locandavilloresi.it,render
https://www.instagram.com/antep.sofrasi_,,nessuna-email
https://anticaosteriadelprevi.it/,info@anticaosteriadelprevi.com,statico
https://www.anticaosteriasanbernardino.it/,info@anticaosteriasanbernardino.it,statico
https://www.pizzerialeone.it/,anticapizzerialeone@gmail.com,statico
https://www.boeucc.it/,info@boeucc.it,statico
https://angolotrentuno.com/,,nessuna-email
https://osteriasibilla.it/,,nessuna-email
https://infoaperityme.my.canva.site/aperityme,manuel.le.concorezzo@gmail.com,statico
https://anticaosteriadelprogresso.com/,demo@divi.express,render
https://anticaosteriadelprogresso.com/,info@anticaosteriadelprogresso.com,render
http://www.aragostallegra.com/,ulisescardenas78@gmail.com,statico
https://www.facebook.com/pages/Antica-Gelateria-bar-Pasticceria-Maccabiani/866140720083000,,nessuna-email
https://www.anticatrattoriadelponte.net/,anticatrattoriadelponte@virgilio.it,statico
https://www.anticacorte.eu/,,irraggiungibile
https://www.anticapizza.it/,,nessuna-email
https://artedelgusto.space/,info@artedelgusto.it,statico
https://www.anticatrattoriaredecesio.it/,,nessuna-email
https://www.areacocktailbar.it/,areasolaro.staff@gmail.com,statico
https://www.ardasteakhouse.it/,booking@arda.com,statico
https://www.osteriadellascua.com/,,nessuna-email
https://www.areadima.com/,areadima.space@gmail.com,render
https://www.areadima.com/,cafe@areadima.com,render
https://www.areadima.com/,eventi@areadima.com,render
https://www.areadima.com/,ristorante@areadima.com,render
https://www.anticoristoranteparabiago.it/,anticoristorante@hotmail.it,statico
https://locations.armani.com/restaurants-cafes-and-clubs/italy/armani-ristorante,reservations.restaurants@giorgioarmani.it,render
https://locations.armani.com/restaurants-cafes-and-clubs/italy/armani-ristorante,ristorante.milan@armanihotels.com,render
https://www.ariatrepuntozero.com/,,nessuna-email
https://anticaosteriarapella.com/,,irraggiungibile
https://www.anticomacellobistro.it/,info@anticomacellobistro.it,render
https://www.anticomacellobistro.it/,prenotazioni@anticomacellobistro.it,render
https://armoniaristorante.com/,,nessuna-email
https://www.arigatobovisio.it/,info@ninjamailtrap.com,render
https://articagelateria.com/,,nessuna-email
https://www.instagram.com/antichi__sapori,,nessuna-email
https://www.antiguacarugate.it/,antigua.carugate@antigua.it,statico
https://arnoldsrestaurantpizza.it/,infoarnoldsrestaurant@gmail.com,statico
https://asahipavia.com/,,nessuna-email
https://www.atelierpasticceria.it/,info@atelierpasticceria.it,statico
https://lp.asialy.it/lp_offerte,,nessuna-email
https://antopizza.it/,,nessuna-email
http://www.aromabrescia.it/,info@aromabrescia.it,statico
https://www.facebook.com/apuliami/,,nessuna-email
http://www.facebook.com/gelaterialafontanella,,nessuna-email
https://www.instagram.com/anticovaltellina/,,nessuna-email
https://assonica.it/,info@assonica.it,statico
https://www.instagram.com/aracataca.it,,nessuna-email
https://atipicoofficial.it/,,nessuna-email
https://www.ristoranteasahi.it/,server@h471050.linp027.arubabusiness.it,render
https://www.ristoranteasahi.net/,,nessuna-email
https://www.facebook.com/Pizzeria-Arwa-1526760710961835/,,nessuna-email
https://www.atmosphere.plateform.app/,server@www.atmosphere.plateform.app,statico
http://www.armoniacentromusicale.it/armonia-music-bar/,info@armoniacentromusicale.it,statico
https://aomori.it/,,irraggiungibile
https://audax-ristopub.business.site/,,nessuna-email
https://www.ramendimsum.it/,,nessuna-email
http://www.associazioni.milano.it/pensionatip/,,irraggiungibile
https://www.facebook.com/Asaditos-Lambrate-107473144345972,,nessuna-email
https://al-karim.metro.bar/,alkarimristobar@gmail.com,statico
https://www.facebook.com/Restaurante-ASU-MARE--1443686065726839/,,nessuna-email
http://www.ashoteldeigiovi.it/,centroprenotazioni@ashotels.it,statico
http://www.ashotelimbiate.it/,centroprenotazioni@ashotels.it,statico
https://www.ateliersushi.it/,,nessuna-email
https://m.facebook.com/pg/Asso-di-Pizza-161222737610950/about/,,nessuna-email
http://www.arte-e-pizza.it/index.php,,nessuna-email
https://babagindian.shop/,localoria.com@gmail.com,statico
https://www.autentiko.it/,info@autentiko.it,statico
https://www.atmosferabistrot.it/,info@atmosferabistrot.it,statico
https://awarecrema.com/,,nessuna-email
https://www.auum.it/,info@auum.it,statico
https://aurarestaurant.it/,,nessuna-email
https://atmosferaristorante.it/,,nessuna-email
https://www.auraex.it/,info@auraex.it,statico
https://m.facebook.com/Il-Pub-Arluno-937400853019625/,,nessuna-email
https://www.artetecabistrot.it/,,timeout
https://www.barte.it/,,nessuna-email
https://m.facebook.com/MassimilianoCuomoAuroraBar/,,nessuna-email
https://www.facebook.com/ayaurgnano/,,nessuna-email
https://avenuebistrot.it/,info@avenuebistrot.it,statico
https://www.facebook.com/people/Babilonia-Pub/100057469118989/,babilonia4bands@gmail.com,render
https://www.baccanale.eu/,info@afa.it,render
https://www.baccanale.eu/,info@baccanale.eu,render
http://www.winebararco.altervista.org/,bararco78@gmail.com,statico
https://www.lacasarossagavirate.it/,,nessuna-email
https://www.bakingitaliabistrot.it/,gabrielecardamone@gmail.com,render
https://www.bakingitaliabistrot.it/,info@paneeburro.it,render
https://barangelodallamattinaallasera.shop/,contact@grubbio.com,statico
https://www.ba-restaurant.com/,,nessuna-email
https://elbacaroinsolito.it/,ristorantelinsolito@gmail.com,render
https://www.instagram.com/bb.merate,,nessuna-email
https://baccobrugherio.it/,,nessuna-email
https://www.facebook.com/Birreria-Bad-Monkey-264157236969790,,nessuna-email
https://www.babicomolake.com/,info@babicomolake.com,render
https://www.facebook.com/ba.gi.dibacuzzi/,,nessuna-email
https://www.bangkokthairestaurant.it/,booking@bangkokthairestaurant.it,statico
https://www.bangkokthairestaurant.it/,info@bangkokthairestaurant.it,statico
https://bellavista.bar/,lexius.info@gmail.com,statico
https://www.biochmilano.com/,,timeout
https://www.barcafeporticibresso.com/,michelehulatteart@gmail.com,render
https://bistrotdelcentro.eatbu.com/,mararibo@gmail.com,statico
https://www.facebook.com/RistoranteBajaSardinjaMilano/,,nessuna-email
https://www.baccomatto.it/,,irraggiungibile
https://www.langologiusto.com/,,nessuna-email
https://negozi.sisal.com/my-sisal/canegrate-via-como-22-caffe-bahia,,irraggiungibile
http://barcristianbresso.wixsite.com/cris,barcristian.bresso@gmail.com,statico
https://www.instagram.com/bar_al_14_,,nessuna-email
https://m.facebook.com/lastoriaLecco/,,nessuna-email
https://instagram.com/baozi_streetfood,,nessuna-email
http://fb.com/barauroraluino,,nessuna-email
https://unclepaulbar.it/,,nessuna-email
https://m.facebook.com/pages/category/Bar/Bar-Paradiso-Tabaccheria-Ricevitoria-Edicola-1752257805046659/,,nessuna-email
https://m.facebook.com/bambubar2.0/,,nessuna-email
https://www.barvulcano.it/,,nessuna-email
https://www.companyenoteca.it/,barcompany1@tin.it,statico
http://www.facebook.com/pages/Bar-Amici/150437034993757,,nessuna-email
https://www.bambrewery.it/,,timeout
https://www.winelounge.it/,fazan08@gmail.com,statico
https://www.winelounge.it/,ivan@winelounge.it,statico
https://www.instagram.com/invites/contact/,,nessuna-email
https://m.facebook.com/pages/category/Cafe/Big-Bang-Maver-1491111934484178/,,nessuna-email
https://www.alsolitopostorho.com/,,timeout
https://www.cordialino.com/,info@cordialino.com,statico
https://www.facebook.com/Caffe-del-Giglio-373235416213775/,,nessuna-email
https://www.instagram.com/rondocafe2024,,nessuna-email
https://m.facebook.com/pages/category/Cupcake-Shop/Gelateria-Bon-Bon-103315951317126/,,nessuna-email
https://instagram.com/bubbar_milano,,nessuna-email
https://www.instagram.com/barcavourvillasanta,,nessuna-email
https://www.facebook.com/bar.cataleya.7,,nessuna-email
https://www.facebook.com/barcentralemozzate/,,nessuna-email
https://www.barh20.com/,baraccabar@hotmail.com,statico
https://g.co/kgs/EkuZGiq,,nessuna-email
https://albergoterminus.it/bar-delle-terme/,info@albergoterminus.it,statico
https://www.facebook.com/Bar-Commercio-Leno-573648116435601/,,nessuna-email
https://www.bardelizie.it/,marinoni@wonderimage.it,render
http://www.barincontri.it/,info@barincontri.it,statico
https://www.calmaegesso.it/,,nessuna-email
https://www.facebook.com/pages/New-Dante-Cafe/264080493608119,,nessuna-email
https://www.degustibuscafe.com/,,nessuna-email
https://www.facebook.com/bdpincirano/,,nessuna-email
https://www.facebook.com/people/Bar-Frenk/100063562781000/,,nessuna-email
https://ecolebar.net/,info@barecolesuzzara.com,statico
https://www.ilvice.it/,barviceeversa@gmail.com,statico
https://www.ilvice.it/,ilvicehsop@gmail.com,statico
https://www.ilvice.it/,ilviceshop@gmail.com,statico
https://m.facebook.com/dolcevita.montichiari/,,nessuna-email
https://www.facebook.com/Bar-dei-portici-1520470538265168/,,nessuna-email
https://barilcenacolomilano.com/,barbagiannicenacolo@hotmail.com,statico
https://www.facebook.com/dolomiticafe.dolomiticafe,,nessuna-email
https://www.instagram.com/bardelponte_groppello/,,nessuna-email
https://it-it.facebook.com/Bar-Derby-248965941963113/,,nessuna-email
https://negozi.sisal.com/my-sisal/brescia-via-bligny-28-bar-garda,,irraggiungibile
https://www.facebook.com/Bar-dello-sport-103396204859435/,,nessuna-email
https://www.facebook.com/bardellazona/,,nessuna-email
https://www.facebook.com/pages/BarCastello/50232224917,,nessuna-email
https://www.instagram.com/enotriak2morbegno/,,nessuna-email
https://www.facebook.com/Dotti-Caffetteria-679202215448313/,,nessuna-email
https://www.hotelgolfetto.com/,,nessuna-email
http://www.sisalsmartpoint.it/,chiara.mari@sisal.it,statico
http://www.sisalsmartpoint.it/,sveva.ravasini@sisal.it,statico
https://www.facebook.com/BarpasticceriagelateriaREGAZZI,,nessuna-email
https://it-it.facebook.com/farnientemorbegno,,nessuna-email
https://m.facebook.com/ilcafferinonovate/,,nessuna-email
https://www.facebook.com/pg/gelateriamaggiescernusco,,nessuna-email
https://barmagenta.it/,info@barmagenta.it,statico
https://menu.caffeitalianomantova.com/,,nessuna-email
https://www.newporticobar.it/,,nessuna-email
https://www.bar-italia-milano.it/,,nessuna-email
https://www.facebook.com/baccanalecastegnato/,,nessuna-email
https://bargelateriaiportici.it/,,irraggiungibile
https://m.facebook.com/BarKappa2013/,,nessuna-email
https://www.instagram.com/baritaliamontichiari/,,nessuna-email
https://www.facebook.com/Bar-La-Coccinella-897665697076415/,,nessuna-email
https://instagram.com/bar_in_domi,,nessuna-email
https://m.facebook.com/barlacoincidenza/,,nessuna-email
https://www.barlodi.it/,,nessuna-email
http://cermenate.lafragolagelateria.it/,,nessuna-email
https://barilritrovo.it/,,nessuna-email
https://m.facebook.com/pages/category/Bar/Bar-Liberty-186472144748514/,,nessuna-email
https://www.facebook.com/pg/BAR-le-Plaisir-ospitaletto-129531590543413/about/,,nessuna-email
https://www.ildomanidellautismo.it/,,nessuna-email
https://www.instagram.com/barlatorre_travagliato,,nessuna-email
https://negozi.sisal.com/my-sisal/canegrate-via-giuseppe-garibaldi-106,,irraggiungibile
https://www.facebook.com/pg/barmezzopieno/about/,,nessuna-email
http://www.facebook.com/oasi2009/,,nessuna-email
https://www.facebook.com/Posterla,,nessuna-email
https://www.instagram.com/NIRO_LISSONE/,,nessuna-email
https://instagram.com/bar_movida_,,nessuna-email
https://www.facebook.com/bar.oasii/,,nessuna-email
https://www.barpizzerianello.it/,prenotazione@barpizzerianello.it,statico
https://www.paninotecabaralpalo.com/,,nessuna-email
http://instagram.com/bar_nuovo_portico,,nessuna-email
http://instagram.com/pan_caffe_,,nessuna-email
https://pizzeriadagigi.myadj.it/,,nessuna-email
https://www.facebook.com/BAR-PANE-E-Salame-103713358312289,,nessuna-email
https://m.facebook.com/Torrazzo.Bar.Osteria/,,nessuna-email
https://it-it.facebook.com/pg/PUNTOFELICEdolcesalato,puntofelice.dolcesalato@gmail.com,render
https://www.dolcisogniliberi.it/,,nessuna-email
https://www.instagram.com/chocolat_turate,,nessuna-email
https://wplace.top/bar-piccadilly,,nessuna-email
https://www.barsalvi.yolasite.com/,barsalvi@libero.it,render
https://www.instagram.com/nuovo_ghezz,,nessuna-email
https://barpizzeriapapillon.it/,,nessuna-email
http://www.pasticceriadolceforno.it/,,nessuna-email
https://instagram.com/barprincipepaullo,,nessuna-email
https://www.facebook.com/Punto-e-Virgola-111366274531926,,nessuna-email
https://www.dolcefornomorbegno.it/,,irraggiungibile
http://bar-segui-la-scia.business.site/,,nessuna-email
https://bitly.cx/i0V4,,nessuna-email
https://www.barriva.it/,,nessuna-email
https://barjackpot.shop/,localoria.com@gmail.com,render
https://itplaces.me/bar-rolli-di-rolli-marina-719215-it,contact@bizsite.link,statico
https://instagram.com/_bar.romano,,nessuna-email
https://controsenso.org/,info@controsenso.org,render
https://controsenso.org/,v.domenico@alice.it,render
https://m.facebook.com/pages/category/Bar/Bar-Roma-219632038162161/,,nessuna-email
https://www.instagram.com/ruelbar,,nessuna-email
https://www.instagram.com/bar_sala_agratebrianza/,,nessuna-email
https://www.facebook.com/SCORPION-BAR-517545081755121/,,nessuna-email
https://www.ristorantebarduomo.it/,,nessuna-email
https://www.facebook.com/Bar-Sport-105542648165603/,,nessuna-email
http://siti-internet.wixsite.com/ai-tre-castagni,,nessuna-email
https://www.instagram.com/scintillamilano/,,nessuna-email
https://www.barbagianniosteriabistrot.com/,info@osteriabarbagianni.it,statico
https://barberpunch.com/,barberpunch@gmail.com,statico
https://barberpunch.com/,diego.saitan@gmail.com,statico
https://www.barbrothers.it/,,nessuna-email
https://www.touringcomo.com/,,nessuna-email
https://www.instagram.com/barsportlavetti,,nessuna-email
http://www.instagram.com/carmacafe,,nessuna-email
https://www.instagram.com/caffedelcorsocr,,nessuna-email
http://www.facebook.com/sweetcaffeopera,,nessuna-email
https://www.trattoriajolly.com/,,nessuna-email
https://negozi.sisal.com/my-sisal/abbiategrasso-via-c-correnti-21-bar-cervia,,irraggiungibile
http://www.facebook.com/trattoriapontelambro,,nessuna-email
https://www.facebook.com/BarTrattoriaBasilio,,nessuna-email
https://www.facebook.com/Lasalita96/,,nessuna-email
https://www.barettosanvigilio.it/,baretto@baretto.it,statico
https://www.facebook.com/bar.viceversa/,,nessuna-email
http://www.barcicletta.it/,info@barcicletta.it,statico
https://www.facebook.com/barviandante,,nessuna-email
https://www.instagram.com/bar_tre/,,nessuna-email
https://www.baviellocafe.it/,bavielloalexander@gmail.com,statico
https://www.facebook.com/TYCHEcologno/,,nessuna-email
https://m.facebook.com/pages/category/Pub/Bar-WinneR-158832631417400/,,nessuna-email
https://www.instagram.com/dolceamaroarcore/,,nessuna-email
https://www.trattoriagenio.com/,,nessuna-email
https://www.facebook.com/larocca.trattoria/,,nessuna-email
https://m.facebook.com/bar.palazzolo/,,nessuna-email
http://instagram.com/zerosettemagenta,,nessuna-email
https://baretto1957.com/,,nessuna-email
https://linktr.ee/beerstro,contact@gdprlocal.com,statico
https://linktr.ee/beerstro,dpo.support@gdprlocal.com,statico
https://linktr.ee/beerstro,info@beerstro.it,statico
https://linktr.ee/beerstro,online@www.aaa.com,statico
https://linktr.ee/beerstro,only@savagex.com,statico
https://linktr.ee/beerstro,only@www.gobble.com,statico
https://linktr.ee/beerstro,privacy@linktr.ee,statico
http://www.facebook.com/BARCOLLANDO-160689982652/,,nessuna-email
https://linktr.ee/33cl,33clabbiategrasso@gmail.com,statico
https://linktr.ee/33cl,online@www.aaa.com,statico
https://linktr.ee/33cl,only@savagex.com,statico
https://linktr.ee/33cl,only@www.gobble.com,statico
https://m.facebook.com/barbecuehooligans/,,nessuna-email
https://barleybistrot.it/,,nessuna-email
https://www.instagram.com/il_barrito/,,nessuna-email
https://onlybarbel.com/,onlybarbel@gmail.com,statico
http://www.instagram.com/barrino_2020,,nessuna-email
https://www.beergarage.it/,info@beergarage.it,statico
https://www.beidesrestaurant.com/,info@collinarelais.com,statico
https://www.instagram.com/bartcafee/,,nessuna-email
https://beard-bq.it/,,nessuna-email
https://www.barbagrill.it/,,nessuna-email
https://beupbergamo.it/,,nessuna-email
https://bellidimamma.it/,bellidimammacomo@gmail.com,statico
https://bellidimamma.it/,bellidimammasrls@pec.it,statico
https://www.barbellavita.it/,sanbartolomeocoop@gmail.com,statico
https://wa.me/message/LGTJ5PTE5WMIB1,,nessuna-email
https://bellavistalimbiate.com/,,nessuna-email
https://www.bbq-1.it/,christian.stotomas@gmail.com,statico
https://www.bbq-1.it/,info@bbq-1.it,statico
https://www.facebook.com/bayrishpubvittuone,,nessuna-email
https://www.beefcafe.it/,,nessuna-email
https://www.beitalianrestaurant.it/,,nessuna-email
https://ristorante-bellavita.it/,info@hotelmontebaldo.com,render
https://www.facebook.com/Be-WILD-102007781996013,,nessuna-email
https://www.bembrasilmilano.it/,bembrasilmilano@hotmail.com,statico
http://www.beretta1950.com/,info@beretta1950.com,render
https://www.bebel.it/,info@bebel.it,statico
http://www.ambulatoriogastronomico.it/,,nessuna-email
https://www.happypoke.it/,,nessuna-email
https://www.ristorantebardelli.it/,,nessuna-email
https://www.facebook.com/Bella-Napoli-Orzinuovi-162479963849717/,,nessuna-email
https://www.ristorantebeirut.it/,info@ristorantebeirut.it,statico
https://biancarelais.com/,info@biancarelais.it,statico
https://www.tiktok.com/@biancomilla_gelateria,marketing@tiktok.unlocking,statico
https://www.benvenutofamilyrestaurant.it/,,nessuna-email
https://instagram.com/bar_pizzeria_bella_napoli,,nessuna-email
https://instagram.com/beijaflor_como,,nessuna-email
https://barriocafe.it/,,irraggiungibile
https://instagram.com/belussi_cafe,,nessuna-email
https://linktre.ee/bibasegrate,,nessuna-email
https://www.belluccio.it/,bellucciosmilano@gmail.com,statico
https://www.belluccio.it/,info@belluccio.it,statico
https://www.bierstube.it/,info@bierstube.it,statico
https://www.benaco119.com/,,nessuna-email
https://www.barzacmilano.it/,,irraggiungibile
https://www.baseblubistrot.it/,,irraggiungibile
https://wa.me/message/BVCR45KQR2OWG1,,nessuna-email
https://www.belledonnebistrot.com/,info@belledonnebistrot.com,statico
http://www.bigbenpub.it/,,nessuna-email
https://www.bimsbarbecuepizza.com/,bims.barbecue@gmail.com,render
https://bigasestocalende.com/,,nessuna-email
https://www.bicemilano.it/,reservations@bicemilano.it,render
https://www.instagram.com/biancavilla_pub/,,nessuna-email
https://www.facebook.com/murphys.colognomonzese,,nessuna-email
https://billyburger.it/,,nessuna-email
https://www.birrainn.it/,birrainnpogliano@ab-food.it,statico
https://www.birraebirre.it/,info@birraebirre.it,statico
https://www.bestsushi.it/,,nessuna-email
https://www.instagram.com/gelateriabiancovesuvio,,nessuna-email
https://www.facebook.com/bikcafe,,nessuna-email
http://www.labastiglia.it/,info@labastiglia.it,statico
https://www.facebook.com/BiancoArtCafe/,,nessuna-email
https://m.facebook.com/pages/category/Restaurant/Bigoleria-Al-Torchio-1670143573012058/,,nessuna-email
https://instagram.com/biggielegnano,,nessuna-email
http://menubirreriacassina.altervista.org/,,nessuna-email
https://mountainbrew.it/,info@mountainbrew.it,statico
https://www.instagram.com/billys.pubmeda,,nessuna-email
https://www.beerinba.com/,info@beerinba.com,statico
https://www.bioesseri.it/,,nessuna-email
https://bistrolapetiteboite.com/,bistrolapetiteboite@gmail.com,statico
https://bistrolapetiteboite.com/,it.italian%23holiday@group.v.calendar.google.com,statico
https://bistrolapetiteboite.com/,www.bistrolapetiteboite@gmail.com,statico
https://www.instagram.com/dal_gelater_casalmaggiore,,nessuna-email
https://birreriaduespade.it/,birreriaduespade@gmail.com,statico
https://birreriaduespade.it/,info@example.web.com,statico
https://birreriaduespade.it/,info@gmail.com,statico
https://birreriaduespade.it/,info@webmail.com,statico
https://birreriaduespade.it/,services@gmail.com,statico
https://m.facebook.com/100040042218095/,,nessuna-email
https://bistroterrazze.it/,server@bistroterrazze.it,statico
https://belvederesenago.it/,,irraggiungibile
https://birreriasulprovinciale.altervista.org/index.html,,nessuna-email
https://www.birravirgilius.it/,birravirgilius@virgilio.it,render
https://www.binomio.wine/,,nessuna-email
https://berghemlove.com/,,irraggiungibile
https://www.instagram.com/birrawasi,,nessuna-email
https://www.wikipedia.it/,,nessuna-email
https://negozi.sisal.com/my-sisal/vittuone-via-volontari-della-liberta-46-binario-zero,,irraggiungibile
https://maspy.it/,info@mm1989.it,statico
http://bistrotacasa.it/,,nessuna-email
https://www.bistrotirano.com/,info@bistrotirano.com,statico
https://www.bistrotirano.com/,ristvittoria@libero.it,statico
https://lacucinadelbenessere.it/,cucinadelbenessere2.0@gmail.com,statico
https://m.facebook.com/deborah.davide.majnoni/,,nessuna-email
https://m.facebook.com/birreriadellatorre/,,nessuna-email
https://www.facebook.com/BirreriaLaPulce/,,nessuna-email
https://www.bistrotrosadeiventi.it/,amministrazione@polihotel.com,statico
https://www.bistrotrosadeiventi.it/,booking@polihotel.com,statico
https://www.bistrotrosadeiventi.it/,info@polihotel.com,statico
https://www.bistrotrosadeiventi.it/,info@ristorantelafornace.it,statico
https://www.bistrotrosadeiventi.it/,marketing@polihotel.com,statico
https://www.bistrotrosadeiventi.it/,staff@polihotel.com,statico
https://bistrot33legnano.wordpress.com/,,nessuna-email
https://bistrotdeangelis.com/,deabistrot@hotmail.com,render
https://www.birrificiosocialemalnate.com/,,nessuna-email
https://sites.google.com/view/bollicine20-sanvittoreolona/home,bollicine2.0sanvittore@gmail.com,statico
https://birrificiodiringhiera.com/,,nessuna-email
https://bombyx-menu.vercel.app/categories,taliasnc2023@gmail.com,statico
https://bistrot-napoletano.eatbu.com/,pasqualeflaminio@libero.it,render
https://m.facebook.com/pages/category/Beer-Bar/La-Tana-Del-Luppolo-2177973849084979/,,nessuna-email
https://bistrot1882arcore.it/,,nessuna-email
https://www.bistrot28.it/,,nessuna-email
https://www.mensasana.it/,info@mensasana.it,statico
https://www.bistronomia.it/,info@bistronomia.it,statico
https://www.bialetti.com/,,timeout
https://www.facebook.com/BistrotCorbetta/,,nessuna-email
https://www.blacksheepbirreria.it/,blacksheep.birreria@gmail.com,statico
https://www.bistrotpedol.it/,,nessuna-email
https://borghettobergamo.com/,utente@dominio.com,statico
https://bontadipaese.it/,server@bontadipaese.it,statico
https://www.agriturismodolceluna.it/,,nessuna-email
https://birrificiolambrate.com/,,nessuna-email
https://m.facebook.com/NewOrchidea/,,nessuna-email
https://www.bobmilano.it/,info.bobtheotherside@gmail.com,statico
https://www.bobmilano.it/,info@bobmilano.it,statico
https://www.pizzeriabolle.com/,bollepizzeria@pec.it,statico
https://www.blowuplainate.com/,blowuplainate@gmail.com,render
https://www.blancogourmetbar.it/,,nessuna-email
https://pizzeriabordoalto.it/,pizzeriabordoalto@gmail.com,render
https://bitterpubluino.it/,,nessuna-email
https://www.ristorantebonsai.it/,luigihu.0307@gmail.com,statico
https://www.ristorantebonsai.it/,miriamhu1.mh@gmail.com,statico
https://linktr.ee/borriello,contact@gdprlocal.com,statico
https://linktr.ee/borriello,dpo.support@gdprlocal.com,statico
https://linktr.ee/borriello,online@www.aaa.com,statico
https://linktr.ee/borriello,only@savagex.com,statico
https://linktr.ee/borriello,only@www.gobble.com,statico
https://linktr.ee/borriello,privacy@linktr.ee,statico
https://www.viadallaspigamilano.it/,,nessuna-email
http://facebook.com/Blancoartcafecogliate,,nessuna-email
https://bocachica2.it/,bocachicasrls@gmail.com,statico
https://wa.me/message/COQWQGFDTXP6E1,,nessuna-email
https://www.bottegaiberica.com/,bottegaiberica@lamiapec.it,statico
https://www.bottegaiberica.com/,hola@bottegaiberica.com,statico
https://www.bopoponteranica.it/,info@bopoponteranica.it,statico
https://www.bopoponteranica.it/,prenotazioni@bopoponteranica.it,statico
https://www.bopoponteranica.it/,progettosociale@bopoponteranica.it,statico
https://www.instagram.com/bokok.sarpi/,,nessuna-email
https://www.instagram.com/bonacasa21cremona/,,nessuna-email
https://www.borghiluigino.it/,,nessuna-email
https://wa.me/390222223473,,nessuna-email
http://www.braceriadelcrotto.com/,info@braceriadelcrotto.com,statico
https://www.borgolorenzo.it/,,nessuna-email
https://www.bowlingleonessa.it/,bowling.leonessa@gmail.com,statico
https://www.bracietaci.it/,bracietaci@gmail.com,statico
https://www.blackhorsepub.it/,,nessuna-email
https://www.bosstaurus.it/,,nessuna-email
https://www.caffebotegacacao.it/it/,,nessuna-email
https://instagram.com/borgopasticceria,,nessuna-email
https://bisteccherianc.it/,,irraggiungibile
https://www.borgoselvapiana.com/,info@borgoselvapiana.com,statico
https://www.braciamibraciami.it/,info@braciamiancora.it,statico
https://www.braciamibraciami.it/,info@braciamibraciami.it,statico
https://itplaces.me/bonnie-piadineria-393119-it,contact@bizsite.link,statico
https://www.bravobistrot.it/,info@bravobistrot.it,render
http://bridgepub.it/,info@mycompany.com,statico
http://bridgepub.it/,support@mycompany.com,statico
https://www.ristorantebotero.it/,,nessuna-email
https://it-it.facebook.com/bottega920/,,nessuna-email
https://www.brianzabakery.it/,info@brianzabakery.it,statico
https://www.bresciaatavola.it/,info@bresciaatavola.it,render
https://www.ristoranteborgomarinaro.com/,,nessuna-email
https://www.instagram.com/bb.bourbon/,,nessuna-email
https://www.instagram.com/bottega_del_caffe13,,nessuna-email
https://brachata.it/,,nessuna-email
https://www.borgo43.it/,,irraggiungibile
https://www.instagram.com/boxcarmine/,,nessuna-email
https://instagram.com/bottegadelcaffe.sdm,,nessuna-email
https://www.neohotel.it/ristorante-lounge/,info@neohotel.it,statico
https://bresciabar.com/,,nessuna-email
https://www.bullacciabrescia.it/,bullacciabrescia@gmail.com,statico
https://www.instagram.com/ginny.bakery,,nessuna-email
https://www.brescianigiovannisrl.it/,info@brescianigiovannisrl.it,statico
https://www.facebook.com/share/swLUxWpPLmLquoDt/,,nessuna-email
https://www.facebook.com/Bar-Quarantasei-167028879993065/,,nessuna-email
http://www.brugolaepachino.it/,hello@brugolaepachino.com,statico
https://ristorantibros.it/,,nessuna-email
http://buenavidacaffe.altervista.org/,,nessuna-email
https://www.brutmerate.it/,,nessuna-email
https://www.burgerhousecorsico.it/,ordini@burgerhousecorsico.it,statico
https://www.burrorestaurant.it/,info@burrorestaurant.it,statico
https://buffalogrill-c5jfyrky.manus.space/,buffalogrillandpub@gmail.com,render
https://www.bottegaristobar.it/,,nessuna-email
https://burgerroom23.com/,assistenza@webador.it,statico
https://burgerroom23.com/,burgerroom23@gmail.com,statico
http://www.instagram.com/brillo.osteria/,,nessuna-email
https://burgerloversclub.com/,,nessuna-email
https://www.facebook.com/Broldrinkandfood/,,nessuna-email
https://www.facebook.com/bucheesebarbergamo/,,nessuna-email
https://bucatariadeacasa.com/,,nessuna-email
https://www.instagram.com/bruma.restaurant/,,nessuna-email
https://www.capuccinicesate.it/,info@capuccinicesate.com,statico
https://www.instagram.com/bucatini_restaurant/,,nessuna-email
https://linktr.ee/caubertitrattoriacafe,caubertitrattoriacafe@gmail.com,statico
https://linktr.ee/caubertitrattoriacafe,online@www.aaa.com,statico
https://linktr.ee/caubertitrattoriacafe,only@savagex.com,statico
https://linktr.ee/caubertitrattoriacafe,only@www.gobble.com,statico
https://m.facebook.com/Bugigattol0,,nessuna-email
https://byblosmilano.carrd.co/,,nessuna-email
https://burghersbuns.com/,,nessuna-email
https://www.facebook.com/bulaluhansamilan/,,nessuna-email
https://www.facebook.com/Bulldog-pub-876690595726289/,,nessuna-email
https://brezzamarinamariano.it/,,irraggiungibile
https://www.instagram.com/bunesmash,,nessuna-email
https://www.buona-pizza.it/,,nessuna-email
https://butekinho.it/,info@butekinho.it,render
https://www.chouseitalia.com/,chouse@caffe-poli.it,statico
https://www.chouseitalia.com/,ojyn@agezlmb.ui,statico
https://instagram.com/burger__italy,,nessuna-email
https://www.bussarakham.com/,,nessuna-email
https://fuoriportahousebar.it/,fuoriportareservation@gmail.com,render
https://www.facebook.com/Cabi-Bar-159801080865816/,,nessuna-email
https://it-restaurants.com/it/byit-milano/,eventsibiza@itrestaurants.com,statico
https://it-restaurants.com/it/byit-milano/,london@itrestaurants.com,statico
https://it-restaurants.com/it/byit-milano/,milano@itrestaurants.com,statico
https://it-restaurants.com/it/byit-milano/,portocervo@itrestaurants.com,statico
https://it-restaurants.com/it/byit-milano/,tulum@itrestaurants.com,statico
http://201.226.42.215/,,irraggiungibile
https://barbelleepoque.shop/,contact@grubbio.com,statico
https://cafevillamilano.com/,,nessuna-email
https://www.mastrocasaro.it/,,nessuna-email
https://caffe-grande-kafja-madhe.myshopify.com/,,nessuna-email
https://www.facebook.com/CestlavieCaravaggio/,,nessuna-email
https://www.gastronomiacaterina.it/,,nessuna-email
https://it-it.facebook.com/pages/CREP/228454533927355,,nessuna-email
https://www.facebook.com/Bar-Centrale-1690061191231277/,,nessuna-email
https://www.cafe51.it/,,nessuna-email
https://cafeteriatreviolo.it/,,nessuna-email
https://caffedelviale.shop/,,nessuna-email
https://caffecolleoni.it/,commerciale@caffecolleoni.it,statico
https://caffecolleoni.it/,info@caffecolleoni.it,statico
https://m.facebook.com/SangioMelegnano/,,nessuna-email
https://www.burmet.it/,,timeout
https://bubistrotincarrara.com/,,irraggiungibile
https://www.cadregaesgabel.com/,,irraggiungibile
https://www.cruenocaffe.it/,,nessuna-email
https://www.caffedellapiazza.com/,assistenza@webador.it,statico
https://www.caffedellapiazza.com/,info@caffedellapiazza.it,statico
https://www.instagram.com/caffenice/,,nessuna-email
https://cactusmilano.it/,,nessuna-email
https://www.caffenovantanove.com/,davidebar99@gmail.com,statico
https://negozi.sisal.com/my-sisal/lodi-corso-roma-15-caffe-dragoni,,irraggiungibile
https://m.facebook.com/Caffelatte-859422404073422/,,nessuna-email
https://m.facebook.com/pages/category/Coffee-Shop/Chez-Moi-Parabiago-431460097195505/,,nessuna-email
https://www.instagram.com/mdv.caffetteria_bistrot,,nessuna-email
https://caffebrolettovarese.it/,caffebrolettovarese@gmail.com,statico
https://www.instagram.com/caffetteriabuoncaffe/,,nessuna-email
"https://zero.eu/en/luoghi/362999-caffe-cellini-cairoli-m1,milano/",arrigo.razzini@gmail.com,statico
"https://zero.eu/en/luoghi/362999-caffe-cellini-cairoli-m1,milano/",infoweb@edizionizero.com,statico
https://www.instagram.com/caffecasati,,nessuna-email
https://m.facebook.com/pages/category/Tea-Room/Bar-il-solito-posto-132748727436542/,,nessuna-email
https://instagram.com/hashtag__villa,,nessuna-email
https://m.facebook.com/pages/category/Bar/Caffetteria-Gesi%C3%B6-309883289475618/,,nessuna-email
https://venere.pw/caffe-san-marco-fwhuzi4.html,foxtrotxr@yandex.com,statico
https://www.caffedivino.site/,,nessuna-email
https://www.instagram.com/caffearchintilodi/,,nessuna-email
https://www.facebook.com/caffeclericiluino,,nessuna-email
https://www.facebook.com/share/15i8kyc5Nd/,bargallerymm@gmail.com,render
https://caffedelborgolurate.it/,dominionisnc@gmail.com,render
https://www.agust.it/,,timeout
https://caffevivaldi.wixsite.com/caffe-vivaldi-bgy,vivaldi.messi@gmail.com,statico
https://www.caffepertuttimilano.it/,info@caffepertuttimilano.it,statico
http://www.caffedelparco.it/,,nessuna-email
https://www.centraleviadana.com/,,nessuna-email
https://www.caffedellupo.it/,info@caffedellupo.it,render
https://www.caffedellupo.it/,support@schedulista.com,render
https://instagram.com/caffedalmine,,nessuna-email
https://www.facebook.com/baremilio.loungewine,,nessuna-email
https://ristorantecalibrato.it/,info@ristorantecalibrato.it,statico
https://www.redisapori.it/it/,info@redisapori.it,statico
https://itamaps.me/cairo-pizza-corsico-543682-it,contact@emayon.com,statico
https://www.facebook.com/caffemarinicrema/,,nessuna-email
https://www.instagram.com/maco.wine,,nessuna-email
https://www.cafegourmand.it/,mario.rossi@mail.it,render
https://m.facebook.com/caffegaribaldi.desio/,,nessuna-email
https://www.facebook.com/caffevistarini/,,nessuna-email
https://caffedeiportici.wordpress.com/,,nessuna-email
https://www.caffedegliartistisesto.com/,info@caffedegliartisti.it,render
https://caffemickeymenu.wixsite.com/my-site,,nessuna-email
https://californiagrill.it/,info@californiagrill.it,render
https://instagram.com/caffematteottirho,,nessuna-email
https://calabreat.it/,info@calabreat.it,render
https://www.instagram.com/cafferimembranzatreviglio/,,nessuna-email
https://m.facebook.com/caffesanlorenzo/,,nessuna-email
https://m.facebook.com/Caffeorologio/,,nessuna-email
https://www.caosgrill.it/,server@www.caosgrill.it,statico
https://www.calianna.it/,info@calianna.it,render
https://www.facebook.com/Caff%C3%A8-dellAdda-102218771654856/,,nessuna-email
https://www.canter1920.it/,comunicazioneintegrata@yahoo.it,statico
https://calavida.it/,,nessuna-email
https://www.ristorantecantarana.it/,cantarana@virgilio.it,render
https://www.cafeantique.it/,cafeantique.garbagnate@gmail.com,render
https://m.facebook.com/cafedelcorso,,nessuna-email
https://www.capriccioeventi.it/,ilcapriccioevents@gmail.com,statico
https://m.facebook.com/cerviniacafe/,,nessuna-email
https://www.facebook.com/susycaffdelcorso/,,nessuna-email
https://instagram.com/cafelaflute,,nessuna-email
https://www.ristorantecandaluga.it/,3513735008can.da.lugall@gmail.com,statico
https://www.ristorantecandaluga.it/,can.da.luga11@gmail.com,statico
https://www.ristorantecandaluga.it/,can.da.lugall@gmail.com,statico
https://cantinemilano.com/,booking@cantineamare.com,statico
https://cantinemilano.com/,reservation@cantinemilano.it,statico
https://www.lacappery.it/,lacappery@gmail.com,statico
https://www.caprizza.it/,brescia@caprizza.it,statico
https://www.caprizza.it/,cagliari@caprizza.it,statico
https://www.caprizza.it/,napoli@caprizza.it,statico
https://www.caprizza.it/,torino@caprizza.it,statico
https://www.caprizza.it/,trento@caprizza.it,statico
https://www.caprizza.it/,varese@caprizza.it,statico
http://www.carmentown.it/,info@carmentown.it,statico
https://m.facebook.com/Caffe-Lumiere-Oreno-854008617981143/,,nessuna-email
https://www.carlottacafe.it/,info@carlottacafe.it,statico
https://carlsbergitalia.it/,info@carlsberg.it,statico
https://carlsbergitalia.it/,speakup@carlsberg.com,statico
https://www.cammristorantepizza.it/,,nessuna-email
https://www.piccolavela.it/ristorante-capovento/,info@piccolavela.it,statico
https://instagram.com/caffe_poeme,,nessuna-email
https://www.instagram.com/caminettonovate,,nessuna-email
https://www.facebook.com/pg/calabrone2/posts/,,nessuna-email
https://carozzicafe.shop/,contact@grubbio.com,statico
https://www.ristorantecasalucia.it/,ristorantecasalucia@hotmail.com,statico
https://www.casajuan.it/,casajuanristorante@gmail.com,statico
https://capsulecaffelatte.com/,,nessuna-email
https://carneandco.it/,info@contact.com,render
https://carneandco.it/,info@help.com,render
https://www.caminhotelluino.com/,,timeout
https://itplaces.me/carini-bistrot-500787-it,contact@bizsite.link,statico
https://www.cantinaecoscienza.it/,,nessuna-email
https://www.casasavinitartufi.it/,hi@unicornplatform.com,statico
https://www.casasavinitartufi.it/,info@casasavinitartufi.it,statico
https://instagram.com/cantuccio_verde,,nessuna-email
http://www.facebook.com/caoscafeagrate,,nessuna-email
https://m.facebook.com/gelateria.ilcapriccio.16/,,nessuna-email
https://www.mycartoonvillage.it/,info@mycartoonvillage.it,statico
https://www.cantina-piemontese.it/,,irraggiungibile
https://casacapresemonza.it/,,nessuna-email
https://ristorantecarnero.it/,carnivoro@legalmail.it,render
https://tender-shark.10web.cloud/,info@cascinaparadiso.it,statico
https://www.instagram.com/carismaburger/,,nessuna-email
https://linktr.ee/catlebon,contact@gdprlocal.com,statico
https://linktr.ee/catlebon,dpo.support@gdprlocal.com,statico
https://linktr.ee/catlebon,online@www.aaa.com,statico
https://linktr.ee/catlebon,only@savagex.com,statico
https://linktr.ee/catlebon,only@www.gobble.com,statico
https://linktr.ee/catlebon,privacy@linktr.ee,statico
https://www.instagram.com/carpe.diemlounge,,nessuna-email
https://www.cateringcimadoro.com/,catering@cimadoro.net,statico
https://cantinameridionale.it/,,nessuna-email
https://cascinaleva.it/,cascinaleva@gmail.com,statico
https://casamiabesana.it/,casamia.besana@antigua.it,statico
https://casaportofinobrera.it/,prenotazioni@casaportofinobrera.it,statico
https://www.cenacolodeipittori.com/,info@cenacolodeipittori.com,statico
https://www.cenacolodeipittori.com/,server@www.cenacolodeipittori.com,statico
https://www.cenacolodeipittori.com/,submissions@cenacolodeipittori.com,statico
https://www.casadelgiovanebergamo.it/,casadelgiovane@patronatosanvincenzo.it,statico
https://www.casadelformaggio.eu/,,nessuna-email
https://www.saporecrudo.it/,,nessuna-email
https://www.ristoranteilcastigo.it/,assistenza@webador.it,statico
https://www.cascinabianca.it/,,nessuna-email
https://central-park-restaurant.eatbu.com/,monisingh4027@gmail.com,statico
https://instagram.com/casabistrotbrescia,,nessuna-email
https://www.instagram.com/casacurci/,,nessuna-email
https://www.facebook.com/Casa-della-Pizza-108315110842022,,nessuna-email
https://www.casottel.it/,info@casottel.it,statico
http://linktr.ee/chalet_castello_brescia,chaletcastellobrescia@gmail.com,statico
http://linktr.ee/chalet_castello_brescia,online@www.aaa.com,statico
http://linktr.ee/chalet_castello_brescia,only@savagex.com,statico
https://www.cascinagrandecaffe.it/,,nessuna-email
https://www.cepiace.it/,info.cepiace@gmail.com,render
https://www.charliecaffe.com/,dikciano@hotmail.it,statico
https://www.chaplincafe.it/,chaplincafevaredo@gmail.com,statico
https://www.chaplincafe.it/,ivanwebcreate@gmail.com,statico
https://www.instagram.com/casavittoria_milano/,,nessuna-email
https://www.agriturismocascinareina.com/,,nessuna-email
https://www.casaromanalegnano.it/,,nessuna-email
https://www.chefexpress.it/poi/campagnola-ovest/,dpo@chefexpress.it,statico
https://www.chefexpress.it/poi/campagnola-ovest/,info@chefexpress.it,statico
https://www.cash42.it/,,nessuna-email
https://www.centromood.it/,direzione@centromood.it,statico
https://maggiolonesocialpark.it/maggiolone-social-park/,,nessuna-email
https://www.cascinabressanella.it/,,irraggiungibile
https://m.facebook.com/pages/Castello-Ristorante-Pizzeria-Ristoranti-E-Pizzerie/158648504184649,,nessuna-email
https://champofpizza.com/,,nessuna-email
https://www.familyristorantecinese.it/,help@flipdish.com,statico
https://www.facebook.com/CentralPerkSeveso/about/,central.perk@alice.it,render
https://www.ristorantechiccodigrano.it/,,nessuna-email
https://giusygrecochef.it/,info@giusygrecochef.it,render
https://m.facebook.com/pages/Castle-Rock-Pub/158332420862135,,nessuna-email
https://instagram.com/cavourlifestyle,,nessuna-email
http://ciambottaria.wordpress.com/,ciambottaria@gmail.com,statico
https://www.cashilia.it/,,timeout
http://www.facebook.com/ChaletDegliAmici/,,nessuna-email
https://www.facebook.com/Charlie-Brown-10-107640054475667/,,nessuna-email
https://www.facebook.com/ristorantechariot,,nessuna-email
https://bgfood.it/,direzione@bgfood.it,render
https://bgfood.it/,direzione@bgfood.itrino.it,render
https://instagram.com/central__bar_,,timeout
https://www.cibupizzaegriglia.it/,info@cibupizzaegriglia.it,statico
https://www.facebook.com/Ceylonristorante/,,timeout
https://www.cipiacesano.com/it/,info@cipiacesano.com,statico
http://www.chioscocafe.it/,info@chioscocafe.it,statico
https://cheftable.it/,,nessuna-email
https://www.chatwinbar.it/menu-bustoarsizio/,,timeout
https://instagram.com/checomunquecafe,,timeout
https://www.instagram.com/chepizza_cesano/,,nessuna-email
https://civico20.shop/,civico20.shop@gmail.com,statico
https://www.facebook.com/chiosconoma/,,nessuna-email
https://www.chickandpizza.com/,,timeout
https://www.facebook.com/chikcusano/,,timeout
https://www.facebook.com/chinatownsondrio/,,timeout
https://www.cikchicken.com/,info@ninjamailtrap.com,render
https://www.instagram.com/chioscobyilfaro,,timeout
https://www.porcao.it/,%20info@porcao.it,statico
https://www.porcao.it/,454-4364info@grandrestaurant.com,statico
https://www.porcao.it/,info@porcao.it,statico
https://ristoranteci.it/,,timeout
https://www.cibus104.it/,,nessuna-email
https://www.enodivinus.it/,,nessuna-email
https://www.instagram.com/cipensasara/,,timeout
https://go.ordelivery.shop/,,nessuna-email
https://www.ciciara.it/,,timeout
https://www.facebook.com/Circo-Loco-Restaurant-1829221787394529/,,nessuna-email
https://civico27.pomoai.it/,civico27.info@gmail.com,render
https://www.facebook.com/groups/ilcircolinodeldaniele,,nessuna-email
https://circolosempreavanti.org/,,nessuna-email
https://www.ristorantecocopazzo.it/,server@ristorantecocopazzo.it,statico
https://www.cloudrestaurantandcoffee.it/,info@cloudrestaurantandcoffee.it,statico
https://www.facebook.com/cittadellapub/,,nessuna-email
https://www.instagram.com/ciro.cafe_/,,nessuna-email
https://m.facebook.com/pages/category/Pizza-Place/By-Salman-City-%C4%B0stanbul-Voghera-Via-Emilia-218-947879811972944/,,nessuna-email
https://m.facebook.com/Civico3Cafe/,,nessuna-email
https://civicobrugherio.it/,,nessuna-email
https://www.clashcityrockerscafe.it/,info@clashcityrockerscafe.it,statico
https://trattoriacomeunavolta.it/,server@trattoriacomeunavolta.it,statico
https://clubspizzeria.it/,,nessuna-email
https://www.citypridepub.it/,,nessuna-email
https://instagram.com/bar.circus.sedriano,,nessuna-email
https://coffeeoutlet.it/,info@localweb.it,statico
https://coffeeoutlet.it/,lorenzapastore@libero.it,statico
https://coffeeoutlet.it/,orjon.nallbati@onlawoffice.com,statico
https://coffeeoutlet.it/,privacy@localweb.it,statico
https://www.facebook.com/groups/755577523457565/,,nessuna-email
https://ristorantecittadeimille.it/,,nessuna-email
https://coremeu.eu/,booking.coremeu@gmail.com,statico
https://coremeu.eu/,cumpariescumpari@gmail.com,statico
https://www.facebook.com/clovercocktailbarlodi/,,nessuna-email
https://comeacasalaveno.it/,comeacasalaveno@gmail.com,statico
https://cityistanbulkebap.it/,,irraggiungibile
https://www.instagram.com/clepizzaa/,,nessuna-email
https://ristorantecorederoma.eatbu.com/,adeltawfek829@gmail.com,statico
https://www.climatristorante.it/,info@climatristorante.com,render
https://www.colombo1933.it/,,nessuna-email
https://cochita.it/,,nessuna-email
https://pastaevinoroma.it/,baltimoreneedhelp@ristoly.com,statico
https://pastaevinoroma.it/,info@pastaevinoroma.it,statico
https://pastaevinoroma.it/,needhelp@ristoly.com,statico
https://www.facebook.com/Clockbar.villasanta,,nessuna-email
http://www.colibridinnershow.it/,,nessuna-email
https://www.concretoristorante.com/,concreto@concretoristorante.com,render
https://www.coebergamo.it/,,nessuna-email
https://www.facebook.com/COCO-Torrefazione-Tropical-Bar-244563293065142/,,nessuna-email
https://m.facebook.com/pages/category/Dive-Bar/Coffeehour-751607334893603/,,nessuna-email
http://cookingarage.com/,cookingarage@gmail.com,render
https://www.corner58.it/,corner58@monaco.mc,render
https://www.ristorantecontroluce.it/,,nessuna-email
https://www.comeunavoltaverisaporidellanostraterra.it/,,nessuna-email
https://www.facebook.com/pages/category/Coffee-Shop/Coffee-Time-1379302929060363/,,nessuna-email
https://pizzeriaconlemani.it/,,nessuna-email
https://www.costantinocrudore.it/,info@costantinocrudore.it,statico
https://cordialeamericanbar.com/,,nessuna-email
https://www.matrimonio.com/location-matrimoni/corte-cola--e106140,,nessuna-email
https://www.clippercafe.it/,,irraggiungibile
https://pro-bee-beepro-messages.s3.amazonaws.com/183171/641698/1254252/6125398.html,,nessuna-email
https://instagram.com/colombo7__,,nessuna-email
https://m.facebook.com/cookiamoci/,,nessuna-email
https://www.crazypoint.it/,info@crazypoint.it,statico
https://www.corterusticaborromeo.it/,,nessuna-email
https://www.cruopizzaburger.it/,info@cruopizzaburger.it,statico
https://www.cruopizzaburger.it/,ragone.fabio@pec.cgn.it,statico
https://crucant.it/,astigma@astigmatic.com,statico
https://crucant.it/,info@crucant.it,statico
https://m.facebook.com/Corso62Pavia/,,nessuna-email
https://www.lacortedizuccarini.it/,info@lacortedizuccarini.it,statico
https://www.lacortedizuccarini.it/,vale.zuccarini@gmail.com,statico
https://www.crazydriverdiner.it/,,nessuna-email
http://www.crottodelsergente.it/,info@crottodelsergente.it,render
http://cremeriamanzoni.myadj.it/,,nessuna-email
https://crema-cioccolato.it/,bartancreditaccona@gmail.com,statico
https://crema-cioccolato.it/,info@localweb.it,statico
https://crema-cioccolato.it/,orjon.nallbati@onlawoffice.com,statico
https://crema-cioccolato.it/,privacy@localweb.it,statico
https://crepmi.com/,,nessuna-email
https://www.instagram.com/crazypizzabygiuliani/,,nessuna-email
https://www.instagram.com/cosmopolitan_leno/,,nessuna-email
https://www.ihg.com/crowneplaza/hotels/gb/en/san-donato-milanese/milsd/hoteldetail,,nessuna-email
https://www.crudofrittoebollicine.it/,info@crudofrittoebollicine.it,statico
https://www.currytwist.it/,info@currytwist.it,statico
https://m.facebook.com/pages/category/Restaurant/Crazy-Pizza-Malnate-109801427030628/,,nessuna-email
https://confine1913.it/,,irraggiungibile
https://www.facebook.com/pannacacao/,,nessuna-email
https://it-it.facebook.com/pages/category/Company/Gelateria-CremAmore-107131432651432/,,nessuna-email
https://www.cucinakappa.it/,info@cucinakappa.it,statico
https://ristorantepizzeriacorner.it/,,nessuna-email
https://www.facebook.com/Pizzeria-Cristall-264922330191537/timeline,,nessuna-email
http://www.dauda-cafe.eatbu.com/,,irraggiungibile
https://www.facebook.com/Cristal-Caf%C3%A8-498295260298519/,,nessuna-email
https://daangelosocialbar.my.canva.site/,info@daangelopizzeria.com,statico
https://cucinaromanapontemilvio.it/,,nessuna-email
https://it-it.facebook.com/Pizzeria-Crocky-Co-296646860490401/,,nessuna-email
https://m.facebook.com/Crossing-Caf%C3%A9-1895736454057193/,,nessuna-email
https://www.dabox.it/,thebox.srl@legalmail.it,statico
https://www.cucinanormale.it/,cucinanormaleopera@gmail.com,statico
https://www.cucinanormale.it/,info@fettepizza.it,statico
https://dafranco.menu/,info@dafranco.me,statico
https://www.corsocomo52.it/,,irraggiungibile
https://www.ceraunavoltanonnamaria.com/,info@ceraunavoltanonnamaria.com,statico
https://www.corimilano.com/,info@corimilano.it,render
https://da-denis-oggiono.eatbu.com/,sonila_94@yahoo.it,statico
https://www.facebook.com/cuore.ristopizza,,nessuna-email
https://dotchianti.it/,dot.chianti@gmail.com,statico
https://www.daelideristorantepizzeria.it/,elisaprocaccianti1991@gmail.com,statico
https://www.cutristorante.it/,info@cutristorante.it,statico
https://www.osteriacadelerane.com/,cadelerane@gmail.com,statico
https://www.cortevisconti.it/,,irraggiungibile
https://www.ristorantebrasilianodadantas.com/,ristorantedantas@gmail.com,statico
https://www.instagram.com/cucinagaribaldi,,nessuna-email
https://croccami.it/,,nessuna-email
https://cyclery.it/,,nessuna-email
https://da-giannino-langolo-dabruzzo.it/#/,,nessuna-email
https://www.facebook.com/share/1DZ84vtR1d/,da.ma.ristorante114@gmail.com,render
https://www.crottovaltellina.it/,,irraggiungibile
https://www.cucinacereda.com/,,irraggiungibile
http://cucinadicampagna.com/,,nessuna-email
https://www.ristorantedagiulia.it/,,nessuna-email
https://www.instagram.com/cvv_bistrot,,nessuna-email
https://www.damaxhamburgerhouse.com/,assistenza@webador.it,statico
https://www.damaxhamburgerhouse.com/,info@damaxhamburgerhouse.it,statico
https://www.damassimoristorante.it/,damassimoristorante@icloud.com,render
https://www.damassimoristorante.it/,riccardoadamo01@gmail.com,render
https://damichele2p0.com/,,nessuna-email
https://m.facebook.com/DD-pancaff%C3%A9-117127472195494/,,nessuna-email
https://ristorantepizzeria-daciro.com/,,nessuna-email
https://ristorantehakim.com/,info@ristorantehakim.com,render
https://www.dajepeppo.it/,dajepeppo@gmail.com,statico
https://www.dafrank.it/,,nessuna-email
https://www.instagram.com/bar.da.cadeo/,,nessuna-email
https://ristorantedamarco.it/home/#,,nessuna-email
https://www.facebook.com/Pizzeria-Dasporto-Di-Ruocco-Giuseppe-112349605493050/,,nessuna-email
https://trattoriasiciliana.it/,,nessuna-email
https://dalpizzero.wordpress.com/,dalpizzero@gmail.com,statico
https://www.damario-pizzeria.it/,,nessuna-email
https://www.ristorantedavictor.it/,,nessuna-email
https://itplaces.me/da-mamma-pia-862969-it,contact@bizsite.link,statico
https://www.facebook.com/pages/Ristorante-da-Leon/1385620961679957,,nessuna-email
https://www.instagram.com/bar_ristorante_da_giulia/,,nessuna-email
https://m.facebook.com/damorrisvineriaecucina/,,nessuna-email
https://dafafa.it/,,nessuna-email
https://www.instagram.com/damichele_vigevano/,,nessuna-email
https://danilbar.shop/,contact@grubbio.com,statico
https://itplaces.me/da-pier-422083-it,contact@bizsite.link,statico
https://www.dastebistrobergamo.com/,info@dastebistro.com,statico
https://www.dastebistrobergamo.com/,utente@dominio.com,statico
http://dastefano.metro.rest/,dastefanobg@gmail.com,statico
https://ristorantedaimyo.it/,daimyobuccinasco@gmail.com,statico
https://ristorantedaimyo.it/,daimyomilano@gmail.com,statico
https://ristorantedaimyo.it/,milanofioridaimyo@gmail.com,statico
https://www.pizzadasilvia.com/,,nessuna-email
https://www.instagram.com/dapaoletto_montichiari,,nessuna-email
https://www.daspiaggiapizzeria.it/,,nessuna-email
https://www.dalusushi.it/,,nessuna-email
https://pizzadedicata.com/,info@pizzeriadedicata.it,statico
https://louisvuitton.ristorantedav.com/reservation/,davmilano@davittorio.com,statico
https://louisvuitton.ristorantedav.com/reservation/,receptionlvmilano@davittorio.com,statico
https://damanfri.it/,,irraggiungibile
https://www.facebook.com/Pizzeria-da-vinci-94-100702652485246/,,nessuna-email
https://instagram.com/pizzeria.dasporto.datano,,nessuna-email
https://www.dailariaristorante.it/,,nessuna-email
https://www.dedansbistrot.com/,ind@dedansbistrot.com,statico
https://www.dedansbistrot.com/,info@dedansbistrot.com,statico
https://www.dedansbistrot.com/,info@flatsome.com,statico
https://danonnamilano.it/,,irraggiungibile
https://ristorantedahlak.it/,,nessuna-email
https://instagram.com/daquellila,,nessuna-email
https://www.davmilano.com/,%20eventidavmilano@davittorio.com,render
https://www.davmilano.com/,davmilano@davittorio.com,render
https://www.davmilano.com/,eventidavmilano@davittorio.com,render
https://www.deabakerylab.it/,deabakerylab@pec.it,statico
https://www.deabakerylab.it/,valerio@deabakerylab.it,statico
https://www.dennyscafe-assago.it/,mario.rossi@mail.it,statico
https://www.dburgers.it/,,nessuna-email
https://www.instagram.com/daemapizzeriaitaliana,,nessuna-email
https://www.dezzopizzerianapoletana.com/,laforneriasrl@hotmail.com,statico
https://itplaces.me/de-jordano-di-giordano-monica-237045-it,contact@bizsite.link,statico
https://www.instagram.com/maestro.frychicken/,,nessuna-email
https://dereco.it/,info@dereco.it,statico
https://www.davincenza.com/,,timeout
https://www.deliziapasticceria.com/,,nessuna-email
https://www.instagram.com/darkocafegiussano/profilecard/,,nessuna-email
https://www.instagram.com/daligintoneria,,nessuna-email
http://viaggiareapois.it/2015/11/25/1000sfumaturedibrescia5-bar-pasticcerie-dove-far-colazione-a-concesio-e-dintorni/,viaggiareapois@gmail.com,statico
https://www.diningclubmonza.com/,diningclubmonza@gmail.com,statico
https://www.disiumilano.com/,simona.aliotta78@gmail.com,statico
https://www.dawali.it/,,nessuna-email
https://www.dambistro.it/,,nessuna-email
https://deliverypizzaburger.wixsite.com/deliverypizzaburger,,nessuna-email
https://www.demiselbistrot.com/,demiselbistrot@gmail.com,render
https://www.instagram.com/bar.dama,,nessuna-email
https://www.dodicivolte.com/,info@dodicivolte.it,statico
https://hypeblocstore.wixsite.com/demyan,,nessuna-email
https://www.devilkiss.it/,devilkissbrescia@gmail.com,statico
http://dolceamaro.eatbu.com/,dolceamaro.trescore.bg@gmail.com,statico
https://www.instagram.com/deliciousbaobing/,,nessuna-email
https://www.facebook.com/delospizzavittuone,,nessuna-email
https://dica.milano.it/,,nessuna-email
http://209.73.28.209/,,irraggiungibile
https://www.decimopizzabistrot.it/,,nessuna-email
https://www.ristorantedeg.it/,info@ristorantedeg.it,render
https://www.ristorantedeg.it/,press@ristorantedeg.it,render
https://dimsummilano.com/,milano@procaccini.com,statico
https://dimsummilano.com/,prenotazione@dim-sum.it,statico
https://www.instagram.com/difformecusano,,nessuna-email
https://dinner.themode.it/,contact@themode.it,statico
https://dinner.themode.it/,info@dinner.themode.it,statico
https://dinner.themode.it/,legnanoinfo@dinner.themode.it,statico
https://www.instagram.com/devastante.milano,,nessuna-email
https://www.donnippontaste.com/,hc_srl@hotmail.com,statico
https://www.facebook.com/dilenacafe,,nessuna-email
https://www.ristorantedonluis.it/,ristorante.donluis@gmail.com,statico
https://www.dolciadarte.it/,,nessuna-email
https://www.derosmilano.it/,,nessuna-email
https://www.instagram.com/dimorapizzeria,,nessuna-email
https://domosushi-milano.myrestoo.net/it/reservar,domomilanosrl@legalmail.it,statico
https://domosushi-milano.myrestoo.net/it/reservar,privacy@stripe.com,statico
https://diodona.it/,info@diodona.it,statico
https://www.facebook.com/DIVIN-PECCATO-Staff-Oasi-degli-animali-350761874969648/,,nessuna-email
https://www.dolcezzecaffe.it/,info@dolcezzecaffe.it,statico
https://www.instagram.com/diva_caffe_gussago,,nessuna-email
https://www.facebook.com/pages/Dolce-Amaro/231365430373172,,nessuna-email
https://dopolavororestaurant.shop/,dopolavororestaurant.shop@gmail.com,statico
https://m.facebook.com/dolcenerocaffe/,,nessuna-email
https://www.doncola.com/store/milano-brera/,info@doncola.com,statico
https://q-r.to/dolcevitamagenta,,nessuna-email
http://www.dooko.diytrade.com/,,nessuna-email
https://www.donpanzerotto.it/,info@donpanzerotto.it,statico
https://www.facebook.com/DolceNotteBrescia/,,nessuna-email
https://www.facebook.com/dfn2017/,,nessuna-email
https://don-peppino.com/,info@don-peppino.it,statico
https://www.dominionipasta.com/,,nessuna-email
https://www.dolcitentazionigorgonzola.it/,,nessuna-email
https://www.dontonygriglieria.com/,,nessuna-email
https://ristorantedonperu.it/,,nessuna-email
https://www.donburihouse.it/,,nessuna-email
https://www.dolcevitaristorante.it/,,nessuna-email
https://www.instagram.com/doma_valtesse,,nessuna-email
https://dopcontemporanea.com/,cozzi.niccolo@gmail.com,statico
https://www.pizzeriadonnacarmela.it/,,nessuna-email
https://www.instagram.com/donutspop2020/,,nessuna-email
https://www.douasian.com/,,nessuna-email
https://dreamcafeseriate.it/,,nessuna-email
https://tfpmarketing.my.canva.site/ristorante-due-gusti,,nessuna-email
https://www.ristoranteduechef.it/,,nessuna-email
http://www.facebook.it/gelateriacaffetteriadorellii,,nessuna-email
https://locandacrotti.it/,privacy@locandacrotti.it,statico
https://locandacrotti.it/,server@locandacrotti.it,statico
https://www.facebook.com/Dreamer-BAR-135455391684117,,nessuna-email
https://www.facebook.com/DUE-Fratelli-892008737536798/,,nessuna-email
https://www.facebook.com/dreamcafebarlafus/,,nessuna-email
https://instagram.com/duefr_atelli,,nessuna-email
https://www.doppiomalto.com/it/ristoranti/#/m/Como,,irraggiungibile
https://www.doppiomalto.com/it/ristoranti/lentate-sul-seveso/,,timeout
http://www.duomocafe.it/,info@duomocafe.it,render
https://duselagomoro.com/,,nessuna-email
https://www.duetradizioni.it/,,nessuna-email
https://locations.armani.com/restaurants-cafes-and-clubs/italy/emporio-armani-ristorante-milano,reservations.restaurants@giorgioarmani.it,render
https://locations.armani.com/restaurants-cafes-and-clubs/italy/emporio-armani-ristorante-milano,ristorante.milan@armanihotels.com,render
https://www.doppiomalto.com/it/ristoranti/brescia/,,timeout
https://www.doppiomalto.com/it/ristoranti/erba/,,timeout
https://www.doppiomalto.com/it/ristoranti/legnano/,,timeout
https://m.facebook.com/Dulcamara-caf%C3%A8-514870458560837/,,nessuna-email
https://ducesari.com/,ducesari@legalmail.it,statico
https://www.nonsolohummus.it/,info@bimbrescia.it,statico
https://www.doppiomorso.it/,,nessuna-email
https://www.doppiomalto.com/it/ristoranti/lonato-il-leone/,,timeout
https://www.doppiomalto.com/it/ristoranti/magenta/,,timeout
https://www.doppiomalto.com/it/ristoranti/milano-bicocca/,,timeout
https://www.doppiomalto.com/it/ristoranti/monza/,,timeout
https://www.doppiomalto.com/it/ristoranti/scalo-milano/,,timeout
https://www.doppiomalto.com/it/ristoranti/vigevano/,,timeout
https://flavorfulgroup.it/,,nessuna-email
https://ecletticobar.it/,info@ecletticobar.it,statico
https://www.ristorante-in.it/bistrot,,nessuna-email
https://www.facebook.com/share/1ANmPPzX8t/,,nessuna-email
http://el-barrio-bistrot-e-braceria.eatbu.com/,walterjj55@gmail.com,statico
https://elbaloss.it/,elbaloss4@gmail.com,statico
https://m.facebook.com/Duomo-67-760004354108399/,,nessuna-email
https://www.eatvolve.life/,foodheroes@eatvolve.life,render
https://www.eatvolve.life/,info@eatvolve.life,render
https://edenbarmilanofiori.weebly.com/,,nessuna-email
https://www.instagram.com/damare_fishbar,,nessuna-email
https://dueliremilano.it/,eliodalte@gmail.com,statico
https://dueliremilano.it/,info@dueliremilano.it,statico
https://www.easydrinkandfood.it/,info@easydrinkandfood.it,statico
https://www.eathappy.it/,info@eathappy.it,statico
https://www.eathappy.it/,privacy-ita@eathappy.com,statico
https://www.ecosteria.it/,info@ecosteria.it,render
https://www.ecfop.it/,carate@ecfop.it,statico
https://www.ecfop.it/,desio@ecfop.it,statico
https://www.ecfop.it/,info@ecfop.it,statico
https://www.ecfop.it/,lissone@ecfop.it,statico
https://www.ecfop.it/,milano@ecfop.it,statico
https://www.ecfop.it/,vimercate@ecfop.it,statico
http://www.elmerenderocomo.it/,elmerenderocomo@tiscali.it,statico
https://elsabordelavida.eu/,amministrazione@elsabordelavida.eu,statico
https://www.instagram.com/easy_treviglio/,,nessuna-email
https://edengreenbar.it/,,nessuna-email
https://www.instagram.com/easy_cafe_vimercate,,nessuna-email
https://www.licinsi.com/,info@licinsi.com,statico
https://bizbar.it/,info@eatmolisevaredo.com,statico
http://www.ristoranteduespade.it/,,timeout
https://elcarbon.it/,,nessuna-email
https://www.elpatiodelgaucho.com/,elpatiodelgaucho@sheraton.com,statico
https://elbarriolatinobrescia.it/,,nessuna-email
https://www.elbarrioloco.it/,,nessuna-email
https://www.instagram.com/eden_fruit2025,,nessuna-email
https://elbutighet.it/,event@boucherie.com,statico
https://eltridente.it/,davide.marcucci@pm.me,statico
https://eltridente.it/,info@eltridente.it,statico
https://www.instagram.com/eden_restaurant_trezzano/,,nessuna-email
https://instagram.com/galacticotruck,,nessuna-email
https://m.facebook.com/ELFORAJIDO97/,,nessuna-email
https://www.el-mora.it/,,nessuna-email
https://itplaces.me/egyturck-pizza-kebap-228214-it,contact@bizsite.link,statico
https://elpecabistrot.it/,filippo.cadeo77@gmail.com,statico
https://www.paolino.it/,,timeout
https://www.elgalet.it/,,nessuna-email
https://elmichelas.it/,,nessuna-email
https://www.enjoycoffeedrink.it/,info@arredamnetispazio.it,statico
https://www.enjoycoffeedrink.it/,info@printevolution.com,statico
https://www.facebook.com/RistoranteElHornero/,,nessuna-email
https://elishouse.eu/,support@webador.com,statico
https://instagram.com/elkasbah_ristorante_shisha,,nessuna-email
https://www.eltacoazul.it/,,nessuna-email
https://www.fratellirusconi.com/,info@fratellirusconi.com,statico
https://www.fratellirusconi.com/,rusconi.snc@legalmail.it,statico
https://www.emotioncafe.it/,info@emotioncafe.it,statico
https://elsabicocca.it/,pizzeriaelsa@gmail.com,render
https://elsabicocca.it/,tua.email@esempio.com,render
https://www.elmecafe.it/,,nessuna-email
https://www.facebook.com/dsumarerestaurante/,,nessuna-email
https://www.paginegialle.it/enoclubmantova,enoclubmn@gmail.com,render
https://www.la-cantinetta.net/,%20info@la-cantinetta.net,statico
https://www.la-cantinetta.net/,info@la-cantinetta.net,statico
https://lacanevaenoteca.it/,info@lacanevaenoteca.it,render
http://www.100barolo.it/,,nessuna-email
https://www.facebook.com/Emerald-Castegnato-105313838186479,,nessuna-email
https://instagram.com/cafeemblema,,nessuna-email
https://www.facebook.com/emporiomocaffe/,,nessuna-email
https://www.elporteno.it/location/milano/el-porteno-prohibido/,acquisti@dorrego.it,statico
https://www.elporteno.it/location/milano/el-porteno-prohibido/,booking@porteno.it,statico
https://www.elporteno.it/location/milano/el-porteno-prohibido/,events@dorrego.it,statico
https://www.elporteno.it/location/milano/el-porteno-prohibido/,hrspecialist@dorrego.it,statico
https://www.elporteno.it/location/milano/el-porteno-prohibido/,marketing@dorrego.it,statico
https://www.elporteno.it/location/milano/el-porteno-prohibido/,ufficiostampa@dorrego.it,statico
https://www.elencuentromilano.it/,,irraggiungibile
https://www.anticovinaio.net/,info@anticovinaio.net,statico
https://www.anticovinaio.net/,ordini@anticovinaio.net,statico
http://www.enotecaraiteri.it/info-contatti.php,paola@enotecaraiteri.it,render
https://www.deli-wine.com/,info@cioccobacco.it,statico
https://enotecadallavalle.it/,,nessuna-email
https://www.enotecaitalvini.it/,info@enotecaitalvini.it,statico
http://www.enricobartolini.net/,info@furoregrandhotel.com,statico
http://www.enricobartolini.net/,info@santuffizio.com,statico
https://www.instagram.com/enotecabartolora,,nessuna-email
https://ilmulinomonza.it/,info@ilmulinomonza.it,statico
https://www.instagram.com/enoteca_da_guido/,,nessuna-email
https://enosteriagallarate.com/,info@enosteriagallarate.com,render
https://labidule.it/,,nessuna-email
https://www.vinograd.it/,,nessuna-email
https://www.invenadivino.com/,,nessuna-email
https://lapassionedelvino.it/,lapassionedelvino@gmail.com,statico
https://lapassionedelvino.it/,lapassionedelvinoinfo@gmail.com,statico
https://lapassionedelvino.it/,lapassionelevinoinfo@gmail.com,statico
https://www.facebook.com/ERBenoteca/,,nessuna-email
http://instagram.com/enotecacentraleorzinuovi,,nessuna-email
https://www.eratocafe.it/,,nessuna-email
https://www.macchinecaffeprofessionali.it/,info@erosmilano.it,statico
https://www.macchinecaffeprofessionali.it/,privacy@erosmilano.it,statico
https://www.elsabrosito.it/,,irraggiungibile
https://www.etereorooftop.com/it/,restaurantscasabrera@marriott.com,statico
https://www.facebook.com/TERRA-VINO-412087352281292/,,nessuna-email
https://eltaller.it/,,irraggiungibile
https://barermetelaura.it/,,nessuna-email
https://extropizza.it/,element@object.kh,statico
https://www.enotecalegnani.com/,,nessuna-email
https://www.erikapizzaecucina.it/,info@erikapizzaecucina.it,statico
https://enotecasormani.it/,,nessuna-email
https://epocagrillpizza.it/,epocagrillpizza@gmail.com,statico
https://www.facebook.com/esmeraldina.soresina,,nessuna-email
https://www.enotecadaotto.it/,,irraggiungibile
https://expresssushi.carrd.co/,,nessuna-email
https://m.facebook.com/esperidibar/,,nessuna-email
https://www.fabbricapizzeriamilano.com/,fabbricapizzeriamilano@gmail.com,statico
https://www.vineriaperbacco.it/,,nessuna-email
https://extratimepub.it/,extratimepub2025@gmail.com,statico
https://extratimepub.it/,info@localweb.it,statico
https://extratimepub.it/,orjon.nallbati@onlawoffice.com,statico
https://extratimepub.it/,privacy@localweb.it,statico
https://www.fabbricadipedavenacesate.com/,fabbricadipedavenacesate@gmail.com,statico
https://www.fabbricadipedavenacesate.com/,info@fabbricadipedavenacesate.com,statico
https://www.instagram.com/bar_errevi/,,nessuna-email
https://www.facebook.com/EstivoParcoGoisis/,,nessuna-email
https://instagram.com/epiko.laveno,,nessuna-email
https://www.fafaeat.com/,,nessuna-email
https://enzopuccio.it/,,nessuna-email
https://www.instagram.com/esseburgers,,nessuna-email
https://www.fabbricadelgrano.it/,info@fabbricadelgrano.it,statico
https://www.facebook.com/Euro-Pizza-Cant%C3%B9-1589499857811888/,,nessuna-email
https://famlifestyle.it/,info@famlifestyle.it,statico
https://www.instagram.com/etnacafe_sovico/profilecard/,,nessuna-email
https://www.facebook.com/groups/277467639009144/,,nessuna-email
https://www.designeliving.it/,info@designeliving.it,render
https://www.instagram.com/estratto.brescia/,,nessuna-email
https://instagram.com/etabli_seregno,,nessuna-email
https://www.fainafarinata.it/,,nessuna-email
https://www.facebook.com/evo995,,nessuna-email
https://www.fabbricadigrill.it/,03emailinfo@fabbricadigrill.it,statico
https://www.fabbricadigrill.it/,info@fabbricadigrill.it,statico
https://www.fabbricadelgustobg.com/,fabbricadelgustobg@gmail.com,statico
https://www.farinellarestaurant.it/,brennero@farinellarestaurant.it,statico
https://www.farinellarestaurant.it/,castelguelfo_outlet@farinellarestaurant.it,statico
https://www.farinellarestaurant.it/,collab@farinellarestaurant.it,statico
https://www.farinellarestaurant.it/,eventi@farinellarestaurant.it,statico
https://www.farinellarestaurant.it/,franciacorta@casangelesi.it,statico
https://www.farinellarestaurant.it/,jobs@farinellarestaurant.it,statico
https://www.farinellarestaurant.it/,marcianise_ccampania@farinellarestaurant.it,statico
https://www.farinellarestaurant.it/,serravallebakery@farinellarestaurant.it,statico
https://www.farinellarestaurant.it/,web@farinellarestaurant.it,statico
https://farhanfastfood.it/,info@localweb.it,statico
https://farhanfastfood.it/,orjon.nallbati@onlawoffice.com,statico
https://farhanfastfood.it/,privacy@localweb.it,statico
https://farhanfastfood.it/,saleemmohamad1604@gmail.com,statico
https://fabbricainpedavenalissone.it/,,nessuna-email
http://fenicitaristorante.wixsite.com/fenicita,fenicita.ristorantelibanese@gmail.com,statico
https://fabbropaneriacafe.it/,,nessuna-email
http://www.centrocommercialeopera.com/it/negozi/10-fantasy-cafe.htm,direzione@operacentro.it,statico
http://www.centrocommercialeopera.com/it/negozi/10-fantasy-cafe.htm,info@remrealestate.it,statico
https://como.fassushi.it/,como@fassushi.it,statico
http://fabricbergamo.com/,,irraggiungibile
https://fanaripub.wixsite.com/fanaripubtradate,,nessuna-email
https://agricolabrusignone.com/,,nessuna-email
https://www.fastrestaurantmilano.it/,direzionefastrestaurant@gmail.com,statico
https://www.fastrestaurantmilano.it/,hello@tyler.com,statico
https://www.fastrestaurantmilano.it/,info@stjosephinternational.com,statico
http://www.agriturismofontanile.com/,,nessuna-email
https://www.feelings.bar/,,nessuna-email
https://www.feelcomo.com/,,nessuna-email
http://www.facebook.com/fAmepizzeria,,nessuna-email
https://www.instagram.com/ristorante_fairouz,,nessuna-email
https://www.fattoriadelcasarocologno.com/,,nessuna-email
https://www.fattobeneburger.it/,info@fattobeneburger.it,statico
https://www.ristorantefeiyunge.it/,ristorantefeiyunge@gmail.com,statico
https://www.agriturismobaracca.com/,info@agriturismobaracca.com,statico
https://fermeschiosteria.it/,fermeschiosteria@gmail.com,statico
https://fermeschiosteria.it/,info@fermeschiosteria.it,statico
https://ferpizza.it/,fer.forneriaartigiana@outlook.it,statico
https://www.feliceatestaccio.com/,%20cv@feliceatestaccio.com,statico
https://www.feliceatestaccio.com/,cv@feliceatestaccio.com,statico
https://www.feliceatestaccio.com/,gruppi@feliceatestaccio.com,statico
https://www.feliceatestaccio.com/,media@feliceatestaccio.com,statico
https://www.instagram.com/faro_vita_cucina_vino/,,nessuna-email
https://www.facebook.com/Fashion-Caf%C3%A8-100164073387165/,,nessuna-email
http://www.ficusbarbistrot.it/,info@ficusbarbistrot.it,statico
https://www.ferrarisbar.it/,,nessuna-email
https://pizzeria-builder-4.emergent.host/#home,,nessuna-email
https://www.fairouzmilano.com/,,timeout
https://www.fettepizza.it/,cucinanormaleopera@gmail.com,statico
https://www.fettepizza.it/,info@fettepizza.it,statico
https://www.feelfusion.it/,,irraggiungibile
https://ifeudimantova.it/,,nessuna-email
https://floof.it/,info@floof.it,statico
https://dept184.com/,ciao@department184.com,statico
https://festinalentebistrot.it/,info@festinalentebistrot.it,statico
https://www.ristorantepizzeriafontana.com/,ristorantepizzeriafontana@gmail.com,statico
https://www.ristorantepizzeriafontana.com/,utente@dominio.com,statico
https://www.instagram.com/fettastreet,,nessuna-email
https://fingersrestaurants.com/location/fingers-milano,,nessuna-email
https://filippofiorini.it/,,nessuna-email
https://dngfishart.wixsite.com/bollate,,nessuna-email
https://feelpartyrestaurant.it/,,timeout
https://www.fishbar.it/,amministrazione@fishbar.it,statico
https://felixnavigli.it/,,timeout
https://pizzeriafioridizucca.com/,hamadagamil100@gmail.com,statico
https://pizzeriafioridizucca.com/,info@localweb.it,statico
https://pizzeriafioridizucca.com/,orjon.nallbati@onlawoffice.com,statico
https://pizzeriafioridizucca.com/,privacy@localweb.it,statico
https://flavoursbistro.it/,rpirone.trilogy@gmail.com,render
https://www.fornoparadiso.com/,,irraggiungibile
https://www.instagram.com/fiordalibar,,nessuna-email
http://www.instagram.com/vineria_fiasco/,,nessuna-email
https://www.facebook.com/fishclubrestaurant,,nessuna-email
https://m.facebook.com/FioriaMerenda/,,nessuna-email
https://www.foodfactorygourmet.com/,foodfactorycrema@gmail.com,render
https://www.foodfactorygourmet.com/,foodfactorycremona@gmail.com,render
https://www.foodfactorygourmet.com/,foodfactorypizzighettone@gmail.com,render
https://fortemilano.com/,info@fortemilano.com,statico
https://www.flowcaffe.it/,,nessuna-email
https://www.justeat.it/restaurants-food-truck-da-benji-lomazzo/menu,,nessuna-email
https://www.fishanddrink.it/,,nessuna-email
https://www.fishfusionbistrot.it/,,nessuna-email
https://www.freshramen.it/,info@freshramen.it,statico
https://focacceriegiobatta.it/,,nessuna-email
https://fonda56.com/,,nessuna-email
https://www.instagram.com/focaccerialiguremilanobicocca,,nessuna-email
https://irishpubfivestar.it/,,timeout
https://www.instagram.com/focacceria_taste,,nessuna-email
https://www.fratellilabufala.eu/,simonedigiulioc@gmail.com,statico
https://www.instagram.com/flowerbistrot_seregno/,,nessuna-email
https://www.instagram.com/foodwine_pizzeria,,nessuna-email
http://www.frulleriacafe.it/home.asp,frulleria@gmail.com,statico
https://gusto-formato.emergent.host/,,nessuna-email
https://frankiesitalia.it/,giuseppedelorenzo@frankiesmilano.it,render
https://frankiesitalia.it/,joaosalina@frankiesmilano.it,render
https://frankiesitalia.it/,martynawalczak@frankiesmilano.it,render
https://www.frogcafe.it/,asporto@frogcafe.it,statico
https://www.frogcafe.it/,info@frogcafe.it,statico
https://www.bottegacremonese.it/,,nessuna-email
https://www.pizzeria-forlanini.it/,,nessuna-email
https://www.ristorantefoppa16.it/,,nessuna-email
https://www.frescolocandabrescia.it/,e-mailinfo@frescobrescia.it,statico
https://www.frescolocandabrescia.it/,freschissimosrl18@pec.it,statico
https://www.frescolocandabrescia.it/,info@frescobrescia.it,statico
https://www.ristorantefortaleza.com/,,nessuna-email
https://forestmonza.it/,,nessuna-email
http://www.ristorantefuji.it/,info@menuallacarta.online,statico
https://www.instagram.com/forlifebar/,,nessuna-email
https://www.facebook.com/forneriabellini/,,nessuna-email
https://www.foundvigevano.com/,,nessuna-email
http://www.pizzart-fm.com/,,nessuna-email
https://foundcastellanza.com/,,nessuna-email
https://www.facebook.com/Four-Roses-Pub-1181283291891950/,,nessuna-email
https://m.facebook.com/pages/Panificio-Frigerio/2388565834516929,,timeout
https://www.fujiyamasushi.it/,fujiyamamilano1@gmail.com,statico
https://www.fujiyamasushi.it/,info@fujiyamasushi.it,statico
https://www.fujiyamahot.it/,fujiyamahot2021@gmail.com,statico
https://www.freshbar.it/,,nessuna-email
https://www.funiviedellagomaggiore.it/,biglietteria@funiviedellagomaggiore.it,render
https://www.funiviedellagomaggiore.it/,info@sassodelferro.com,render
https://www.instagram.com/dafrankypizza,,nessuna-email
https://fumoebrace.it/,info@fumoebrace.it,render
https://m.facebook.com/FreeSpiritClub.it/,,nessuna-email
https://www.frescocimmino.it/,,timeout
https://www.friccicohostariaromana.it/,,irraggiungibile
https://www.instagram.com/pizza_friends01_brugherio/profilecard/,,timeout
https://fumomilano.com/,,nessuna-email
https://www.fujijapaneserestaurant.it/,,nessuna-email
https://gamilapanini.it/,safaberk334@gmail.com,statico
http://www.gudmilano.com/gud-city-life.asp,citylife@gudmilano.com,statico
http://www.gudmilano.com/gud-city-life.asp,famasrlmilano@pec.it,statico
http://www.gudmilano.com/gud-city-life.asp,info@gudmilano.com,statico
https://www.gambarinaalta.com/,gambarinalta@libero.it,statico
https://www.futtitinnibistrot.com/,info@futtitinnibistrot.com,statico
https://www.fuorilodi.com/,,nessuna-email
https://www.fuoridipizza.it/,,nessuna-email
http://www.funiculifunicula.it/,,nessuna-email
https://www.fuorimodena.com/,,nessuna-email
https://www.fusionrestaurant.it/,info@fusionrestaurant.it,render
https://www.facebook.com/Fuori-DI-Pizza-190556067744368/,,nessuna-email
https://www.fuoriportapub.it/,,nessuna-email
https://www.fuorimanovigevano.it/,,nessuna-email
https://gastronomiadagiuliano.it/,info@gastronomiadagiuliano.it,render
https://www.facebook.com/Caf%C3%A9-Fuori-Orario-875613065832446/,,timeout
https://www.galliziolipasticceria.com/molinetto-di-mazzano/,info@galliziolipasticceria.it,render
https://www.instagram.com/fuoriorario_muggio/,,timeout
https://www.fuorifusto.com/,,timeout
https://www.fuoriondaristorante.com/,,timeout
https://www.danielepiazzola.com/design/retail/games-cafe-10/,,nessuna-email
https://www.gastronomiacharly.com/,charlyandrea@libero.it,statico
https://www.galaxygrill.it/,,nessuna-email
https://www.porteri.it/,,timeout
https://www.instagram.com/furutuki_luino,,timeout
https://it-it.facebook.com/Pizzeria-Ristorante-GALLO-ROSSO-419980131458235/,,timeout
https://gastrolecco.it/,,nessuna-email
https://www.facebook.com/gallotakeaway,,timeout
https://www.instagram.com/galpabeach/,,timeout
https://gelateriahope.eatbu.com/,gelateriahopeivan@gmail.com,statico
https://www.gaodynasty.it/,mozzate@gaodynasty.it,statico
https://gambadelegn-castanoprimo.it/,,timeout
https://cyberiainformatica.com/gardaristo&pizza/,server@cyberiainformatica.com,render
https://www.ristorantegauguintrezzano.it/,gauguin.trezzano@gmail.com,statico
https://itplaces.me/gasoline-cafe-sta-pizza-642552-it,contact@bizsite.link,statico
https://www.facebook.com/Garden-Ristorante-Legnano-100623295134236/,,nessuna-email
https://www.gattopardotre.it/,gattopardorho@gmail.com,render
http://www.facebook.com/GASOMETROpub,,nessuna-email
https://gelateria-sottozero.com/desio/migliore-pasticceria-gelateria-desio.html,info@gelateria-sottozero.com,render
https://www.gastronomie-vittoni.it/,,nessuna-email
https://www.majaetas.it/,info@majaetas.it,render
https://www.gelateriacopacabana.com/,info@gelateriacopacabana.com,statico
https://www.gelateriabahia.it/,info@gelateriabahia.it,statico
https://www.gelateriadamanuegigi.com/,gelateriatosseghini@legalmail.it,statico
https://www.gelateriadamanuegigi.com/,info@gelateriadamanuegigi.com,statico
https://gattobiancorooms42.it/,prenotazionirooms42@gattobianco.com,render
https://instagram.com/gate110_,,nessuna-email
https://www.gatsbymagenta.it/,,nessuna-email
https://it-it.facebook.com/Gelateria-La-Dolce-Vita-565066833514612/,,nessuna-email
https://www.bargelateriaemandi.it/,bargelateriaemandi@gmail.com,statico
http://www.gelateriadanesi.it/#/,,timeout
http://facebook.com/gelateriacapolinea/,,timeout
https://instagram.com/capriccio.gelateria,,timeout
https://www.gelateriaimbarcadero.com/,,timeout
https://www.gelateria-cuore.it/,,timeout
https://itplaces.me/gelateria-favalli-945633-it,,timeout
https://www.facebook.com/gelaterialatteriaferrighetto/,,timeout
https://www.facebook.com/GelateriaGaribaldiCasalmaggiore,,timeout
https://www.ilovegelatiamo.it/,,timeout
https://it-it.facebook.com/Gelateria-Gioia-1709642982671030/,,timeout
https://it-it.facebook.com/pages/category/Ice-Cream-Shop/Gelateria-IL-Ranocchio-145866899411961/,,timeout
https://www.gelateriainfinito.com/,,timeout
https://www.facebook.com/gelaterialafonte,,timeout
https://facebook.com/gelaterialavolta/,,timeout
https://www.facebook.com/LapecoraneraMompiano/,,timeout
http://www.facebook.com/GelateriaLatteCacao,,timeout
https://www.instagram.com/lollipoptirano,,timeout
https://www.facebook.com/gelateriamastrolampone,,timeout
https://it-it.facebook.com/matericagelato/,,timeout
http://www.gelateriamelaverde.it/,,timeout
https://gelateriacostantin.it/,,timeout
https://m.facebook.com/pages/Gelateria-Briz/114642018614875,,timeout
https://www.facebook.com/Dolce-Vita-Opera-117601894272246/,,timeout
https://gelateriaduetto.it/,,timeout
https://www.instagram.com/gelateriaestate,,timeout
https://www.gelaterialanuovacascina.com/,,timeout
https://www.facebook.com/GelateriaArtigianaleLaVoltaBuona/,,timeout
https://instagram.com/gelateria_ai_portici,,timeout
https://www.instagram.com/gelateriaottavosenso,,timeout
https://www.gennarorapido.it/,gennarorapidopizzeria@gmail.com,statico
https://www.gigipizzainduno.it/,info@gigipizzainduno.it,render
https://linktr.ee/gelateriatradizionale,online@www.aaa.com,render
https://linktr.ee/gelateriatradizionale,only@savagex.com,render
https://linktr.ee/gelateriatradizionale,only@www.gobble.com,render
https://www.giardiniviadana.it/,info@giardini.it,statico
https://www.gigi-gastronomia.it/,,nessuna-email
https://gioia-caffe.eatbu.com/,lamiky873@gmail.com,statico
https://www.gelateriawhitelady.it/,info@gelateriawhitelady.it,statico
https://www.gherim.it/,info@gherim.it,statico
https://georgelobster.it/,,nessuna-email
https://www.ceraunavoltagelato.it/,,nessuna-email
https://www.facebook.com/Gelateria-Peccati-di-Gola-230917777263403/,,nessuna-email
https://www.instagram.com/gelateriapirotta_/,,nessuna-email
https://m.facebook.com/pages/category/Ice-Cream-Shop/Gelateria-Il-Ranocchio-Melzo-207999582674743/,,nessuna-email
https://www.facebook.com/Gelateria-VOGLIA-DI-GELATO-110007845688370/,,nessuna-email
http://www.gelateriasolstizio.it/,,nessuna-email
https://www.facebook.com/Dolcidea-Gelateria-Pasticceria-Caffetteria-252022211645034/,,nessuna-email
https://instagram.com/genesi_cafe,,nessuna-email
https://www.instagram.com/ghidosbar/,,nessuna-email
https://www.facebook.com/pages/Pierrot/158288944192870,,nessuna-email
https://www.instagram.com/thepizzagoat93,,nessuna-email
https://m.facebook.com/pages/Giardino-Doriente-Di-Lin-Xiuxue/147895138586228,,nessuna-email
http://giny-bollate.it/,,nessuna-email
https://www.genkisushiboutique.it/,,nessuna-email
https://www.gianninoristorante.it/,,nessuna-email
https://www.ristorantepescheria.com/delivery-domicilio-golden-sushi,f285569014@gmail.com,render
http://www.gelateriabrina.it/,,nessuna-email
https://www.gipsy.fun/,,nessuna-email
http://www.osteriadelgelato.com/,,irraggiungibile
https://www.bargiuliani.it/,,nessuna-email
https://www.ginzasushimilano.it/,,nessuna-email
https://www.glasscube.it/,info@glasscube.it,render
https://www.gohanasianrestaurant.it/,info@gohanasianrestaurant.it,statico
https://www.instagram.com/giopazzobar,,nessuna-email
https://www.facebook.com/pages/Bar-Giugio/117569165020100,,nessuna-email
https://goraikoizakaya.it/,utente@dominio.com,statico
https://ristorantepizzeriagverdi.it/,ristorantep.g.verdi@gmail.com,statico
https://www.gelateriamia.net/,,irraggiungibile
https://www.instagram.com/goldplus_brescia/,,nessuna-email
https://www.funtanin.com/funtanin-giardino-funtanin/,,irraggiungibile
https://bitlocal.it/pizzeriadagerry/,,irraggiungibile
https://www.gothaexperience.it/,assistenza@webador.it,statico
https://www.gothaexperience.it/,new.corpsrl@gmail.com,statico
https://www.golfhotelmilano.com/,,nessuna-email
https://www.gramsciandco.com/,bar.gramsci.bollate@gmail.com,render
https://www.instagram.com/goodfood.concept,,nessuna-email
https://www.instagram.com/gotico_treviglio,,nessuna-email
https://www.mygodo.com/,chiaroscuro-srl@pec.it,statico
https://www.mygodo.com/,supporto@mygodo.com,statico
https://www.mygodo.com/,supporto@mygodo.it,statico
https://www.govindamilano.it/,govinda.hk.milano@gmail.com,statico
https://www.facebook.com/Gourmall/,,nessuna-email
https://www.gohanrestaurant.it/,gohansas@yahoo.com,statico
https://www.gohanrestaurant.it/,info@gohanrestaurant.it,statico
https://www.facebook.com/GranCaffeMaugeri/timeline,grancaffemaugeri@libero.it,render
https://www.gelatisneakers.com/,,timeout
https://www.giardinortica10.it/,,timeout
https://www.sorbillo.it/,,timeout
https://www.gipepizza.it/,,irraggiungibile
https://www.goodsenago.it/,info@goodrestaurantdrinks.it,statico
https://www.graninbottega.it/,contact@envato.com,statico
https://www.graninbottega.it/,grani.inbottega@gmail.com,statico
http://m.facebook.com/martydero7,,nessuna-email
https://www.grangala-milano.com/,,nessuna-email
https://www.facebook.com/granpiadalume/,,nessuna-email
https://www.grottaazzurramerate.it/,info@grottaazzurramerate.it,statico
https://www.grappomagno.it/,info@grappomagno.it,statico
https://glamourcaferestaurant.it/,glamourcafe9@gmail.com,statico
https://glamourcaferestaurant.it/,info@localweb.it,statico
https://glamourcaferestaurant.it/,orjon.nallbati@onlawoffice.com,statico
https://glamourcaferestaurant.it/,privacy@localweb.it,statico
http://www.goodvibesbar.it/,,nessuna-email
https://www.green-poke-grill.com/,greencassano@gmail.com,render
https://greencocktailhouse.my.canva.site/menu-web,,nessuna-email
https://www.ilgrilloparlanteorzinuovi.it/,,nessuna-email
https://www.trattoriagustodaroma.com/,gustodaroma@gmail.com,statico
http://www.grillinnstore.it/,grillinnstore@ab-food.it,statico
http://greekkeria.plateform.app/,server@greekkeria.plateform.app,statico
https://gravitafoodlab.it/,,nessuna-email
https://www.instagram.com/greenandgrey.gelateria/,,nessuna-email
https://www.glamourcafe.it/,,irraggiungibile
https://www.goatbistrot.it/,,irraggiungibile
https://www.glumepizzeria.it/,,irraggiungibile
https://www.goldencoffeekitchen.it/,,irraggiungibile
https://www.gravitylounge.it/,,nessuna-email
http://www.granfornozanaletti.it/,,irraggiungibile
https://www.gosdrinkwine.it/,,irraggiungibile
https://www.goss-grill-burgerarcore.it/,,irraggiungibile
https://gustoofficial.it/,,nessuna-email
https://www.gusto-food.eu/,,nessuna-email
https://www.pizzeriagrazieitalia-milano.it/,,nessuna-email
https://www.facebook.com/gusport.gussago/,,nessuna-email
https://www.facebook.com/GrilloVerdeMottaVisconti,,nessuna-email
https://www.instagram.com/gusto_italiantaste,,nessuna-email
https://www.greenpubrho.it/,info@greenpubrho.it,statico
http://www.sportolistico.it/,,irraggiungibile
https://www.gourmetpesce.it/,,irraggiungibile
https://corsostradanuova.com/,corsostradanuova@gmail.com,render
https://corsostradanuova.com/,notifications@surecart.com,render
https://www.grappolieluppoli.it/,,irraggiungibile
https://www.hallpub.it/,,nessuna-email
https://hambugheriagoldpizzeria.it/,,nessuna-email
https://www.hakicrema.com/,,nessuna-email
https://www.granaiomonza.it/,,timeout
https://hakkarestaurant.it/,,nessuna-email
https://www.granaioduomo.it/,,timeout
https://granoeoro.com/,,timeout
https://www.algrappolodoro.com/,,timeout
https://grillofuocoemateria.it/,,irraggiungibile
https://m.facebook.com/pages/Gyrosteria-da-Yorgo/119949808082117,,nessuna-email
https://www.greektaverna.it/,greeek.taverna@gmail.com,render
https://ristorantegustando.it/,,irraggiungibile
https://www.ristorantehanami.it/,info@ninjamailtrap.com,statico
https://www.haikky.com/sushinoodle-bar,,nessuna-email
https://www.facebook.com/Caffettiamo-bar-desio-912863432136676,,nessuna-email
https://www.instagram.com/ristorante.haldi,,nessuna-email
https://www.ristorantehayashi.it/,hayashi2srl@gmail.com,statico
https://www.hanedanitalia.com/,hanedan.ita@gmail.com,render
https://kansaisushiasianic.wixsite.com/my-site/men%C3%B9,,nessuna-email
https://www.hayami-milano.it/,,nessuna-email
https://www.happyeasy.it/,happyeasy@outlook.it,statico
https://www.hemingwaylecco.it/,,nessuna-email
https://www.helloconcept.it/,assistenza@webador.it,statico
https://www.helloconcept.it/,hellocorbetta@gmail.com,statico
https://www.helloconcept.it/,info@helloconcept.it,statico
https://www.honeybadgerpub.it/,,nessuna-email
https://www.facebook.com/Happy-Ola-884821911588468/,,nessuna-email
https://homusushimilano.wixsite.com/homu-sushi,,nessuna-email
https://instagram.com/happy_pizza_cantu,,nessuna-email
http://host.unbelposto.it/,host@unbelposto.it,statico
https://www.haikurestaurant.it/,,irraggiungibile
https://www.yahabibi.it/,,irraggiungibile
https://www.ristobiopollicino.it/,,irraggiungibile
https://www.hanamipogliano.com/,,irraggiungibile
https://www.hamberytreviglio.it/,,irraggiungibile
https://www.hanarestaurant.it/,,irraggiungibile
https://www.facebook.com/Ellas.Rosticceria.Greca/,,nessuna-email
https://www.hostariaterzacarbonaia.it/,laterzacarbonaiareservations@gmail.com,statico
http://www.hkcrossover.it/,,nessuna-email
https://wa.me/message/ZYERJJ6VTG2NG1,,nessuna-email
https://www.facebook.com/hellosushisondrio/,,nessuna-email
https://www.hosteriabrescia.com/,hosteria.brescia@gmail.com,statico
https://www.ristorantehappymoments.net/,happymoments.sas@tiscali.it,render
https://www.honore.it/,,nessuna-email
https://honore.it/honore-desenzano/,,nessuna-email
https://www.facebook.com/hopduvelmilano/,,nessuna-email
https://honysushirestaurant.com/,,nessuna-email
https://www.hotelbergamina.it/,hotelbergamina@gmail.com,render
https://www.hostarialacosta.it/,info@hostarialacosta.it,statico
https://instagram.com/_hosteriaaria_,,nessuna-email
https://www.harurestaurant.it/,,irraggiungibile
https://hotelindustria.com/ristorante,info@hotelindustria.com,statico
https://www.hedonevimodrone.it/,,irraggiungibile
https://www.majestichouse.it/,info@majestichouse.it,statico
http://www.ristorantehongkong.eu/,,irraggiungibile
https://hostariailcupolone.it/,,nessuna-email
https://www.ristorantehazama.com/,,irraggiungibile
http://www.lavelabs.it/,info@hotelindustria.com,statico
https://www.facebook.com/share/1BdiEBGSsy/,,nessuna-email
https://www.facebook.com/Hosteria-Girasole-377431966221074/,,nessuna-email
https://www.hostariadelteatro.it/,,nessuna-email
https://hosteriasauris.it/,,nessuna-email
https://www.hostarialacarbonara.com/,,nessuna-email
https://hotroad50sdiner.it/,,nessuna-email
https://www.5campanili.com/,ristorante5campanili@gmail.com,statico
https://hostariamediterraneum.com/,info@hostariamediterraneum.com,render
https://barbergamo.it/,info@hortus88.it,statico
http://www.hotel3re.it/,info@hotel3re.it,statico
http://www.hotelsantabarbara.it/,santabarbarahotel@duetorrihotels.com,statico
https://instagram.com/huacheng_milano,,nessuna-email
https://www.trattoriailleone.it/,,nessuna-email
https://hotel-bar-giambellino.migliorhotel.top/,,nessuna-email
https://www.locandaprimavera.it/,info@locandaprimavera.it,render
http://www.hostariaviola.com/,,irraggiungibile
https://www.hennesimo.com/,,irraggiungibile
https://www.laurafoodandmood.com/,,irraggiungibile
https://www.igelsigallarate.it/,,nessuna-email
https://linktr.ee/iloftbistro,online@www.aaa.com,statico
https://linktr.ee/iloftbistro,only@savagex.com,statico
https://linktr.ee/iloftbistro,only@www.gobble.com,statico
https://instagram.com/i_cubetti_milano,,nessuna-email
https://alvolo.app/irp31b003361,,nessuna-email
https://instagram.com/icomparidipioltello,,nessuna-email
https://www.hubspamilano.it/,info@hubspamilano.it,render
https://www.instagram.com/iprofessori_dellapizza/,,nessuna-email
https://hotel-ristorante-castello.migliorhotel.top/,,nessuna-email
https://www.ristorantetredidenari.it/,beppinopio@gmail.com,statico
https://hubgaribaldi.it/,contatti@hubgaribaldi.it,render
https://www.inostrani.com/,,nessuna-email
https://www.hostariadelgolfo.com/,,irraggiungibile
https://www.ipoetidelgusto.net/,info@ipoetidelgusto.it,render
https://www.itestardi.net/,contatto@esempio.it,statico
https://www.itestardi.net/,itestardi.lab@gmail.com,statico
https://www.itestardi.net/,itestardi2.0@gmail.com,statico
https://www.xn--iperuvi-fwa.com/,,nessuna-email
http://www.hotel-trieste.com/,,irraggiungibile
https://www.facebook.com/segretidelcaffe/,,nessuna-email
https://eniospitaletto.it/,,nessuna-email
https://giorgiapedranzini.wixsite.com/ilbardimorbegno,pedrapim@tiscali.it,render
https://instagram.com/piccolofornocaffetteria,,nessuna-email
https://www.ilbinario69rho.it/,kleosiasrl@gmail.com,render
https://www.ilbarbarossa.it/,info@ilbarbarossa.it,statico
http://ilbotteghino.weebly.com/,ilbotteghinoo@libero.it,statico
https://www.vitasalo.it/,hotel@vitasalo.it,statico
https://instagram.com/_ika.caffe_,,nessuna-email
https://www.instagram.com/istanbulkebabpizzasuzzara,,nessuna-email
https://hoopsbeer.com/,,timeout
https://www.ilbistrodiloryeluca.it/,info@ilbistrodiloryeluca.it,statico
https://www.hoteldianadarfoboarioterme.com/,,irraggiungibile
https://www.ristoranteiki.com/,,nessuna-email
http://www.torrefazione.eatbu.com/,,irraggiungibile
https://www.facebook.com/Idnal-Pizza-Kebab-dasporto-612639785506951/,,nessuna-email
https://ihgustomilanolorenteggio.it/,,nessuna-email
https://www.instagram.com/ilbardeigermani,,nessuna-email
https://www.instagram.com/ilbaretto1982,,nessuna-email
https://www.ilbuonodellapizza.it/,ilbuonodellapizza@gmail.com,render
https://instagram.com/ilbistrotdellaconti,,nessuna-email
https://www.ilcantino.it/,info@ilcantino.it,statico
https://www.sancarlohotel.net/,,irraggiungibile
https://m.facebook.com/ilBarettodelMercato/,,nessuna-email
https://www.facebook.com/Il-Brigantino-1499511773597224/,,nessuna-email
https://instagram.com/ulcaminett,,nessuna-email
https://il-cantinon-della-divizia.eatbu.com/,giorgio.cavalli1985@gmail.com,render
http://www.ilbuongustaioditrezzo.altervista.org/index.html,,nessuna-email
https://m.facebook.com/Irish-Pub-Il-Broletto-125066770886181/,,nessuna-email
https://www.facebook.com/Ilbucodellasignora/,,nessuna-email
https://www.instagram.com/ilcaffettino.limbiate/,,nessuna-email
https://hubgoodfood.it/,,irraggiungibile
https://www.hyggecorner.com/,,irraggiungibile
https://pizzeriadaasporto.wixsite.com/pizzeriailcapriccio,,nessuna-email
https://www.daibaldi.it/,,irraggiungibile
https://ilcafetero.it/,info@ilcafetero.it,render
https://www.ibracieri.com/,,irraggiungibile
https://www.ilcantucciodifelipe.it/,ilcantucciodifelipe@libero.it,render
https://www.facebook.com/pages/category/Cocktail-Bar/Il-Caff%C3%A8-della-Piazza-1327017290712776/,,nessuna-email
https://imarinaidinapoli.it/,,irraggiungibile
https://www.ilcortiledeisapori.com/,info@ilcortiledeisapori.com,statico
https://www.facebook.com/Il-caff%C3%A8-delle-pine-868673269839811/about,,nessuna-email
https://www.ristoranteildiamante.it/,ildiamanteristorante@gmail.com,statico
https://ilduettobustoarsizio.it/,ilduettobustoarsizio@gmail.com,statico
https://ristoranteilciliegino.com/,,nessuna-email
https://www.ristoranteildesco.com/,pierluigisignori@gmail.com,statico
https://ilcavalierepizzeriaconcucina.it/,,nessuna-email
http://parcocampodeifiori.it/,,irraggiungibile
https://www.instagram.com/ilchioschettocalabrese,,nessuna-email
http://www.il-ciocco.it/,,nessuna-email
https://www.pizzeriamanuno.it/,,irraggiungibile
https://ilfarcito.shop/,ilfarcito.shop@gmail.com,statico
https://www.ilcorrieredellapizza.com/,,nessuna-email
https://www.instagram.com/meta.bistrot,,nessuna-email
https://www.facebook.com/Cavatappi.muzzareewine/,,nessuna-email
https://www.i-ricevimenti.it/,,irraggiungibile
https://www.instagram.com/il_circolo_di_tornavento/,,nessuna-email
https://www.pizzeriaildollaro.it/,,nessuna-email
https://www.taglieridelre.it/,,irraggiungibile
https://circolobogno.it/,,nessuna-email
http://www.ilfornodimariotresoldi.it/,server@www.ilfornodimariotresoldi.it,statico
https://ilsitodilorenzo.com/,,nessuna-email
https://ilgalloparabiago.com/,info@ilgalloparabiago.com,render
https://www.ilgattoelavolpemelzo.com/,ilgattoelavolpemelzo@gmail.com,render
https://ilcastelloeventi.com/bistro-del-castello/,,irraggiungibile
http://ieuubarbistrotevent.it/,,timeout
https://www.facebook.com/Il-Fabbrikone-ex-Gekocafe-222052938441/,,nessuna-email
https://www.instagram.com/ilfaro.lounge/,,nessuna-email
https://www.ilcamioncinodelgelato.it/,,irraggiungibile
https://www.ilgiardinettobergamo.com/,andrade.sole@hotmail.it,statico
https://ristoranteilgaribaldi.com/,info.ristoranteilgaribaldi@gmail.com,render
https://www.facebook.com/Il-Focacciaro-Melegnano-500377183411865/,,nessuna-email
https://www.facebook.com/pages/category/Pizza-Place/Trattoria-Pizzeria-IL-FARO-1456221801286901/,,nessuna-email
https://www.facebook.com/pages/Il-Feudo-dei-Sapori/122230971185163,,nessuna-email
https://www.facebook.com/Ilfornaiodilomazzo/,,nessuna-email
https://www.ilcaminoinnocenti.it/,,irraggiungibile
https://www.ilgelatieremorbegno.it/,,nessuna-email
https://cantinoneabbiategrasso.it/,,irraggiungibile
https://ilcasottino.it/,,irraggiungibile
https://griglieriailgiuggiolo.it/,grimari@tiscali.it,render
https://www.instagram.com/ilgelatogiusto,,nessuna-email
https://www.pizzeriagattopardo.it/,info@pizzeriagattopardo.it,render
https://ildesideriotrattoriaepizzeria.it/,,nessuna-email
https://www.facebook.com/ilgelatotralenuvole/,,nessuna-email
https://ilghiottone2.it/,,nessuna-email
https://ilfornodeisapori.it/,ilfornodeisapori@libero.it,statico
https://instagram.com/illaboratorio_delgelato,,nessuna-email
https://www.facebook.com/Store-Opportunity-Il-Guscio-Center-171957979630092/,,nessuna-email
https://ilmoro3.com/,assistenza@webador.it,statico
https://www.ilgiardinodelcustode.com/,ilgiardinodelcustode@gmail.com,render
https://www.ilgiardinodelcustode.com/,mailto.%20ilgiardinodelcustode@gmail.com,render
https://ilmagodellapizza-cantu.it/,,nessuna-email
https://ilcortiledigabry.it/,,irraggiungibile
https://www.il-liberty.it/,info@il-liberty.it,statico
https://il-covo.com/,,irraggiungibile
https://www.instagram.com/ilmomento_restaurantcafe/,,nessuna-email
https://www.facebook.com/ilmodernista/,,nessuna-email
https://www.ilmarrossoristorante.com/,info@ilmarrosso.com,render
https://www.ristoranteilfalco332.it/,,irraggiungibile
https://www.ilmolomilano.it/,,nessuna-email
http://allyoucanthink.it/ghiottone,,nessuna-email
https://www.ristoranteilmarchesedelgrillo.it/,,nessuna-email
https://il-pane20.metro.bar/,ilpane2.0paullo@gmail.com,render
https://ilpaccheroduepuntozero.it/,,nessuna-email
https://ristoranteilgambero.it/,,irraggiungibile
https://il-pescaluna.eatbu.com/,matteodiprima@me.com,render
https://www.ilfornaiodiradice.it/,,irraggiungibile
https://www.colombofratelli.it/,,irraggiungibile
https://instagram.com/ilnuovocaffemazzini,,nessuna-email
https://www.ristoranteilnapoleone.it/,,nessuna-email
https://pasharisto.com/pasha-ristorante-pizzeria-fino-mornasco/,,nessuna-email
https://www.ilgermogliomerate.it/,,irraggiungibile
https://ilpiccolocuocopizzeriaaltrancio.it/,,nessuna-email
https://itplaces.me/il-mare-2-579892-it,contact@bizsite.link,statico
https://ilmurettogavirate.it/,info@ilmurettogavirate.it,render
https://www.facebook.com/Peperoncinocasalpusterlengo/,,nessuna-email
https://fusionrestaurantilnuovosecolo.it/,,nessuna-email
https://il-pioppeto.eatbu.com/,,nessuna-email
https://www.ilgiardinodeisegreti.it/,,irraggiungibile
https://circolomariano.it/,circoloosteriamariano@gmail.com,statico
https://m.facebook.com/pages/category/Bar/Il-piccolo-bar-di-Enzo-236896156670866/,,nessuna-email
http://www.ristorante-ilmolo.com/,,irraggiungibile
https://www.lombardaristorazione.it/,lombarda.ristorazione@pec.it,statico
https://www.ilmoscardinoinnamorato.it/,info@ilmoscardinoinnamorato.it,render
https://ilmenudelrondo.weebly.com/,osteriailrondo@gmail.com,statico
https://www.ilpostodesenzano.com/,,nessuna-email
https://ristorantegolfodimondello.it/,,irraggiungibile
https://www.ristoranteilgrissino.it/,,irraggiungibile
https://www.ilpizzorante.it/,,nessuna-email
https://www.facebook.com/Ilpizzificio-110823754083344/,,nessuna-email
https://www.ilmansio.net/,,irraggiungibile
https://ilpuntogiusto.com/,,nessuna-email
https://ilmarchese.it/,,irraggiungibile
https://m.facebook.com/pages/Il-Portico/104013819712510,,nessuna-email
https://iltempioglutenfreeshop.com/,iltempioglutenfree@gmail.com,statico
https://iltempioglutenfreeshop.com/,iltempioglutenfreesrl@pec.it,statico
https://www.ilmororistorante.it/,,irraggiungibile
https://www.ilsalumaiodimontenapoleone.it/,info@ilsalumaiodimontenapoleone.it,statico
https://www.ilsalumaiodimontenapoleone.it/,salumaio.eventi@gmail.com,statico
https://www.ilvecchiocotonificio.it/,info@ilvecchiocotonificio.it,statico
https://itplaces.me/il-mediterraneo-717779-it,,nessuna-email
https://ilsorpassowinebar.com/,,nessuna-email
https://ilporticone.it/,info.ilporticone@gmail.com,statico
https://ilporticone.it/,info@website.com,statico
https://iltortellinodoro.com/,tortellinodoro183@gmail.com,statico
https://www.facebook.com/Il-Quadrifoglio-635190816830492/,,nessuna-email
https://www.impastix.com/,info@impastix.com,statico
http://www.facebook.com/puntopizzagussago2,,nessuna-email
https://www.facebook.com/IlRegnoDellaPizzaRho/,,nessuna-email
https://www.facebook.com/oratoriocarpenedolo/,,nessuna-email
https://www.ilmorosoulfood.it/,,irraggiungibile
https://www.facebook.com/ilristangolo/,,nessuna-email
https://imbarcaderopv.com/,ciao@esempio.com,statico
https://www.inouttradate.it/,inandout072020@gmail.com,statico
https://m.facebook.com/ristorantedimelegnano/,,nessuna-email
https://www.immorale.org/,primahengkiki@gmail.com,statico
https://linktr.ee/in_piadineria,online@www.aaa.com,statico
https://linktr.ee/in_piadineria,only@savagex.com,statico
https://linktr.ee/in_piadineria,only@www.gobble.com,statico
https://www.ilpescatoreristorantedipesce.it/,,irraggiungibile
https://www.ilpizzaioloitaly.com/,,irraggiungibile
https://inarisushicantu.it/,,nessuna-email
https://www.instagram.com/imbarcaderolecco,,nessuna-email
https://ilvicolinodelpaninaio.it/,,nessuna-email
https://www.instagram.com/ilcaffedellapeppina25,,nessuna-email
https://infinity.metro.biz/,m.karakutukk@gmail.com,statico
https://www.ristoranteilprimo.it/,,irraggiungibile
https://www.puntodincontro.org/contatti.htm,,irraggiungibile
https://www.ilricciodimare.com/,,irraggiungibile
https://infinitypizzanostop1.com/,,nessuna-email
https://www.alpostogiusto.net/,info@alpostogiusto.net,render
https://www.ishifusion.it/,info@ishifusion.it,statico
https://www.intothewoods.it/,info@intothewoods.it,statico
https://www.intothewoods.it/,utente@dominio.com,statico
http://www.irishpubsaronno.weebly.com/,irishpubsaronno@gmail.com,statico
http://www.irishpubsaronno.weebly.com/,www.irishpubsaronno.comirishpubsaronno@gmail.com,statico
https://www.instantlecco.it/,instant.lecco@gmail.com,statico
https://www.instagram.com/la_bottega_caffe_and_more/,,nessuna-email
https://www.imperodelcaffe.it/,,nessuna-email
https://www.ilritrovoduepuntozero.it/,,irraggiungibile
https://www.facebook.com/share/1AexEcCDUg/,,nessuna-email
https://www.ilsantobevitoremilano.it/,,irraggiungibile
https://www.instagram.com/_industrial.cafe_,,nessuna-email
https://www.invitopiu.com/,,nessuna-email
https://ilpoveropiatto.it/,,timeout
https://www.istanbulkebappizza.com/,ladre_lerem@hotmail.com,statico
https://www.facebook.com/pages/category/Pizza-Place/Industrial-14-651016532024563/,,nessuna-email
https://www.infinitoclubmilano.com/,,nessuna-email
https://istanbulkebap.shop/,localoria.com@gmail.com,statico
https://www.istanbulturkishkebapclusone.it/,seffood2025@gmail.com,statico
https://iltranciorosso.it/,,nessuna-email
https://iltempiodelcannolo.it/,,irraggiungibile
https://istanbulkebaplissone.it/,,nessuna-email
https://www.istanbulturkishkebap-ternoisola.it/,nurettin.siringul@gmail.com,statico
http://toctocfood.com/miracolo_2,,nessuna-email
https://www.istanbulturkishkebaptrescore.it/,siringul2023@gmail.com,statico
https://www.iosonobbq.com/,info@iosonobbq.com,statico
https://www.istanbulpizzakebabcarpenedolo.com/,,nessuna-email
https://deliveroo.it/menu/milano/oggiono-calolziocorte/istanbul-turkish-pizza-kebap-grill-corso-europa-17,hello@deliveroo.fr,statico
https://deliveroo.it/menu/milano/oggiono-calolziocorte/istanbul-turkish-pizza-kebap-grill-corso-europa-17,press@deliveroo.it,statico
https://it-it.facebook.com/ipanema.cuggiono,,nessuna-email
https://1k2v.short.gy/ilvesuvio,,irraggiungibile
https://www.ilverogelato.com/,,nessuna-email
https://www.facebook.com/Ipiros-Greek-Fast-Food-piazza-Della-Vittoria-8D-Pavia-176061553004270/,,nessuna-email
https://www.imbufalita.it/,,irraggiungibile
https://instagram.com/istanbulcaronnokebap,,nessuna-email
https://linktr.ee/jesuisjambon,getr0v.2017@gmail.com,statico
https://linktr.ee/jesuisjambon,jesiusjambon11@gmail.com,statico
https://linktr.ee/jesuisjambon,online@www.aaa.com,statico
https://linktr.ee/jesuisjambon,only@savagex.com,statico
https://linktr.ee/jesuisjambon,only@www.gobble.com,statico
https://imperator-kebap.com/,,irraggiungibile
https://instagram.com/istanbul_arcisate_kebap,,nessuna-email
https://www.ineditopizzeria.it/,info@aromi.group,statico
https://www.ineditopizzeria.it/,info@ineditopizzeria.it,statico
https://italiomilano.it/,,nessuna-email
https://www.granello-coop.com/servizi/cooperativatipob/barristorante/,,irraggiungibile
https://joesamericanbbq.com/,hello@joesamericanbbq.com,statico
https://www.imperoristorante.it/,,irraggiungibile
https://www.inpiazzaaffori.it/,,irraggiungibile
https://m.facebook.com/Turkish-%C4%B0stanbul-Melike-kebap-Pizza-112520897210598/,,nessuna-email
https://dunanthotel.it/,info@dunanthotel.it,statico
https://m.facebook.com/kanbersaban/,,nessuna-email
https://www.irorisushi.it/,info@irorisushiathome.it,statico
http://www.isoladeisaporicassano.com/,,irraggiungibile
https://m.facebook.com/italianbakerymilano/,,nessuna-email
https://www.instagram.com/italcrockyfood,,nessuna-email
https://www.facebook.com/Turkish-City-Stezzano-1639064392904926/,,nessuna-email
https://jdristorantecinese.it/,jdristorante@gmail.com,render
https://inoltrecarugate.it/,,irraggiungibile
https://www.intrecciristorante.it/,,irraggiungibile
http://www.itoi.it/home,,nessuna-email
https://www.izumi.it/,,nessuna-email
https://j-d-kebbab-pizzeria-bar.netlify.app/,,nessuna-email
https://instagram.com/italianoverace,,nessuna-email
https://info907667.wixsite.com/listajacare,,nessuna-email
https://www.izakayabyfreshramen.it/,,nessuna-email
https://www.instagram.com/itoya_varese,,nessuna-email
http://leonardolascala9.wixsite.com/kaikaya,info@ilmiosito.com,statico
https://junorientaltaste.wixsite.com/website,junorientaltaste@gmail.com,render
https://jin-yong.business.site/,,nessuna-email
https://www.k2since1983.com/,hamzaboss1996@outlook.it,statico
https://www.k2since1983.com/,jgioiaj@gmail.com,statico
https://www.justhotelgroup.it/just-hotel-lomazzo/,justhotelsrl@legalmail.it,statico
https://www.justhotelgroup.it/just-hotel-lomazzo/,reception@jhlomazzo.it,statico
https://www.jamaicanchef.it/,,nessuna-email
https://italypizzakebab-vimodrone.it/,,nessuna-email
https://www.facebook.com/itosushicostavolpino/,,nessuna-email
https://kalica.it/,info@kalica.com,statico
https://kalica.it/,info@kalica.it,statico
https://www.kardmumjunction.com/,kardmum@gmail.com,statico
https://www.facebook.com/jolloflakecomo,,nessuna-email
https://www.facebook.com/jollypizzeriaristorante/,,nessuna-email
https://www.kaisenrestaurant.com/,,nessuna-email
https://www.google.com/search,press@google.com,statico
https://turkishkebapgrill.blogspot.it/,press@google.com,statico
http://www.facebook.com/JULEP-490875800982989,,nessuna-email
https://www.junecollectivemilano.com/,,nessuna-email
https://www.kappou-ninomiya.com/,,nessuna-email
http://www.kenzusushi.it/,lizhong@libero.it,statico
http://www.kenzusushi.it/,maximus@nsimail.com,statico
https://massijiji7.wixsite.com/jijicafemomus,,nessuna-email
https://www.kaixuanlong.it/,,nessuna-email
https://www.kaleidosbar.it/,,nessuna-email
https://www.kaioken.it/,,nessuna-email
https://www.kimuyarestaurant.com/,utente@dominio.com,statico
https://kappaduedalmine.it/,,nessuna-email
https://kinka.it/,kinkacucinaperuviana@gmail.com,statico
https://www.karmaristorantepizzeria.com/,,nessuna-email
https://www.jinmai.it/,,irraggiungibile
https://itplaces.me/kammafa-627207-it,contact@bizsite.link,statico
https://jollydue.it/,,irraggiungibile
https://m.facebook.com/Kafemaciao/,,nessuna-email
https://www.kandoosushimilano.it/,,nessuna-email
https://taacdelivery.it/,info@taacdelivery.it,render
https://m.facebook.com/kamisushi1/,,nessuna-email
https://www.kazansushibaggio.it/,,nessuna-email
https://www.instagram.com/tarasa.kasama,,nessuna-email
https://www.kisensushi.it/,info@kisensushi.it,render
https://www.kingpalace.it/,webmaster@kingpalace.it,statico
https://www.kisenbusto.com/,info@kisenbusto.com,render
https://www.kimiyasushi.it/,,nessuna-email
https://m.facebook.com/pages/category/Pizza-Place/Karadeniz-pizzeria-kebap-1801985966739652/,,nessuna-email
https://www.facebook.com/kefakoffee/,,nessuna-email
https://instagram.com/kila_lounge_bar,,nessuna-email
https://www.facebook.com/Kimos-Pizzeria-1657398211184086/,,nessuna-email
https://koukounari.eatbu.com/,mazzettoemanuela1980@libero.it,statico
https://www.instagram.com/king_flower_milano_,,nessuna-email
https://wa.me/message/K6XZJYV2NPD3K1,,nessuna-email
https://wangsushi.wixsite.com/wangsushiliscate,,nessuna-email
https://www.koicharoom.it/,koicharoom.it@gmail.com,statico
https://www.koicharoom.it/,roshi.srl@pec.beapec.it,statico
https://www.koicharoom.it/,roshicomo@gmail.com,statico
https://www.kinobar.it/,,nessuna-email
https://just-india.it/,,timeout
https://www.ku-cina.it/,info@ku-cina.it,statico
https://kujira-suhi-viadana.eatbu.com/,kujiraviadana@gmail.com,statico
https://www.kaorisushi.it/lissone,,irraggiungibile
https://www.kalisperacafe.it/,,irraggiungibile
https://www.kaorisushi.it/milano,,irraggiungibile
https://kristalgardenrestaurant.my.canva.site/,kristalgarden.restaurant@gmail.com,render
http://kobeticinese.it/,,nessuna-email
https://www.facebook.com/kioskobarbustogarolfo/,,nessuna-email
https://kiranristoranteindiano.it/,,nessuna-email
https://www.kobofood.com/,kobofood@gmail.com,render
https://m.facebook.com/klimospub/,,nessuna-email
https://m.facebook.com/pages/category/Restaurant/Kiyomi-400004903830691/,,nessuna-email
https://www.kyubi.it/,info@kyubi.it,statico
https://ristorante-coreano-sun-renshun.it/,,nessuna-email
https://www.kubyelgaucho.com/,info@kulavenoclubbyelgaucho.com,render
https://www.instagram.com/komennthai2008,,nessuna-email
https://www.kyotomorbegno.it/,,nessuna-email
https://castiglione.ristorantekiyomi.eu/,,nessuna-email
http://langolo-del-gusto.metro.biz/,angolodelgusto18@gmail.com,statico
https://www.theoldkopiclub.com/,,nessuna-email
https://www.facebook.com/franco.angulo2,,nessuna-email
https://www.facebook.com/Alaturcakebapbarpizzeria/,,nessuna-email
https://www.kindii.it/,,irraggiungibile
https://kujirarestaurant.it/,,nessuna-email
https://www.konnubiomilano.it/,attika@qode.com,render
https://www.konnubiomilano.it/,info.konnubiomilano@gmail.com,render
https://www.sushikizuna.it/menu/,,nessuna-email
https://www.facebook.com/alambicco.besozzo/,,nessuna-email
https://www.kaleswine.it/,,nessuna-email
https://www.l-agricola.com/,,nessuna-email
https://www.kokorosushi.eu/,,nessuna-email
https://www.facebook.com/groups/34321907940/,,nessuna-email
https://m.facebook.com/langolodelpanedelcaffe/,,nessuna-email
https://www.arcobalenobrescia.it/,abbadaticristina@gmail.com,statico
https://iacoposcattolini.wixsite.com/website-1,,nessuna-email
https://limpasto.weebly.com/,limpastoampere@gmail.com,statico
https://artigliere.net/,artigliere997@yahoo.it,statico
https://ristorantelanadot.it/,,nessuna-email
https://www.langolodellafragranza.it/,,nessuna-email
https://angolodelgusto.shop/,,nessuna-email
https://www.facebook.com/pages/Langolo-Del-Fuori-Orario-Di-Carugo-Mauro/138059696240466,,nessuna-email
https://www.krakenfactory.it/,,irraggiungibile
https://www.lapetito.com/,,nessuna-email
https://m.facebook.com/pg/Langolo-del-gelato-240456869498658/about/,,nessuna-email
https://www.appetitovienmangiando.com/,,nessuna-email
https://anticasalumeriapagani.it/,,nessuna-email
https://www.lostecremona.com/,loste.cremona@libero.it,render
https://www.facebook.com/LAntica-Vigna-1774289839534192/,,nessuna-email
https://artistadellapizzamenu.netlify.app/,,nessuna-email
https://langolodellapizza-sedriano.it/,element@object.kh,render
https://oasidelgustoabbiategrasso.com/,,nessuna-email
https://www.instagram.com/lartedeltranciorho/,,nessuna-email
https://www.labakerynobakery.com/,laphoenixsrl@gmail.com,statico
https://www.facebook.com/LartigianoDelGelato,,nessuna-email
https://www.lamuri.it/,,timeout
https://www.laldo.it/,,irraggiungibile
https://www.langoloristorante.com/,,irraggiungibile
https://www.ristorantelancora.it/,,irraggiungibile
https://www.baiacasalmaggiore.it/,,nessuna-email
https://www.laltrapizzeria.it/,,irraggiungibile
https://www.facebook.com/Limperfetto-553591994652883/,,nessuna-email
https://www.labodegaargentina.it/,ristorante@labodegaargentina.it,statico
https://www.losteriarizzi.it/,,nessuna-email
https://www.pizzosteria.com/,,nessuna-email
https://laimbar.it/,,nessuna-email
https://www.facebook.com/lottavonano.gelateria/,,nessuna-email
https://www.facebook.com/LOttavoNanoBrescia,,nessuna-email
https://instagram.com/labaitadeisaporidelsud,,nessuna-email
https://labottega-morbegno.it/,info@labottegamorbegno.it,statico
https://labottega-morbegno.it/,lucamaxenti@gmail.com,statico
https://labottega-morbegno.it/,luchinavalerio@gmail.com,statico
https://labottegadelgusto-cerro-maggiore.it/,,nessuna-email
https://instagram.com/la.baracca.bresso,,nessuna-email
https://www.langellaevent.com/,,nessuna-email
https://www.anloteoltre.com/,,irraggiungibile
https://www.lanticapizzavimodrone.it/,,irraggiungibile
https://myboheme.it/,info@myboheme.it,statico
https://www.bottiglieriarabaja.com/,rabajalegnano@gmail.com,statico
http://www.facebook.com/pages/Bar-La-Boa/187306664679109,,nessuna-email
https://www.labirreriaconcucina.it/,info@labirreriaconcucina.it,statico
http://www.linsolitapescheria.it/,,irraggiungibile
https://www.pizzeriaaurorapavia.it/,,irraggiungibile
https://www.lekbistrot.it/,,irraggiungibile
https://www.ristorantelabruschetta.com/,lacorsarolabergamo@gmail.com,statico
https://hamburgerdelcontadino.it/,,irraggiungibile
https://www.ilgrigio.org/,,nessuna-email
https://labandera.eu/,info@localweb.it,statico
https://labandera.eu/,orjon.nallbati@onlawoffice.com,statico
https://labandera.eu/,privacy@localweb.it,statico
https://labandera.eu/,sakr38206@gmail.com,statico
https://labottegadellapizzasesto.com/,,nessuna-email
https://m.facebook.com/pages/category/Deli/La-bottega-del-pesce-789163804514709/about/,,nessuna-email
https://www.birrerialabaracca.com/,e-mailinfo@birrerialabaracca.com,statico
https://www.birrerialabaracca.com/,info@birrerialabaracca.com,statico
https://www.facebook.com/labottegadelcaffecorbetta/,,nessuna-email
https://www.facebook.com/pages/La-Bottega-Del-Caffe/112128795513378,,nessuna-email
https://labottegalainate.it/,,nessuna-email
https://www.lacantinadilole.it/,lacantinadilole@gmail.com,statico
https://www.lacantinadilole.it/,mymail@mailservice.com,statico
http://www.labodeguitadelmedio.it/,,irraggiungibile
https://www.lacantinadelgiannone.com/,,nessuna-email
https://www.instagram.com/lacafferia_como/,,nessuna-email
https://www.ristoranteisoladeltesoro.it/,,irraggiungibile
https://www.loasidelgusto.it/,,timeout
https://www.lofficinadeisapori.it/,,timeout
https://www.labellanapolipizza.it/,,irraggiungibile
https://www.labergamasca.it/,,irraggiungibile
https://www.instagram.com/la.cadrega.62/,,nessuna-email
https://ristorantelacambusa.eu/,cambusadesenzano@gmail.com,render
https://www.facebook.com/lacaffetteriadiDesio/,,nessuna-email
https://m.facebook.com/lacaffetteria.cantu/about/,,nessuna-email
https://www.instagram.com/lacantinadeipiazza/,,nessuna-email
https://instagram.com/lacantinamilano,,nessuna-email
https://www.lacarnazzagrill.com/,lacarnazzagrill@gmail.com,render
https://www.allegricaffe.com/,info@la-capsuleria.com,statico
https://www.allegricaffe.com/,info@lacapsuleria.com,statico
https://www.allegricaffe.com/,info@lacapsuleria.it,statico
https://www.allegricaffe.com/,lacapsuleriasrl@pec.it,statico
https://linktr.ee/lacholabustoarsizio,contact@gdprlocal.com,statico
https://linktr.ee/lacholabustoarsizio,dpo.support@gdprlocal.com,statico
https://linktr.ee/lacholabustoarsizio,online@www.aaa.com,statico
https://linktr.ee/lacholabustoarsizio,only@savagex.com,statico
https://linktr.ee/lacholabustoarsizio,only@www.gobble.com,statico
https://linktr.ee/lacholabustoarsizio,privacy@linktr.ee,statico
https://lacavadeisapori.it/,info@lacavadeisapori.it,statico
https://lacavadeisapori.it/,prenotazioni@lacavadeisapori.it,statico
https://www.lacialderia.it/,,nessuna-email
https://itplaces.me/la-braceria-di-romano-578452-it,contact@bizsite.link,statico
https://www.enotecalabottegadelvino.it/,,timeout
https://www.bottegadelleombre.it/,,timeout
https://labrasaosteria.com/,,irraggiungibile
https://www.labottegadinorciaeamatricegorgonzola.it/,,irraggiungibile
https://www.labriciolavineriaprodottipugliesi.it/,,irraggiungibile
https://www.la-braseria.com/,,irraggiungibile
http://conca-doro-casorate-primo.eatbu.com/,laconcadoro2022@gmail.com,render
https://negozi.sisal.com/my-sisal/arluno-via-vittorio-alfieri-8,,irraggiungibile
https://lacantinapaderno.com/,info@lacantinapaderno.com,statico
https://www.facebook.com/bar.lacasetta.bareggio/,,nessuna-email
https://www.facebook.com/share/18aEx5iRQs/,,nessuna-email
https://www.labracegriglieria.it/,,timeout
https://www.facebook.com/ilcircolodirescaldina/,,nessuna-email
https://www.ladamadelporto.com/,info@ladamadelporto.com,statico
https://www.osteriapizzerialacornucopia.it/,,nessuna-email
https://www.ladispensatoscana.blogspot.com/,ladispensatoscana@gmail.com,statico
https://m.facebook.com/pages/category/Bar/Bar-Clipper-1294336140740948/,,nessuna-email
https://lacinacernusco.it/,,nessuna-email
https://bistrotlavinia.wixsite.com/cucinanonnalavinia,,nessuna-email
https://www.facebook.com/lacombriccoladivico,,nessuna-email
https://www.labuattadelkangaroo.com/,,timeout
https://www.facebook.com/Laconchigliamagenta/,,nessuna-email
https://www.labuongustaia1993.it/,,timeout
https://www.falegnameriabrescia.com/,info@lafalegnameriarampini.it,statico
https://www.ladolcevitabrugherio.it/,,nessuna-email
https://lacasadelgelatodicovellilaura.it/,,irraggiungibile
https://www.casanelbosco.it/,,irraggiungibile
https://www.facebook.com/100067676897399/,,nessuna-email
https://www.lacampagnolainduno.it/,,irraggiungibile
https://www.lacarbonaia90.it/,,irraggiungibile
https://www.lacucinadeifrigoriferimilanesi.it/,,nessuna-email
https://it-it.facebook.com/lacuevadeipirati,,nessuna-email
https://www.lacascinadeisapori.it/,info@lacascinadeisapori.it,statico
https://lacortedeiprim.it/,,nessuna-email
https://www.lagioiasanmarco.com/,lagioia@lagioiasanmarco.it,statico
https://montichiari.info/,,nessuna-email
https://lafortunalodi.com/,lafortuna.rosticceriacinese@gmail.com,render
https://lafortunalodi.com/,sofia28chen@gmail.com,render
https://lacucinadivillaghirlanda.it/,lacucinadivillaghirlanda@gmail.com,statico
https://www.nuovaosterialafossa.it/,nuova.osteria.la.fossa@live.it,render
https://www.facebook.com/Pizzeria-La-Favola-Paderno-909613069056508/,,nessuna-email
https://lacucinadigor.it/,igorpizzimenti07@gmail.com,render
https://barladolcevitalentate.it/,ladolcevitalentate@gmail.com,statico
http://www.lalocandadelgianpy.metro.rest/,,irraggiungibile
https://lagarbatella.wordpress.com/,,nessuna-email
https://www.locanda-armonia.it/,direzione@locanda-armonia.it,render
http://www.facebook.com/publaFreccianera/,,nessuna-email
https://www.instagram.com/pizzerialagioiosaruginello/,,nessuna-email
http://www.facebook.com/pages/Osteria-La-Gemma/306549129435609,,nessuna-email
https://www.inpiada.it/,,irraggiungibile
https://lalanternadilonato.it/,lasfinge2016@libero.it,render
https://www.facebook.com/pizzerialagenuina/,,nessuna-email
https://la-luppoleria-codogno.eatbu.com/,gudasnc@gmail.com,statico
https://instagram.com/lalatteriataverna/,,nessuna-email
https://www.lacollinadoro.com/,,irraggiungibile
https://islaitalomex.it/,,nessuna-email
https://www.lacompagniadelluppolo.it/,,irraggiungibile
https://lalibera.it/,,nessuna-email
http://www.lagrigliadaitalo.it/,,nessuna-email
https://www.ristorantelamentuccia.com/,pizzerialamentuccia@gmail.com,statico
https://instagram.com/la_locanda_concesio,,nessuna-email
http://www.lamadonnina.it/,info@lamadonnina.it,statico
https://www.ristorantelamasseriamilano.com/,lamasseria19@gmail.com,statico
https://www.locandadelpastaio.it/,,nessuna-email
https://lagrandeitalia.it/,info@lagrandeitalia.it,render
https://www.lamarinararestaurant.it/,flmsrl@pec.it,statico
https://www.lamarinararestaurant.it/,info@lamarinararestaurant.it,statico
https://lameza.it/,iinfo@lameza.it,statico
https://lameza.it/,info@lameza.it,statico
https://lanterna-bernareggio.com/,,nessuna-email
https://www.lanuovacasetta.com/,lanuovacasetta@gmail.com,statico
https://lafenicechiari.top/,,nessuna-email
http://www.ristorantelamongolfiera.it/,info@ristorantelamongolfiera.it,statico
http://www.ristorantelamongolfiera.it/,info@veciofritolin.it,statico
https://www.lanuovabottegadellecialde.com/,gio.mendola@gmail.com,statico
https://www.lanuovabottegadellecialde.com/,giovanni.mendola@arubapec.it,statico
https://www.lanuovabottegadellecialde.com/,mondodelcaffecormano@gmail.com,statico
https://www.lacuocaeilpoeta.it/,,nessuna-email
https://lamaisondesdelices.it/,lamaisondesdelices@outlook.it,statico
https://www.facebook.com/Trattoria-La-Lucciola-103345471321232/,,nessuna-email
http://lanuvoletta.metro.rest/,lanuvoletta@tiscali.it,statico
https://www.kalancentro.it/,,irraggiungibile
https://lagnammeria.it/,info@lagnammeria.it,render
https://instagram.com/lamaisondandre,,nessuna-email
https://ladispensabistrot.it/,,irraggiungibile
https://www.ladolcelia.it/,,irraggiungibile
https://www.lafabbricadeisapori.it/,,irraggiungibile
https://www.lafabbricadeisapori.it/fabbrica-dei-sapori-sushi-buccinasco-wok/,,irraggiungibile
https://lafamilypizza.it/,,irraggiungibile
https://www.ilfornaiocanegrate.it/,,irraggiungibile
https://lagastronomiaditradate.it/,,irraggiungibile
https://www.lapadellacciavigevano.it/,info@globalbrandcommunication.it,statico
https://lamongolfierabrugherio.it/,,nessuna-email
https://www.lamargherita-sestosangiovanni.it/,,nessuna-email
https://www.facebook.com/share/18j3LHQox4/,,nessuna-email
https://pizzerialapasseggiata.myadj.it/v/pizzerialapasseggiata,,nessuna-email
https://lanoodleria.it/,,nessuna-email
https://www.lapada.it/,,nessuna-email
https://www.lapatronaristorante.it/,,nessuna-email
https://m.facebook.com/pages/da-Pasquale-Pizzeria-La-Nuova-Toscana/121922151204047,,nessuna-email
https://www.facebook.com/pages/Pizzeria-La-Partenope/1576185162667521,,nessuna-email
https://it-it.facebook.com/lanusbistrot,,nessuna-email
https://m.facebook.com/La-Pecora-Nera-pagina-ufficiale-155246794568804/,,nessuna-email
https://www.facebook.com/PizzeriaLaPastorella,,nessuna-email
http://www.lanuovaprimavera.it/,,irraggiungibile
https://www.lalocandadeltempoperso.com/,,irraggiungibile
https://www.barlalocomotiva.it/,,irraggiungibile
https://muratella.com/,info@dagigi.it,render
https://muratella.com/,info@ferri1977.it,render
https://ristorantelapietrabianca.com/,pietrabiancacinisello@gmail.com,render
https://lapiazzettaditornavento.eu/,,nessuna-email
https://ristorantelaperlablu.com/,,nessuna-email
https://www.instagram.com/lapiadaditrava,,nessuna-email
https://www.instagram.com/piadineria_di_alele_e_marco,,nessuna-email
https://lapertegheta.it/,,nessuna-email
https://www.lapiazzettaoggiono.it/,,nessuna-email
https://www.facebook.com/lapiadinadellapecoranera/,,nessuna-email
https://www.facebook.com/roberto.longhi.16,,nessuna-email
http://lapizzicheria.datadeo.it/,server@lapizzicheria.datadeo.it,statico
http://www.facebook.com/lapiadinadiboario,,nessuna-email
https://www.lanuovamergellina.com/,,irraggiungibile
https://www.facebook.com/LaPiantadiAffori/,,nessuna-email
https://www.lapanterapizzaburger.it/,,nessuna-email
https://instagram.com/lapiazzettapizzeriadal1985,,nessuna-email
https://www.lapenavigevano.it/,,nessuna-email
https://instagram.com/lapinseria_brescia,,nessuna-email
https://www.laposteriadinonnapapera.com/,laposteriamilano@gmail.com,render
https://www.lapizzadidavideboschini.it/,,nessuna-email
https://www.laposteria.it/,,nessuna-email
https://www.facebook.com/Pizzadifederico/,,nessuna-email
https://lapasteriabesana.it/,,irraggiungibile
https://www.lapagodadalmine.it/,,irraggiungibile
https://lapagodalounge.it/,,irraggiungibile
https://www.lapinetadilimbiate.it/,,nessuna-email
https://m.facebook.com/LaPizzaDelloZioSem/,,nessuna-email
https://www.lapizzaloca.it/,,nessuna-email
https://www.facebook.com/La-posta-204475609997817/,,nessuna-email
https://www.laroccadirodengo.it/,info@laroccadirodengo.it,render
https://www.lapiadadiunavolta.it/,,irraggiungibile
https://www.lapianaristorante.it/,,irraggiungibile
https://www.instagram.com/la_rosa_blu_bar/profilecard/,,nessuna-email
https://www.ristorantecannealvento.it/,,nessuna-email
http://www.laplancia.it/,info@laplancia.it,render
https://facebook.com/francesco.francesco.965/,,nessuna-email
https://m.facebook.com/people/La-Rinascita/100063509956127/,,nessuna-email
https://www.larefezione.com/,larefezione@alice.it,render
https://www.facebook.com/Pizzeria-le-Regina-181334830239479/,,nessuna-email
https://ristorantepugliesemilano.it/,laportarossa@hotmail.com,statico
https://www.laportaantica.it/,,nessuna-email
http://www.johncaffe.it/stuadeljohn,utente@dominio.com,statico
https://www.lasprizzeria.it/,info@ecletticobar.it,statico
https://www.ristorantelasituazione.it/,,nessuna-email
https://www.instagram.com/lascaletta_bistrot/,,nessuna-email
https://latanacomo.it/,info@latanacomo.it,statico
https://www.facebook.com/Visconti22/,,nessuna-email
https://instagram.com/la.scarpetta.gavirate,,nessuna-email
https://pizzeria-laruota.it/,,nessuna-email
https://m.facebook.com/pages/category/Pizza-Place/Ristorante-Pizzeria-La-Scala-1471363966256186/,,nessuna-email
https://instagram.com/la.schiscetta,,nessuna-email
https://www.instagram.com/lasitua.casti/,,nessuna-email
https://www.green-ict-safe.me/gdfwh893jkwsnbdAaw12hk7897'/index.html,,nessuna-email
https://www.piedigrottavarese.it/,,irraggiungibile
https://lapiola.it/,,irraggiungibile
https://www.dariodesantis.art/,,irraggiungibile
http://www.tavernadellatrisa.it/,ristorante@tavernadellatrisa.it,statico
https://lasestacornice.it/,info@lasestacornice.it,render
https://www.laruotagallarate.it/,,nessuna-email
https://latasteriagourmet.it/,dilettadandrea20@gmail.com,render
https://www.lasvoltaristorantepizzeria.it/,,nessuna-email
https://pizzerialascommessa.it/,,nessuna-email
https://www.latanadellucio.com/,lucianolongonivini@gmail.com,statico
https://www.rotondadilomazzo.it/,,nessuna-email
https://www.ristorantelaterrazzavarese.com/,laterrazzabistrot2@gmail.com,statico
https://www.ristorantelaterrazzavarese.com/,laterrazzafoodanddrink@gmail.com,statico
http://latanadellupogriglieria.it/contatti.html,,nessuna-email
https://www.ristorantepizzeriafossano.it/,,nessuna-email
https://www.instagram.com/lataskeria_bicocca,,nessuna-email
https://www.facebook.com/groups/51096566905/,,nessuna-email
https://www.facebook.com/lasvoltacomo,,nessuna-email
https://www.griglieriadastiven.com/,utente@dominio.com,statico
https://m.facebook.com/pages/La-tana-da-Mario-Gianico/198239463629204,,nessuna-email
https://www.latavernadigiussano.com/,,nessuna-email
https://www.laprimulaloungebar.it/,,irraggiungibile
http://trattoriamontichiari.myadj.it/,,nessuna-email
https://www.larusticapizzeria.it/,,irraggiungibile
https://www.pizzerialarustica.it/,,irraggiungibile
http://la-terrazza-jacolia.jany.io/,,nessuna-email
https://www.instagram.com/lategliadimerate/,,nessuna-email
https://lavecchiascuolarovato.it/,,nessuna-email
https://lavallepizzeria.eatbu.com/,,nessuna-email
https://m.facebook.com/tavernaboevoghera/,,nessuna-email
https://la-vecchia-pesa.it/,info@la-vecchia-pesa.it,statico
https://lavecchiafiorentina.it/,reservations@laurent.com,statico
https://www.instagram.com/latuaosteria,,nessuna-email
https://www.menudigitale.io/la-valletta-sporting-club,,nessuna-email
https://www.ristorantelavuelta.it/,info@ristorantelavuelta.it,statico
https://www.facebook.com/La-Tisaneria-232678483504115/,,nessuna-email
https://m.facebook.com/lategliadiaffori/,,nessuna-email
http://laverapizzamilano.myadj.it/,,nessuna-email
https://laschiaccinotecatoscana.it/,,irraggiungibile
http://www.busgarina.it/home.html,busgarina@yahoo.it,statico
https://instagram.com/la.vecchia_osteria,,nessuna-email
https://www.laversilia-milano.it/,,nessuna-email
https://www.facebook.com/Pizzeria-La-Vecchia-Sesto-786919398065445/,,nessuna-email
https://laboratorioveroamore.com/,,nessuna-email
https://daxibeiristorante.com/,,nessuna-email
https://www.facebook.com/pizzerialaverapizza,,nessuna-email
https://www.instagram.com/lacartadeiricordi,,nessuna-email
https://www.layalicafemilano.com/,impallari@gmail.com,statico
https://www.layalicafemilano.com/,team@latofonts.com,statico
https://www.lasostaristorante.it/,,irraggiungibile
https://la-pizzeria-5e8412.webnode.it/,,nessuna-email
https://www.lasprelunga.it/,,irraggiungibile
https://pizzeria-stella.it/,,irraggiungibile
https://www.lalilli.it/,,nessuna-email
https://www.facebook.com/LaBasia2.0,,nessuna-email
https://www.cantinedilombardia.com/,info@cantinedilombardia.com,render
https://www.facebook.com/Lady-Phrozen-PizzeriaGastronomia-dAsporto-144695188983062,,nessuna-email
https://www.laitgarden.it/,info@laitgarden.it,render
http://m.facebook.com/agriturismolagolido,,nessuna-email
https://www.latavernadegliarna.it/,,irraggiungibile
https://www.laitamare.it/,info@laitamare.it,render
https://www.instagram.com/lambrettino_bar_bistrot,,nessuna-email
https://itplaces.me/la-vera-napoli-251065-it,contact@bizsite.link,statico
https://www.centrosarca.it/negozi/la-cantinetta-messica/,,nessuna-email
https://www.lanzarottiloggetta.it/,,nessuna-email
https://ilporticciolo.com/en/ristoranti/la-tavola/,,irraggiungibile
https://www.facebook.com/share/199zt9cvQ5/,,nessuna-email
https://www.grottevalganna.it/,info@grottevalganna.it,statico
https://www.facebook.com/Larhomacaffe/,,nessuna-email
https://www.lazzatesportsarena.it/,,nessuna-email
https://www.facebook.com/share/1KoHU7TVzp/,le3piramidi55@gmail.com,render
https://ristorantelarubia.it/,,nessuna-email
http://www.instagram.com/gelaterialebon,,nessuna-email
https://www.instagram.com/lecolonnepasticceria/,,nessuna-email
https://www.lemeravigliemilano.com/,lemeraviglie@mipgroup.it,render
https://www.laverandasesto.com/,,irraggiungibile
https://www.letournedos.eu/,letournedos@hotmail.it,statico
https://trattorialevillette.blogspot.com/,trattorialevillette@gmail.com,statico
http://letrecaravelle.eatbu.com/,ristoranteletrecaravelle@gmail.com,statico
http://latomarefood.it/,,irraggiungibile
http://www.rosticcerialerondini.altervista.org/,,nessuna-email
https://www.facebook.com/lejoliebistrot/,,nessuna-email
https://wa.me/393281808701,,nessuna-email
https://itplaces.me/le-cinque-perle-rovato-302055-it,contact@bizsite.link,statico
https://leterre.it/,jacopo.demonti@xcconsulting.it,statico
https://leterre.it/,life.source@pec.it,statico
https://alvolo.app/h000001382/,,nessuna-email
https://www.instagram.com/lelanghe__buonciboevino,,nessuna-email
https://www.neariu.com/brisasdelperubollate,,irraggiungibile
https://www.lavitaazzurraristorante.it/,,irraggiungibile
https://lepaste.it/,,nessuna-email
http://www.lecavedelceppo.it/,,irraggiungibile
https://pescasportivalavallata.com/,,irraggiungibile
https://www.labocs.it/,,irraggiungibile
https://www.facebook.com/piramidi2,,nessuna-email
https://lagoramilano.it/,,irraggiungibile
https://www.lepescherie.it/,,nessuna-email
https://lestriatelle.it/,,nessuna-email
https://www.lecapsuledigian.it/,lecapsuledigian@tiscali.it,statico
https://www.lesamisinsolari.it/,info@lesamisbistrot.it,statico
https://www.lesamisinsolari.it/,info@lesamisinsolari.it,statico
http://lemonsushi.it/,,nessuna-email
https://www.instagram.com/le.zie/,,nessuna-email
https://www.lidoluino.com/,lidoluino@gmail.com,statico
https://www.lidodisesto.it/,info@lidodisesto.it,statico
https://www.lidodisesto.it/,info@marinadistesto.it,statico
https://lecontradelegnano.it/,,irraggiungibile
https://www.facebook.com/leos_american_bar-100225038543398/,,nessuna-email
https://lemontreerestaurantdesenzano.it/,,nessuna-email
https://www.instagram.com/leila.nolo/,,nessuna-email
https://linsushitreviglio.it/,info@linsushi.it,statico
https://linsushitreviglio.it/,lucalucaluca050505@gmail.com,statico
https://linsushitreviglio.it/,mario@esempio.it,statico
https://www.levanteristorantepizzeria.com/,,nessuna-email
https://www.letrepiramidi-segrate.it/,,nessuna-email
https://www.ristoranteleila.it/,,nessuna-email
https://www.lewclub.it/,info@lewclub.it,statico
https://www.lewclub.it/,lewclub.sushi@gmail.com,statico
https://www.drink-me.it/,,nessuna-email
https://m.facebook.com/leoncinorosso/,,nessuna-email
https://www.limboloungebar.com/,19marco.sala72@gmail.com,statico
https://levelscentrale.wixsite.com/levels,,nessuna-email
https://www.lesostealmare.it/,,irraggiungibile
https://www.lerotonde.com/,,irraggiungibile
https://www.instagram.com/leroiclusone,,nessuna-email
https://www.pizzerialespighe.it/,,irraggiungibile
https://www.facebook.com/Lex-birreria-225762854285441/,,nessuna-email
https://linkrestaurant.it/,,nessuna-email
https://loscoglio.shop/,loscoglio.shop@gmail.com,statico
https://www.loscalcograsso.it/,info@scalcograsso.it,statico
https://www.loscalcograsso.it/,utente@dominio.com,statico
https://www.lido39desenzano.it/,,nessuna-email
https://www.instagram.com/lietticafe/,,nessuna-email
https://www.instagram.com/lievitiamo_pizzeria2024,,nessuna-email
https://www.linearetta.it/,info@linearetta.it,statico
https://www.linearetta.it/,linearetta@twtcert.it,statico
https://www.levignecantu.it/,,irraggiungibile
http://losmeraldomilano.com/,,nessuna-email
https://linsushirestaurant.com/,,nessuna-email
https://lesorelle3.it/,,timeout
https://littakebab.lovable.app/,,nessuna-email
https://locandaal5.it/,info@locandaal5.it,statico
https://instagram.com/limbosco_varese,,nessuna-email
https://www.instagram.com/liucuisine/,,nessuna-email
http://www.pizzerialospicchio.it/IT/chi_siamo__________.html,,nessuna-email
https://www.leonecarnecucina.it/,,irraggiungibile
https://www.lestropizzarestaurant.it/,,irraggiungibile
https://ristorantepizzerialiberty.it/,,irraggiungibile
https://www.lesracinessentieridelvino.it/,,irraggiungibile
https://www.facebook.com/LionsHeartPubParabiago/,,nessuna-email
https://lirosristorante.it/,gonighteventi@gmail.com,render
https://www.facebook.com/LoScottadito/,,nessuna-email
http://menu.menumal.com/lostuzzi,,nessuna-email
https://it-it.facebook.com/pages/category/Bar/Lo-Sfizio-540221079342729/,,nessuna-email
https://www.instagram.com/lochaletmolinetto,,nessuna-email
https://litalycaffe.it/,info@litalycaffe.it,statico
https://www.locandagaribaldi.it/,info@locandagaribaldi.it,statico
https://www.losfood.it/,info@losfood.it,statico
https://www.facebook.com/pages/Ristorante-Pizzeria-Lo-Scorfano/111406646199193,,nessuna-email
https://lostaccomilano.com/,,nessuna-email
https://linktr.ee/locanda_nostrana,contact@gdprlocal.com,statico
https://linktr.ee/locanda_nostrana,dpo.support@gdprlocal.com,statico
https://linktr.ee/locanda_nostrana,online@www.aaa.com,statico
https://linktr.ee/locanda_nostrana,only@savagex.com,statico
https://linktr.ee/locanda_nostrana,only@www.gobble.com,statico
https://linktr.ee/locanda_nostrana,privacy@linktr.ee,statico
https://www.loroandco.com/,info@loroandco.com,statico
https://locandacuocodibordo.it/,info@locandacuocodibordo.com,render
https://hotelristeuropa.it/,info@hotelristeuropa.it,statico
https://www.locandaconte.it/,,nessuna-email
https://www.facebook.com/Lo-Stige-Stugge-1514369658874873/,,nessuna-email
https://www.likemikerestaurant.com/,,irraggiungibile
https://www.lobosandmore.it/,,nessuna-email
https://www.ristorantelino.com/,,irraggiungibile
http://www.locandadellacorte.it/,info@locandadellacorte.it,statico
http://www.locandadellacorte.it/,vemasnc@pec.it,statico
https://linktr.ee/londontower,contact@gdprlocal.com,statico
https://linktr.ee/londontower,dpo.support@gdprlocal.com,statico
https://linktr.ee/londontower,online@www.aaa.com,statico
https://linktr.ee/londontower,only@savagex.com,statico
https://linktr.ee/londontower,only@www.gobble.com,statico
https://linktr.ee/londontower,privacy@linktr.ee,statico
https://www.instagram.com/lo_haus_treviglio,,nessuna-email
https://www.garibaldilounge-treviglio.it/,,irraggiungibile
https://www.lollipoptravagliato.it/,fabbricaitalia.restaurant@gmail.com,statico
https://www.loft10pavia.com/,info.loft10@gmail.com,render
https://www.locandamani.com/,,nessuna-email
https://www.lollosbar.com/,assistenza@webador.it,statico
https://www.lollosbar.com/,lollosbar38@gmail.com,statico
https://www.instagram.com/locandadeibressani2024,,nessuna-email
https://locandaincentro.com/,,nessuna-email
https://ilariaclm.my.canva.site/luisteria,nluisteriahr@gmail.com,statico
https://www.alloggiotrento.it/,info@alloggiotrento.it,statico
https://www.facebook.com/p/Locanda-Mille-Lire-100057328105546/,,nessuna-email
https://www.facebook.com/lodicafe,,nessuna-email
https://www.luumasteak.com/,luumabistrot@gmail.com,statico
https://locandaviapriula.it/,booking@locandaviapriula.it,statico
https://locandaviapriula.it/,nineloops@gmail.com,statico
http://ristoranteargentinopavia.it/,,nessuna-email
https://www.ristoranteochinabianca.com/,gallala_tahar@live.it,statico
https://www.lospiedodaasporto.it/,,irraggiungibile
https://www.angolodelriso.it/,,nessuna-email
https://stuzzichinodimare.it/,,irraggiungibile
https://www.macelleriacarminati.com/,macelleriacarminati@gmail.com,statico
https://laltraosteria.it/,fabio_nicoletti@yahoo.it,render
https://laltraosteria.it/,semsara7@gmail.com,render
https://locandadeibravi.it/,,irraggiungibile
https://www.lomitosgallarate.it/,cstlomitos@gmail.com,statico
https://www.lalocandadelchierichetto.it/,,irraggiungibile
http://www.facebook.com/pages/Los-Locos-Di-Colonna-Marco-E-C/165367050143552,,nessuna-email
http://www.locandavecchiaosteria.it/,,irraggiungibile
https://instagram.com/lotocafe,,nessuna-email
https://www.instagram.com/lucifero_wine,,nessuna-email
https://www.facebook.com/Lounge-Bar-Sorriso-889691724406232/,,nessuna-email
https://www.facebook.com/lupodimarebussero/,,nessuna-email
https://pizzeriaaltadaluca.it/,,nessuna-email
https://lunettapasticceria.it/,info@lunettapasticceria.it,statico
https://www.ristorantemami.com/,,nessuna-email
https://www.instagram.com/maculepasticceria,,nessuna-email
http://www.trattorialongchang.it/,,irraggiungibile
https://www.instagram.com/ma._daii/,,nessuna-email
https://www.lemacellerie.it/,,nessuna-email
https://www.famigliastucchi.it/,,irraggiungibile
https://www.facebook.com/Molic%C3%A8-987329931457687/,,nessuna-email
https://www.pozzettolocanda.com/menu/,,irraggiungibile
https://www.colognonegozi.com/gelateria-maggies-cologno-monzese/,,nessuna-email
https://loasiditerno.it/,,nessuna-email
https://m.facebook.com/MadeinSudpizzeriaopera/,,nessuna-email
https://m.facebook.com/pages/category/Pizza-Place/Made-in-Sud-Pizzeria-Da-Asporto-1549213271987131/,,nessuna-email
https://www.facebook.com/maderacafepaullo/,,nessuna-email
https://m.facebook.com/Madeiracafemuggio/,,nessuna-email
https://www.instagram.com/maffus_bistrot/,,nessuna-email
https://www.loftcassano.it/,,irraggiungibile
http://www.flavorfulgroup.it/mikka,,irraggiungibile
https://www.maisoncafe.info/,,nessuna-email
https://www.mamabistrot.it/,info@mamabistrot.it,statico
https://www.mamabistrot.it/,utente@dominio.com,statico
https://maggiespark.it/,,nessuna-email
https://madeinsudpizzeria.it/,,nessuna-email
https://www.losteriamortara.it/,,irraggiungibile
https://www.lungolinea.com/,,irraggiungibile
http://www.madrigal.it/,,irraggiungibile
https://www.mahalopoke.it/online-ordering,,nessuna-email
https://www.manaflaskbrescia.com/,info@manaflask.it,statico
https://www.mammaepapamilano.com/,mammaepapamilano@gmail.com,statico
https://www.magnanimofood.it/,lievitomadrerozzano@gmail.com,render
https://www.magnanimofood.it/,magnanimofood@gmail.com,render
https://ristorantemerate.it/,,nessuna-email
https://www.instagram.com/magmapizzeria.mb,,nessuna-email
https://instagram.com/maiaetas_crema,,nessuna-email
https://m.facebook.com/pages/Ristorante-La-Magnolia-Di-Antonia-Macri/137755029604372,,nessuna-email
https://anticacomo.it/,,timeout
http://maltoeluppolo.it/,,nessuna-email
https://www.mandarinoriental.com/en/milan/la-scala/dine/mandarin-garden,momln-mandaringarden@mohg.com,statico
https://www.magazzinodellapizza.com/,,nessuna-email
https://www.ristorante-marina.it/,,irraggiungibile
https://www.mad-one.it/,,irraggiungibile
https://www.instagram.com/malibucernusco/,,nessuna-email
https://www.maggeseristorante.it/,,irraggiungibile
https://www.mamaginabrunate.it/,,nessuna-email
https://www.facebook.com/mamabluesbirreria/,,nessuna-email
https://www.magiclem.it/,,irraggiungibile
https://www.instagram.com/malu23lumezzane/,,nessuna-email
https://mangiafuocoristorante.it/,info@mangiafuocoristorante.it,render
https://www.maniinpastagroup.com/,,nessuna-email
https://www.instagram.com/mamanspub,,nessuna-email
http://www.facebook.com/mamascafemagenta/,,nessuna-email
https://mangiaebevi.base44.app/Home,,nessuna-email
https://marjbistrot.wixsite.com/marj-bistrot,marj.bistrot@gmail.com,render
https://www.facebook.com/share/1C14ao8wmj/,,nessuna-email
https://www.makaiuramakeria.it/,,nessuna-email
https://www.instagram.com/mangiaebevi_streetfood,,nessuna-email
https://mangioconequilibrio.it/,,nessuna-email
https://maistapizza.it/,,irraggiungibile
https://maniinpasta-trezzo.it/,,nessuna-email
https://www.pizzeriamaruzzellamilano.it/,gardenchina@icloud.com,statico
https://www.pizzeriamaruzzellamilano.it/,maruzzellazaramilano@gmail.com,statico
https://www.pizzeriamaruzzellamilano.it/,ristorantemaruzzellaoberdan3@gmail.com,statico
https://www.facebook.com/maojistreetfood/,,nessuna-email
https://www.facebook.com/ristorantemao,,nessuna-email
https://www.marechiaro.bg.it/,info@marechiaro.bg.it,statico
https://maniacafe.it/,ornellapavesi68@gmail.com,render
https://www.marraweb.it/,info@ninjamailtrap.com,render
https://www.mallama.it/,,irraggiungibile
https://malabarspicymilan.com/,,timeout
https://maricatering.it/,,nessuna-email
https://www.facebook.com/maria.punto.754,,nessuna-email
https://mammarosavimercate.it/,,nessuna-email
https://www.marengocatering.com/,info@marengocatering.com,render
https://www.masomittereck.com/,,nessuna-email
http://www.ristoranti.mcdonalds.it/ristorante/820,,irraggiungibile
https://www.mastersciatt.it/,info@mastersciatt.it,statico
http://masterburger.eatbu.com/,tyyyyy28@gmail.it,render
https://m.mcdonalds.it/,,irraggiungibile
https://mavidesignsrl.it/,,nessuna-email
https://www.masalaitaly.it/,,nessuna-email
https://www.instagram.com/marthaosteria/,,nessuna-email
https://www.ristorantemana.it/,,irraggiungibile
https://www.mamusca.it/,,irraggiungibile
https://www.mawpoke.com/,,nessuna-email
https://www.mbrianamonza.it/home,,nessuna-email
https://itplaces.me/pizzeria-mare-rosso-115134-it,contact@bizsite.link,statico
https://www.instagram.com/mauris_gardonevt,,nessuna-email
https://medeacafe.webnode.it/,contatto@esempio.it,statico
https://medeacafe.webnode.it/,medeacafe@libero.it,statico
https://marroristoranti.com/marro-rozzano/,33info@ristorantemarro.com,statico
https://marroristoranti.com/marro-assago/,89info@marrofisheria.com,statico
https://www.facebook.com/Max-Caf%C3%A8-155974261129268/,,nessuna-email
https://www.instagram.com/mavi.istanbul.restorant_,,nessuna-email
https://www.mangiaepasta.it/,,irraggiungibile
https://mannamilano.it/,,irraggiungibile
https://www.meetfoodrozzano.it/,,nessuna-email
https://www.maramaocafe.it/,,irraggiungibile
https://www.instagram.com/maybar.pizzeria,,nessuna-email
https://www.meatclubcurno.it/,meatcurnosrl@gmail.com,render
https://itplaces.me/martinengo-pizza-446711-it,contact@bizsite.link,statico
https://www.meetsushi.it/,info@meetsushi.com,render
http://www.medo-limbiate.it/,,nessuna-email
https://www.mareafood.it/,,irraggiungibile
https://instagram.com/mcdonalds_mortara,,nessuna-email
https://medeabrescia.com/,,nessuna-email
https://lavispa.it/,,nessuna-email
http://www.masonslobster.eu/,,nessuna-email
https://www.metodoclassico.wine/,info@metodoclassico.wine,statico
https://www.margot-ricevimenti.it/it/,,irraggiungibile
https://menoquattordici.altervista.org/,menoquattordici@gmail.com,statico
https://mercatoperbacco.com/,,nessuna-email
https://melpese.it/,paninimelpese@gmail.com,render
https://marromilano.com/,21info@marromilano.com,statico
https://www.meraki-bistrot.it/,info@meraki-bistrot.it,statico
https://www.instagram.com/meetupcafee,,nessuna-email
https://www.pizzerialameridionale.it/,,nessuna-email
https://www.instagram.com/memo.turkish_grill/profilecard/,,nessuna-email
http://facebook.com/mem-et%20restaurant,,nessuna-email
https://m.facebook.com/semivuoicafe/,,nessuna-email
https://www.mcdonalds.it/ristorante/lombardia/monza-e-brianza/carate-brianza-carso,,irraggiungibile
https://www.mcdonalds.it/ristorante/700,,irraggiungibile
https://milano-napoli.eatbu.com/,pizzeria.milanonapoli@gmail.com,statico
https://www.mezclachef.com/,,nessuna-email
https://www.mcdonalds.it/,,irraggiungibile
https://www.instagram.com/metropolitancremona,,nessuna-email
https://www.mezca.it/,info@mezca.it,statico
https://www.micramenitalia.it/,,nessuna-email
https://www.ristorantemezzaluna.net/,,nessuna-email
https://www.millenniumgelatomariano.com/,info@lagelateriamillennium.it,statico
https://www.millenniumgelatomariano.com/,rinogel2000@gmail.com,statico
https://www.mastro.pizza/,,irraggiungibile
https://ristorante-mezzo.it/,,nessuna-email
https://www.mastrorlando.it/,,irraggiungibile
https://www.trattoriamauroeluisa.com/,,irraggiungibile
https://www.mexshaan.com/,mexshaan@gmail.com,statico
https://mihosushi.it/ristoranti/castelmella/,marketing@mihosushi.it,render
https://www.facebook.com/Restaurante-Mi-Casa-585345758283864/,,nessuna-email
https://mihosushi.it/ristoranti/desio/,marketing@mihosushi.it,render
https://www.meateat.it/,,irraggiungibile
https://www.facebook.com/micasaosteria/,,nessuna-email
https://micapita.it/,,nessuna-email
https://www.ristorantemeditera.it/,,irraggiungibile
https://www.minkiachebon.com/,minkiachebon@gmail.com,render
https://www.milanoromaristorante.it/,,nessuna-email
https://www.instagram.com/miele.seregno,,nessuna-email
https://www.facebook.com/OfficinaDolciariabymilett.bresso/,,nessuna-email
https://www.mopesce.it/,info@mopesce.it,statico
https://www.spaziomilanostyle.it/,,nessuna-email
https://www.facebook.com/miliettaosteriamusicale/,,nessuna-email
https://www.mopizz.it/,info@mopizz.it,statico
https://www.minutobauli.it/,info@minutodibauli.it,statico
https://www.minutobauli.it/,odv.bauliretailsrl@gmail.com,statico
https://www.migasa.milano.it/,,nessuna-email
https://innovalabitaly.wixsite.com/misam,,nessuna-email
https://www.instagram.com/minervapavia/,,nessuna-email
https://www.thaifoodmorbegno.com/,,timeout
http://www.ristorantemido.com/,,irraggiungibile
http://www.miusushi.it/,,nessuna-email
https://mirage-restaurant.it/,,nessuna-email
https://www.tiktok.com/@mom.home.cucina,marketing@tiktok.unlocking,statico
https://m.facebook.com/Misspizzastradella/,,nessuna-email
https://www.facebook.com/mirai.sushi888,,nessuna-email
https://mexology.it/,,irraggiungibile
http://www.ilminigolf.net/,,irraggiungibile
http://www.ristorantemonza1931.com/,ulisescardenas78@gmail.com,statico
https://www.micamaleassago.it/,,irraggiungibile
https://www.modernomonza.com/,ilmodernomonza@gmail.com,statico
https://www.instagram.com/mizzicarosticceriasiciliana/profilecard/,,nessuna-email
https://monpetitbistrot.it/,marcododesini@icloud.com,statico
https://www.facebook.com/mojiteddumilano/,,nessuna-email
http://moodbarmuggio.it/,hello@flavor.com,statico
http://moodbarmuggio.it/,info@moodbar.it,statico
https://www.milanobistrot.it/,,irraggiungibile
https://www.molo14.it/,,nessuna-email
https://www.moonlight92.it/,moonlight92@alice.it,statico
https://www.instagram.com/mojitoclub2019,,nessuna-email
https://mimimilano.it/,,irraggiungibile
https://sushimomoko.it/,,nessuna-email
https://moscatelli.shop/,moscatelli.shop@gmail.com,statico
https://www.ristorantemori.it/,info@ristorantemori.it,statico
https://carnazzacomo.metro.rest/,carnazzacomo@gmail.com,statico
https://www.facebook.com/sagremondo/,,nessuna-email
https://www.miscelabistrot.it/,,irraggiungibile
https://www.instagram.com/momi.brescia/,,nessuna-email
https://www.nuovomitsui3.it/,,irraggiungibile
https://www.instagram.com/pizzeriailmonococcoghedi,,nessuna-email
https://www.instagram.com/montagbistrot/profilecard/,,nessuna-email
https://instagram.com/monkey_lecco,,nessuna-email
https://moiloungebistrotsesto.it/,,nessuna-email
https://www.miyaki.it/,,irraggiungibile
https://www.miyabibergamo.it/,,irraggiungibile
https://www.mizusushi.it/mizu-castano-primo-ristorante-giapponese-alla-carta-e-ristorante-di-cucina-orientale/,,irraggiungibile
https://www.sushimood.it/,,nessuna-email
https://moramoracafe.it/,,nessuna-email
https://mordisco.it/,,nessuna-email
https://mumisushi.it/,lzalimentari@legalmail.it,statico
http://mrsinghristorante.eatbu.com/,,nessuna-email
https://webapp.alvolo.app/moraloungebar/readonly,,nessuna-email
https://pescheriamurice.com/,info@pescheriamurice.com,statico
https://www.mrcarlinigroup.com/,,nessuna-email
https://www.moyasushi.it/,,nessuna-email
https://www.nombradevin.it/,info@nombradevin.it,statico
https://www.accorhotels.com/it/hotel-1137-novotel-milano-linate-aeroporto/index.shtml#origin=novotel,h1137@accor.com,statico
https://www.mogou.it/,,irraggiungibile
https://www.instagram.com/mulindimilan/,,nessuna-email
https://imissmycafe.com/,,nessuna-email
https://www.muratayatrattoriagiapponese.com/,,nessuna-email
https://namaste-pizzeria-e-cucina-indiana.eatbu.com/,santokhsingh860@gmail.com,statico
https://www.modofusionrestaurant.it/,,irraggiungibile
https://www.mokai.it/,,irraggiungibile
https://myistanbul.taacdelivery.it/,info@taacdelivery.it,render
https://msha.ke/nanavegkitchen,nanavegkitchen@gmail.com,statico
https://www.mokha.it/,,timeout
https://www.molinodeifrati.it/,,timeout
https://www.moltopiupizzeriaristorantepavia.it/,,irraggiungibile
https://www.facebook.com/muudbarbesanabrianza/,,nessuna-email
https://m.facebook.com/muacafetreviolo/,,nessuna-email
http://www.mywayout.it/,,nessuna-email
https://moodydesio.com/,,irraggiungibile
https://www.facebook.com/Ristorante-My-house-308206629218608/,,nessuna-email
http://www.musicolepsia.it/,,irraggiungibile
https://www.myopoke.com/,,nessuna-email
http://www.napulepizzeria.weebly.com/,,nessuna-email
https://www.nelbistrotlodi.it/,info@nelbistrotlodi.com,render
https://montesoprano.com/,,timeout
https://new-bar.metro.bar/,pasqualemarasca@gmail.com,statico
https://www.neokisho.it/,,nessuna-email
https://ristorantenamaste.it/,info@ristorantenamaste.it,statico
https://www.namastecomo.com/,info@namastecomo.com,statico
https://www.ristorantenavedano.it/,,nessuna-email
https://www.mujoramen.it/,,irraggiungibile
https://www.mumiramen.it/,,irraggiungibile
https://www.mulansushi.it/,,irraggiungibile
https://nembeerpub.it/,,nessuna-email
https://www.muscaricaffe.com/,,irraggiungibile
https://www.instagram.com/n.e.a.p.o.l.i.s_pizzeria/,,nessuna-email
https://www.muugrill.it/,,irraggiungibile
https://it-it.facebook.com/pages/biz/25086/Nero-Caff%C3%A8-1471950509746060/,,nessuna-email
https://www.neverlandstradella.it/,info@neverlandstradella.it,statico
https://www.muuuteca.com/,,irraggiungibile
https://muushi.com/,,irraggiungibile
https://www.nh-hotels.it/hotel/nh-milano-fiera/ristoranti,bookings@minor-hotels.com,render
https://www.nh-hotels.it/hotel/nh-milano-fiera/ristoranti,groupsales.at@minor-hotels.com,render
https://www.nh-hotels.it/hotel/nh-milano-fiera/ristoranti,groupsales.be@minor-hotels.com,render
https://www.nh-hotels.it/hotel/nh-milano-fiera/ristoranti,groupsales.blx@minor-hotels.com,render
https://www.nh-hotels.it/hotel/nh-milano-fiera/ristoranti,groupsales.ce@minor-hotels.com,render
https://www.nh-hotels.it/hotel/nh-milano-fiera/ristoranti,groupsales.ch@minor-hotels.com,render
https://www.nh-hotels.it/hotel/nh-milano-fiera/ristoranti,groupsales.cl@minor-hotels.com,render
https://www.nh-hotels.it/hotel/nh-milano-fiera/ristoranti,groupsales.co@minor-hotels.com,render
https://www.nh-hotels.it/hotel/nh-milano-fiera/ristoranti,groupsales.de@minor-hotels.com,render
https://www.nh-hotels.it/hotel/nh-milano-fiera/ristoranti,groupsales.dk@minor-hotels.com,render
https://www.nh-hotels.it/hotel/nh-milano-fiera/ristoranti,groupsales.es@minor-hotels.com,render
https://www.nh-hotels.it/hotel/nh-milano-fiera/ristoranti,groupsales.fr@minor-hotels.com,render
https://www.nh-hotels.it/hotel/nh-milano-fiera/ristoranti,groupsales.it@minor-hotels.com,render
https://www.nh-hotels.it/hotel/nh-milano-fiera/ristoranti,groupsales.mercosur@minor-hotels.com,render
https://www.nh-hotels.it/hotel/nh-milano-fiera/ristoranti,groupsales.mx@minor-hotels.com,render
https://www.nh-hotels.it/hotel/nh-milano-fiera/ristoranti,groupsales.nl@minor-hotels.com,render
https://www.nh-hotels.it/hotel/nh-milano-fiera/ristoranti,groupsales.pt@minor-hotels.com,render
https://www.nh-hotels.it/hotel/nh-milano-fiera/ristoranti,groupsales.uk@minor-hotels.com,render
https://www.nh-hotels.it/hotel/nh-milano-fiera/ristoranti,prenotazioni@minor-hotels.com,render
https://www.nh-hotels.it/hotel/nh-milano-fiera/ristoranti,reservas.ame@minor-hotels.com,render
https://www.nh-hotels.it/hotel/nh-milano-fiera/ristoranti,reservas@minor-hotels.com,render
https://www.nh-hotels.it/hotel/nh-milano-fiera/ristoranti,reservations@minor-hotels.com,render
https://www.nh-hotels.it/hotel/nh-milano-fiera/ristoranti,reservierungen@minor-hotels.com,render
https://www.ristorantenicolin.it/,info@n-nicolin.com,statico
https://www.mykeburger.it/,,irraggiungibile
https://newkisorosushi.it/,,nessuna-email
https://www.neohotel.it/,info@neohotel.it,render
https://www.facebook.com/New-White-Caf%C3%A8-Arcore-101986934747121/,,nessuna-email
https://locations.armani.com/restaurants-cafes-and-clubs/italy/nobu-milano,reservations.restaurants@giorgioarmani.it,render
https://nagoyax.it/,,irraggiungibile
https://nagoya2brescia.it/,,irraggiungibile
https://www.giardinoniwa.it/,,nessuna-email
https://nomadmilano.com/,%20info@nomadmilano.com,statico
https://nomadmilano.com/,info@nomadmilano.com,statico
https://www.instagram.com/nicepizza_seriate,,nessuna-email
https://www.napoletanopizzeriatrattoria.com/,,irraggiungibile
https://www.pizzerianapolon.it/,,irraggiungibile
https://naturasushi.it/,,irraggiungibile
https://www.nonsolopizzabg.com/,g21@tiscali.it,statico
https://www.nonsolopizzabg.com/,nonsolopizzasnc@lamiapec.it,statico
https://www.euroverdebio.com/servizi/natural-bio-taste,,irraggiungibile
https://www.nonnamariatrattoria.it/,,nessuna-email
https://www.normalunchanddinner.com/,norma.srl@legalmail.it,render
https://niettapizzeriafriggitoria.it/,,nessuna-email
https://noah-seregno.it/,,nessuna-email
https://www.nishiki.it/,,nessuna-email
https://www.noodlebarmilano.it/,noodlebarmilano@gmail.com,render
https://www.pizzeriabistronorin.com/,info@pizzeriabistronorin.com,statico
https://www.instagram.com/nobiscaffe,,nessuna-email
https://www.instagram.com/nonamealbino,,nessuna-email
https://www.panificiovaltellinese.it/,info@panificiovaltellinese.it,render
https://instagram.com/panificioboienti,,nessuna-email
https://www.nonnaflory.it/,,nessuna-email
https://ntc.eatbu.com/,,nessuna-email
https://linktr.ee/nuovocaffemanzoni,nuovocaffemanzoni@gmail.com,statico
https://linktr.ee/nuovocaffemanzoni,online@www.aaa.com,statico
https://linktr.ee/nuovocaffemanzoni,only@savagex.com,statico
https://linktr.ee/nuovocaffemanzoni,only@www.gobble.com,statico
https://www.nayrestaurant.it/,,irraggiungibile
https://neosterialocatelli.it/,,irraggiungibile
https://www.nerhoaroma.com/,,irraggiungibile
https://nuovomontecristo.wordpress.com/,nuovomontecristostaff@gmail.com,statico
https://www.facebook.com/noodlehouse.milano,,nessuna-email
https://www.nubajungle.com/,mazhoutteo06@gmail.com,statico
https://www.neekoramen.com/,,timeout
https://www.buffalocuggiono.it/,,irraggiungibile
https://giadaverde.netlify.app/,,nessuna-email
https://oasisushi.it/,impallari@gmail.com,statico
https://oasisushi.it/,team@latofonts.com,statico
https://www.ristoranteoprimmammore.com/,info@ilmiosito.com,render
https://www.ristoranteoprimmammore.com/,info@mysite.com,render
https://www.ristoranteoprimmammore.com/,ristoranteoprimmammore@gmail.com,render
https://www.oasiverdeseriate.it/,info@oasiverde.it,statico
https://www.facebook.com/Ristorante-Pizzeria-Nostromo-151320751572872,,nessuna-email
https://www.novecentoravizza.it/,novecento.ravizza@gmail.com,statico
https://menu.menumal.com/nuovobixtro,,nessuna-email
https://www.instagram.com/pizzerianumberonedicormano,,nessuna-email
https://www.niksandco.it/,,irraggiungibile
https://odatreviglio.wordpress.com/,osteriadellangelotreviglio@virgilio.it,statico
https://tolarco.wixsite.com/nvidiacafe/listino-prezzi,,nessuna-email
https://m.facebook.com/numberonearese/,,nessuna-email
https://www.nuovadrogheriamazzini.it/,info@nuovadrogheriamazzini.it,render
http://linktr.ee/officinadellatigella,officinadellatigella@gmail.com,statico
http://linktr.ee/officinadellatigella,online@www.aaa.com,statico
http://linktr.ee/officinadellatigella,only@savagex.com,statico
http://linktr.ee/officinadellatigella,only@www.gobble.com,statico
https://www.instagram.com/nuovo_elitecaffe,,nessuna-email
https://oasigiapponese.org/,,nessuna-email
https://www.nonnamariaosteria.it/,,irraggiungibile
https://www.nonnamiarosticceria.it/,,irraggiungibile
https://officinadelmarecolognomonzese.it/,officinadelmarecolognomonzese@gmail.com,render
https://www.instagram.com/napiz.pizzeriamilano/,,nessuna-email
https://www.instagram.com/o.zio_ncoppamartesana,,nessuna-email
https://officinadeldrink.it/,,nessuna-email
https://shorturl.at/dfsEX,hello@deliveroo.fr,render
https://www.noodleman.it/,,irraggiungibile
https://www.nordfish.it/content/9-ristorante-saint-jacques,,irraggiungibile
http://www.instagram.com/obicristorante,,nessuna-email
https://oinoswine.it/,eventi@oinoswine.it,statico
https://www.instagram.com/oceanrestaurant_milano,,nessuna-email
https://www.normancucina.it/,,irraggiungibile
http://www.opaworld.it/,cpanel_notice@notifiche.serverplan.com,statico
https://omayasushi.it/,,nessuna-email
https://www.novapizzeriaebistrot.it/,,irraggiungibile
https://www.officinadellapiadina.it/,,nessuna-email
https://ohanabistrot.it/,,nessuna-email
https://www.facebook.com/Osteria-Ol-Masn%C3%B9-307835902707381/,,nessuna-email
https://www.onepasta.com/,info@onepasta.com,statico
https://www.onepasta.com/,tuamail@mail.com,statico
http://barceraunavolta.eatbu.com/,,nessuna-email
https://linktr.ee/opinabile,online@www.aaa.com,statico
https://linktr.ee/opinabile,only@savagex.com,statico
https://linktr.ee/opinabile,only@www.gobble.com,statico
https://o-scugnizzo.it/,info@localweb.it,statico
https://o-scugnizzo.it/,newexperiencecri@gmail.com,statico
https://o-scugnizzo.it/,orjon.nallbati@onlawoffice.com,statico
https://o-scugnizzo.it/,privacy@localweb.it,statico
https://www.nuiimariano.it/,,irraggiungibile
https://www.facebook.com/oldfoxpub/,,nessuna-email
https://www.ororistorante.com/,prenota@ororistorante.it,statico
https://originepizza.com/,,nessuna-email
https://www.menya-ninomiya.com/it,okuzashiki.menyaninomiya@gmail.com,statico
https://www.osteriacotoeletta.com/,osteriacotoeletta@gmail.com,statico
https://www.osteriacotoeletta.com/,utente@dominio.com,statico
https://www.officinadeisaporisesto.it/,,nessuna-email
https://www.ristoranti.mi.it/,booking@ristoranti.mi.it,statico
https://www.oronero.me/,bar@oronero.me,statico
https://www.oronero.me/,contatto@esempio.it,statico
https://www.nuovonando.it/,,irraggiungibile
https://www.ombrarestaurant.com/,info@ombrarestaurant.com,render
https://www.osteriaafrodite.com/,afrodite@osteriaafrodite.it,render
https://orientistanbulkebappizzagrill.wordpress.com/,,nessuna-email
https://orecchiettevino.com/,,nessuna-email
https://osteria1940.com/,info@osteria1940.com,statico
https://osteriaalgallo.it/,server@cicciolinococcolo.com,statico
http://www.osaka-vigevano.it/,,nessuna-email
https://www.ororossozafferano.it/,ororossozafferano@gmail.com,render
https://osteria14.it/,osteriaquattordici@gmail.com,render
https://www.osteriaal29.com/,osteriaal29milano@gmail.com,render
https://www.instagram.com/ortika.mantova/,,nessuna-email
https://www.instagram.com/ortro.ledueanimedelpanino/,,nessuna-email
https://www.osteriacaneva.it/,info@osteriacaneva.it,statico
https://www.ocabiancaosteria.it/,,irraggiungibile
https://www.anticapieveosteria.it/,roberto.mabellini@gmail.com,statico
https://eloquent-toffee-5a470d.netlify.app/,info@osteriacristo.it,statico
https://www.facebook.com/Osteria-Dai-Ragazzi-del93-344331312739629/,,nessuna-email
https://ochedelivery.it/,,irraggiungibile
https://www.officinadelmare.com/,,irraggiungibile
https://www.ristoranteofficinadellabirra.it/,,irraggiungibile
https://www.almurett.com/,,nessuna-email
https://osteriaallarovere.it/,,nessuna-email
https://www.osteriadalcampaner.com/,osteriadalcampaner@gmail.com,render
http://www.facebook.com/OsteriaCaffetteriaFuoriporta/,,nessuna-email
https://www.osteriacrespi.com/,,nessuna-email
https://oldstationhouse.it/,,irraggiungibile
https://www.olivapizzeria.it/,,irraggiungibile
https://osteriasangiuseppe.eatbu.com/,osteriasangiuseppe@outlook.it,statico
https://www.osteriacominelli.it/,,nessuna-email
https://www.osteriadalcornuto.com/,info@osteriadalcornuto.com,statico
https://it-it.facebook.com/osteriadafortunata/,,nessuna-email
https://www.osteriadeifauni.it/,info@osteriadeifauni.it,statico
https://www.instagram.com/osteria_dabruno_nembro,,nessuna-email
https://www.osteriadelnaviglio.eu/,info@osteriadelnaviglio.it,statico
https://www.officinadellhamburger.it/,,timeout
https://www.ristoranteosteriadelmare.it/,info@ristoranteosteriadelmare.it,statico
https://www.facebook.com/OsteriaDaGianninomn/,,nessuna-email
https://www.facebook.com/pier.piceni65,,nessuna-email
https://www.instagram.com/osterialonate/,,nessuna-email
https://www.osteriadelparty.it/,giacorub@alice.it,statico
https://opera33.it/,,irraggiungibile
https://instagram.com/osteriadeiboci,,nessuna-email
https://www.osteriadelcavolo.com/,,nessuna-email
https://www.osteriadelponte.it/,osteriadelpontetrezzano@gmail.com,render
https://www.osteriadelponte.it/,utente@dominio.com,render
https://www.opificiocornaredo.it/,,irraggiungibile
https://www.orapastabusto.it/,,irraggiungibile
https://originetapasandmore.it/,,irraggiungibile
https://pesparabiago.it/,info@pesparabiago.it,statico
https://pesparabiago.it/,osteriadalpes@gmail.com,statico
https://osteriadelsanmartino.wordpress.com/,,nessuna-email
https://www.osteriadelsavio.com/,assistenza@webador.it,statico
https://www.osteriadelsavio.com/,info@osteriadelsavio.it,statico
https://www.osteriadelloca.it/,osteriadelloca2012@libero.it,statico
https://mymenuweb.com/it/restaurants/913669/,server@mymenuweb.com,statico
https://www.osteriaalcasale.it/,,irraggiungibile
https://www.alcircolino.it/,,irraggiungibile
https://www.fragoletta.it/,info@fragoletta.it,render
https://www.osteriaallagrande.com/,,irraggiungibile
https://www.osteriadellapizza.com/,,nessuna-email
https://www.osterialta.it/,,irraggiungibile
https://www.facebook.com/Osteria-Della-Dogana-154287871279369/timeline/,,nessuna-email
https://www.osteriaborgoventidue.it/,,irraggiungibile
https://www.osteriaburi.it/,,irraggiungibile
https://www.osteriacittadella.it/,,irraggiungibile
https://www.osteriacantina.it/,,irraggiungibile
https://m.facebook.com/pages/Osteria-Della-Malora/468593233174895,,nessuna-email
https://www.osteriadeltortellinovarese.it/,osteriadeltortellino.varese@gmail.com,statico
https://osteriadellabassa.it/,,nessuna-email
https://www.osteriadellavilletta.it/,,nessuna-email
https://www.osteriadelleranerosse.it/,,nessuna-email
https://www.osteriacopernico63.it/,,irraggiungibile
https://www.locandabortolino.it/osteria/,,irraggiungibile
https://m.facebook.com/QuattroTette/,,nessuna-email
https://www.osteriadeimatti.it/,info@osteriadeimatti.it,statico
https://www.osteriademilan.it/menu,,irraggiungibile
https://www.facebook.com/osteriadiBubba,,nessuna-email
https://www.rosesalo.it/,info@rosesalo.it,statico
https://www.facebook.com/Osteria-Di-Piazza-Litta-1430686717235840/,,nessuna-email
https://www.osteriadelborgobeb.it/,,irraggiungibile
https://osteriadellaghetto.it/,,irraggiungibile
https://www.osteriadelpozzo.com/,,irraggiungibile
https://www.osteriaformentini.it/,,nessuna-email
https://www.osteriadelriccio.it/,,irraggiungibile
https://www.osterialabottega.it/,info@osterialabottega.it,statico
https://www.osteriaitaliaerba.it/,,nessuna-email
https://osteriadelsass.it/,,irraggiungibile
https://www.osteriadelvinacciolo.it/,,irraggiungibile
https://www.facebook.com/Osteria-il-Foppone-Cremona-101910691880410,,nessuna-email
https://www.osteriadelsagrantino.it/,,irraggiungibile
https://www.osteriadelzep.com/,,irraggiungibile
https://www.osterialasosta.com/,info@osterialasosta.it,render
https://www.osteriainbesozzo.com/,info.ostebes@gmail.com,render
http://www.osteriadimezzo.it/,,irraggiungibile
http://osteriadellalunapiena.wordpress.com/,,nessuna-email
https://osterialagrandissima.carrd.co/,lagrandissimaosteria@gmail.com,render
https://www.osteriapaliodelloca.it/,info@osteriapaliodelloca.it,statico
https://www.osterialafrasca.com/,,nessuna-email
https://www.facebook.com/Osteria-La-Dispensa-107494797580357/,,nessuna-email
https://www.osteriadellangiolina.it/,,irraggiungibile
https://www.osteriadellangelo.it/,,irraggiungibile
https://www.anticaosteriadellalucciola.it/,,irraggiungibile
http://www.osteriamadalena.com/,,nessuna-email
https://www.facebook.com/osteria.lavignetta/,,nessuna-email
https://quellidellamasna.it/,,nessuna-email
http://www.piazzasordello26.it/,info@piazzasordello26.it,render
https://www.dellosperoneosteria.it/,,irraggiungibile
https://www.osteriaserafina.com/,info@osteriaserafina.it,statico
https://www.da-osteria-primo-piano.com/,assistenza@webador.it,statico
https://www.osteriadindondan.it/,,irraggiungibile
https://www.osteriamagenta.it/,osteriamagenta7@gmail.com,statico
https://gratis-4575624.webadorsite.com/,assistenza@webador.it,statico
https://www.molo13.it/,,nessuna-email
https://www.osteriasangiovannimilano.com/,imperialefit@gmail.com,statico
https://www.osteriasangiovannimilano.com/,info@osteriasangiovannimilano.com,statico
http://www.osteriamarascia.it/,,irraggiungibile
https://www.facebook.com/OsteriaPaneSalame/,,nessuna-email
https://www.ilcuuc.it/,,irraggiungibile
https://www.grandhotelosteria.it/,,irraggiungibile
https://www.osteriairma.it/,,irraggiungibile
https://osteriavaltellina.it/,osteriavaltellina@gmail.com,statico
https://www.osteriaitaliana.eu/,,irraggiungibile
https://www.ileonidicastellazzo.it/,,nessuna-email
https://osteriapapanicola.it/,,nessuna-email
https://www.osteriapanesalame.it/,osteriapanesalame.nerviano@gmail.com,render
https://www.osterialacarbonaia.it/,,nessuna-email
https://osterialasemivuota.it/,,irraggiungibile
http://www.trattoriaspiritodivino.it/,info@trattoriaspiritodivino.it,statico
https://www.facebook.com/Osteria-Regale-2107219412878025/,,nessuna-email
https://www.osteriasciuramaria.it/,info@osteriasciuramaria.it,statico
https://pachamamamilano.it/,pachamamanovoandina@gmail.com,statico
https://osteriasancarlocaffe.it/,osteriacafesancarlo@gmail.com,statico
https://osteriaveraurgnano.github.io/,,nessuna-email
https://www.pizzeriavesuviomilano.it/,asdashour165@gmail.com,statico
https://www.osteriavecchiabottega.com/,,nessuna-email
https://m.facebook.com/osteriasancipriano/,,nessuna-email
https://oyasushi.it/mantova,,nessuna-email
https://www.oyasushi.it/,,nessuna-email
https://famigliatajoli.it/,,nessuna-email
https://www.otrebormonza.com/,accoglienza@otrebormonza.com,statico
https://padellapazza.it/cernusco/,cernusco@padellapazza.it,render
https://padellapazza.it/gorgonzola/,gorgonzola@padellapazza.it,render
https://www.osteriaperbacco.it/,,irraggiungibile
https://www.osteriaromanatrezzo.it/,,irraggiungibile
https://www.osteriarifugiodabruzzo.it/,,irraggiungibile
https://www.osteriasangiovanni.it/,,nessuna-email
https://linktr.ee/palenquera.milano,contact@gdprlocal.com,statico
https://linktr.ee/palenquera.milano,dpo.support@gdprlocal.com,statico
https://linktr.ee/palenquera.milano,only@savagex.com,statico
https://linktr.ee/palenquera.milano,privacy@linktr.ee,statico
https://linktr.ee/palenquera.milano,reservas@palenqueramilano.net,statico
http://pampasbrasilchurrascaria.metro.rest/,pampasbrasilcomo@gmail.com,statico
https://pampaschurrascariamilano.metro.rest/,pampasmilano@gmail.com,statico
https://www.paddycullens.it/,info@ninjamailtrap.com,render
https://www.facebook.com/pages/Osteria-Da-Zio-Nini/312898762237826,,nessuna-email
https://www.osteriapizzerialangolo.com/,,timeout
https://www.panebun.it/,assistenza@webador.it,statico
https://www.panebun.it/,info@panebun.it,statico
https://padellapazza.it/vimodrone/,,nessuna-email
https://oxabar.it/,,nessuna-email
https://padellapazza.it/vimodrone/#menu-del-giorno,,nessuna-email
https://www.facebook.com/PCube3/,,nessuna-email
https://www.osteriavialarga.it/,,irraggiungibile
https://www.ostrichevino.it/,,irraggiungibile
https://www.facebook.com/PabCafe/,,nessuna-email
https://plazacasalpusterlengo.it/,,nessuna-email
http://pizzaekebab-voghera.it/,,nessuna-email
https://itplaces.me/pak-doner-kebab-583454-it,contact@bizsite.link,statico
https://www.ottocento-osteriaconcucina.it/,,nessuna-email
https://kotit-forno.vercel.app/,,nessuna-email
https://www.panfe.it/,info@panfe.it,statico
https://www.panfe.it/,risorse.umane@panfe.it,statico
https://www.pizzeriaottobello.it/,,irraggiungibile
https://www.instagram.com/palpucci/,,nessuna-email
https://www.instagram.com/palem.restaurant/,,nessuna-email
http://www.panetterierandon.it/,,nessuna-email
https://www.facebook.com/PanCaff%C3%A8-Big-One-693115170800754/,,nessuna-email
https://www.instagram.com/pan_pescado,,nessuna-email
https://m.facebook.com/PizzeriaPanciaPiena/,,nessuna-email
https://www.oyosushidalmine.it/,,irraggiungibile
https://www.instagram.com/fratellilobianco/profilecard/,,nessuna-email
http://www.panetteriarandon.it/randonITA/scheda_negozi.php,,nessuna-email
https://ilporticciolo.com/pizza-oyster/,,irraggiungibile
https://itplaces.me/pancafe-di-cavaleri-giancarlo-corsico-202451-it,contact@bizsite.link,statico
https://www.paninicacciamani.it/,info@paninicacciamani.it,render
https://www.instagram.com/panda.milano,,nessuna-email
http://panineriabirreriaoberon.wordpress.com/,,nessuna-email
https://www.instagram.com/pane_caffe/,,nessuna-email
https://www.pabos.it/menu/,,irraggiungibile
https://lapagodaseveso.it/,,irraggiungibile
http://www.instagram.com/scolari.1937,,nessuna-email
https://www.instagram.com/panificiocaffetteriamambretti/,,nessuna-email
https://www.instagram.com/paninaroover90,,nessuna-email
https://m.facebook.com/Panino-Grigliato-by-GabryLuke-1611517162457367/,,nessuna-email
https://www.facebook.com/Paninopizza-860197544106182/,,nessuna-email
https://www.paratiperu.it/,,nessuna-email
https://partenopeamilano.it/,pizzeriapartenopea25@gmail.com,render
https://www.pandorolecco.it/,,irraggiungibile
https://paninoeco.ordinaincloud.it/menu/7415,,nessuna-email
https://www.pasticceriabolandrini.it/,pasticceriabolandrini@gmail.com,statico
https://www.facebook.com/paninotecabass/,,nessuna-email
https://instagram.com/paradise.of.taste,,nessuna-email
https://www.facebook.com/share/1JxM5JL22T/,,nessuna-email
https://www.facebook.com/Passione-Pizza-1775563926082687/,,nessuna-email
https://itplaces.me/pappa-e-ciccio-pizzeria-933766-it,contact@bizsite.link,statico
https://pasticceriapariani.com/,,nessuna-email
https://pastafrescadagiovanni.altervista.org/,,nessuna-email
https://www.bindidessert.it/,info@bindidessert.it,statico
https://www.bindidessert.it/,info@bindiusa.com,statico
https://www.bindidessert.it/,privacy@sammontanaitalia.com,statico
https://www.bindidessert.it/,sammontana@legalmail.it,statico
https://www.pasticcerialartedeldolce.net/,lartedeldolceporrino@gmail.com,statico
https://www.pasticceria-busi.it/,info@pasticceriabusi.it,statico
https://instagram.com/passione_in_corte,,nessuna-email
https://www.gustolibero.net/,contatto@gustolibero.net,statico
https://www.pasticceriaoscar.it/,,nessuna-email
https://www.facebook.com/caferoyalofficial/,,nessuna-email
https://barpasticceriapertusini.it/,info@pasticceriapertusini.it,statico
https://barpasticceriapertusini.it/,tabaccheria.viaumberto@gmail.com,statico
https://www.pasticceriabak.com/,,nessuna-email
https://www.pasticceriacaffetteriapeccatidigola.com/,peccatidigola1711@gmail.com,statico
https://www.facebook.com/Pasticceria-Bassi-Villa-Magnolia-1512985628791066/,,nessuna-email
https://www.pasticceriamole.it/,pasticceriamole@alice.it,render
https://www.facebook.com/pasticceriaartigianalebarbieri/,,nessuna-email
https://www.panificiobertolini.it/,,irraggiungibile
https://www.paninitostimilano.com/,,irraggiungibile
https://www.pasticceriabargarden.com/,,nessuna-email
https://paulloistanbulkebap.eatbu.com/,siyarkaratas@icloud.com,statico
https://www.capricciodicomo.com/,,nessuna-email
https://pazzesco.catering/,hello@pazzesco.catering,statico
https://www.facebook.com/PasticceriaBasile/,,nessuna-email
https://www.papillonristorante.it/,,irraggiungibile
https://www.peopleeatmilano.it/,utente@dominio.com,statico
https://www.patata24.com/,contatto@esempio.it,statico
https://www.patata24.com/,info@eurodispenser.it,statico
https://dalepasticceria.it/,info@dalepasticceria.it,render
https://www.mino1970.com/,,nessuna-email
https://www.facebook.com/pasticceriadellasino/%20%20%20https://www.instagram.com/pasticceriadellasino/,,nessuna-email
https://www.pawonlena.com/,pawonlena@gmail.com,render
https://www.ristorantepescatoriincucina.com/,info@pescatoriincucinalissone.it,statico
https://www.ristorantepescatoriincucina.com/,pescatoriincucina@gmail.com,statico
https://pellico3milano.it/,pellico3.milano@hyatt.com,statico
https://instagram.com/bossonipasticceria,,nessuna-email
http://www.facebook.com/pasticceriaportoni,,nessuna-email
https://www.nuovapasev.com/,,nessuna-email
https://www.piadineriapascoli.it/,,nessuna-email
https://itplaces.me/pasticceria-cola-313718-it,contact@bizsite.link,statico
https://www.pasquipizzeriatrattoria.it/,,irraggiungibile
https://pasticceriareginacernusco.it/,ordiniregina@libero.it,statico
https://m.facebook.com/VogliaMattaRho/,,nessuna-email
https://www.pastafrescabistrot.it/,,irraggiungibile
https://m.facebook.com/pages/category/Local-Business/Pasticceria-Le-Piramidi-1807713872788807/,,nessuna-email
https://www.perchesi.it/,info@perchesi.it,statico
https://peterpanpizza.eccosites.it/,,nessuna-email
https://www.cardamomopersianpalace.it/,info@cardamomosrl.it,statico
https://www.cardamomopersianpalace.it/,persianpalace.lecco@gmail.com,statico
https://s3-eu-west-1.amazonaws.com/clienti360/peccatidigola/peccaticiro.html,,nessuna-email
https://pizzeriapeterpan.weebly.com/,,nessuna-email
https://milanophoenix.com/,contact@joinoko.com,statico
https://milanophoenix.com/,online@www.cnil.fr,statico
https://milanophoenix.com/,privacy@joinoko.com,statico
https://www.pescaderomilano.com/,pescaderomilano@gmail.com,statico
https://ristorantepescaemangia.it/,info@ristorantepescaemangia.it,statico
https://www.marenostrumsrl.it/,commerciale@marenostrumsrl.it,statico
https://www.marenostrumsrl.it/,marenostrum@pec.it,statico
https://www.marenostrumsrl.it/,reservations@foores.com,statico
https://www.marabelli.com/,,nessuna-email
http://facebook.com/pazzeria,,nessuna-email
https://wa.me/390221064230,,nessuna-email
https://www.facebook.com/al.penguincafe/,,nessuna-email
https://clienti360.wixsite.com/piadinaif,,nessuna-email
https://www.instagram.com/pepperscasale,,nessuna-email
https://www.belebun.it/,info@belebun.it,statico
https://doppiozan00.it/,doppiozan00@gmail.com,statico
http://www.pasticceriamelograno.it/,,nessuna-email
https://www.facebook.com/Pescherie-Lanfranchi-1606012999684506/,,nessuna-email
https://www.phihotelpiajo.com/ristorante,aroma@phihotelpiajo.com,statico
https://www.phihotelpiajo.com/ristorante,booking@phihotelpiajo.com,statico
https://www.phihotelpiajo.com/ristorante,dataprotection@pec.it,statico
https://www.phihotelpiajo.com/ristorante,dataprotection@sintab.it,statico
https://www.phihotelpiajo.com/ristorante,info@phihotelpiajo.com,statico
https://www.phihotelpiajo.com/ristorante,privacy@xeniahs.com,statico
https://www.piadineriamorgan.com/,,nessuna-email
https://www.ledeliziedilaura.com/,,irraggiungibile
http://www.pescatorelobsterbar.it/,,nessuna-email
https://instagram.com/piadaland_codogno,,nessuna-email
https://www.facebook.com/PK-piada-break-872014846214786/,,nessuna-email
https://www.pasticceriasalvioni.it/,,irraggiungibile
https://www.piazzaitalia.it/,servizioclienti@piazzaitalia.it,statico
https://www.piazzaitalia.it/,servizioclienti@piazzaitaliastore.it,statico
http://www.piazza-armerina.it/,,nessuna-email
https://piertrattoria.it/,info@ninjamailtrap.com,render
https://piadineriaferretti.it/,,nessuna-email
https://pescettino.it/,,nessuna-email
http://www.picassogroup.it/,info@picassogroup.it,statico
https://www.instagram.com/piade_milano_sandonato,,nessuna-email
https://italyx.top/piccolo-bar-2-0,,nessuna-email
https://instagram.com/piccola.champagneria,,nessuna-email
https://www.facebook.com/Piccolo-Bar-734856366588906/,,nessuna-email
https://pizzorto.it/menu,,nessuna-email
https://piqumonza.it/,info@localweb.it,statico
https://piqumonza.it/,longodaniel84@yahoo.it,statico
https://piqumonza.it/,orjon.nallbati@onlawoffice.com,statico
https://piqumonza.it/,privacy@localweb.it,statico
https://www.facebook.com/PiratiDeLuxe.Codogno/,,nessuna-email
https://pizzaalvolokebablonato.shop/,localoria.com@gmail.com,statico
https://www.peppinoristorante.com/,,irraggiungibile
http://www.piccolavela.it/,,irraggiungibile
https://m.facebook.com/pages/category/Italian-Restaurant/Piscinin-1533938723557812/,,nessuna-email
https://www.pizzadaasportodagiorgioesimone.it/,simo.sanga84@gmail.com,statico
https://www.pfrarredamenti.com/,,irraggiungibile
https://www.facebook.com/Pizz8limbiate1988/,,nessuna-email
https://www.pistopizza.it/,,nessuna-email
https://www.pizzaexpressdarfoboarioterme.com/,minatosa72@gmail.com,statico
https://www.piadreamsdicarrarafederica.it/,,irraggiungibile
https://pitzstop.it/,,nessuna-email
https://pizzaamsandonato.it/,,nessuna-email
https://www.pizzamiasamarate.it/,utente@dominio.com,statico
https://m.facebook.com/pizzaepizzashow/,,nessuna-email
https://it-it.facebook.com/pizzadaketty/,,nessuna-email
https://www.pizzeriaristorantepiccoloparadiso.it/,,nessuna-email
https://www.instagram.com/pita_shawarma_milano/,,nessuna-email
https://www.piadaeburger.com/,,timeout
https://www.piccolacucinacasamaria.it/,,irraggiungibile
https://www.piccolocaferestaurant.it/,,irraggiungibile
https://www.picett.it/,,irraggiungibile
https://m.facebook.com/pages/category/Pizza-Place/Pizza-Al-Taglio-Da-Paolo-308491505854679/,,nessuna-email
https://wa.me/message/VGROHKTO6PUMN1,,nessuna-email
https://www.instagram.com/trancissimo/,,nessuna-email
https://pizzahouse2.com/,,nessuna-email
https://pizzaoklentatesuls.wixsite.com/pizza-ok,pizzaoklentatesulseveso@gmail.com,render
http://209.67.101.191/,,irraggiungibile
https://www.pinoinduomomenu.it/,,irraggiungibile
https://www.pinkristobar.com/,,irraggiungibile
http://aladinokebab.com/,,nessuna-email
https://www.facebook.com/Pizzadaluca,,nessuna-email
https://www.facebook.com/pizzeriamontorfano/,,nessuna-email
https://pizzaleggeracaronno.netlify.app/,,nessuna-email
https://pizza-lume.it/,,nessuna-email
https://www.facebook.com/pages/Pizza-Flash-al-Castello-Capriolo/464246207075283,,nessuna-email
https://pizzaekebableno.shoppingflash.it/pizzaekebableno,info@shoppingflash.it,statico
https://pizzachic-arese.it/,,nessuna-email
https://www.pizzaokseveso.it/,,nessuna-email
https://www.pizzapartymi.it/,,nessuna-email
https://www.facebook.com/PizzaTaxiCasalpusterlengo,,nessuna-email
https://www.instagram.com/pizza_pazza_a_pezzi_4/,,nessuna-email
https://www.pizzaecuore.it/,,irraggiungibile
https://www.pizzafans.it/,,irraggiungibile
https://pizzacroc.it/,,nessuna-email
https://lanfranchimediagroup.wixsite.com/pizza1,,nessuna-email
https://pizzaecor.it/,,nessuna-email
https://itplaces.me/pizza-pazza-a-pezzi-849759-it,contact@bizsite.link,statico
https://www.facebook.com/daniela.aliprandi76/,,nessuna-email
https://app.pomoai.it/share/r/pizza-pazza-A0RXG3,,nessuna-email
http://www.pizzeedelizie-meda.it/,,nessuna-email
https://www.ristorantepizzamore.it/,,nessuna-email
https://www.facebook.com/pizzagrillincanto/,,nessuna-email
https://m.facebook.com/100063697536486/,,nessuna-email
https://t.me/pizzalabpazzesca_bot,,nessuna-email
https://deliveroo.it/it/menu/Bergamo/alzano-lombardo/al-portico-via-borghetto-28/,hello@deliveroo.fr,statico
https://deliveroo.it/it/menu/Bergamo/alzano-lombardo/al-portico-via-borghetto-28/,press@deliveroo.it,statico
https://pizzapazzacernusco.it/,,irraggiungibile
https://itplaces.me/pizze-e-delizie-541698-it,contact@bizsite.link,statico
https://www.instagram.com/pizzartdagimmy/,,nessuna-email
https://www.pizzatimeterno.it/,,irraggiungibile
https://www.pizzeriagrottino.it/,infogrottino@gmail.com,render
https://www.pizzatreviduepuntozero.com/,,irraggiungibile
https://ww.facebook.com/AMODINOINZAGO/,,nessuna-email
https://pizzapercaso.it/,,nessuna-email
https://www.pizzeriaacquario.com/,,nessuna-email
https://linktr.ee/pizzeriaalcavallino,online@www.aaa.com,render
https://linktr.ee/pizzeriaalcavallino,only@savagex.com,render
https://linktr.ee/pizzeriaalcavallino,only@www.gobble.com,render
https://it-it.facebook.com/pages/Pizzeria-Nuova-Santa-Lucia-Di-Fabbrocino-G-C/155860484434288,,nessuna-email
https://www.facebook.com/p/Pizzeria-24-Carati-100085849922692/,,nessuna-email
https://www.facebook.com/Pizzeria-San-Carlo-257517894379754/,,nessuna-email
https://www.pizzaut.it/,,nessuna-email
https://www.pizzacoteca.it/,,irraggiungibile
https://www.lafavolapizzeria.it/,,irraggiungibile
https://www.residencelalucciola.it/,,irraggiungibile
https://amodomiopizza.it/,,nessuna-email
https://www.facebook.com/pizzeriaaiporticialzanolombardo/,,nessuna-email
https://www.facebook.com/pizzeria.aladdin.meda/,,nessuna-email
https://www.facebook.com/Pizzeria-alla-fontana-loriginale-738605292858361/,,nessuna-email
https://www.facebook.com/pizzeriaasportocividino/,,nessuna-email
https://www.drinkino.it/damare_milano.html,,irraggiungibile
https://www.instagram.com/pizzeria.albatros/,,nessuna-email
https://pizzeria4stelle.it/,,nessuna-email
https://www.assaje.it/,,nessuna-email
https://www.facebook.com/PizzeriaAstesani/,,nessuna-email
https://www.pizzerie360.it/,,irraggiungibile
https://www.facebook.com/share/1BsdoMQz2A/,,nessuna-email
https://www.facebook.com/p/Pizzeria-Azzurra-100063467683045/,,nessuna-email
https://pizzeriablowout.shop/,,nessuna-email
https://linktr.ee/Pizzeriaidueponti,contact@gdprlocal.com,statico
https://linktr.ee/Pizzeriaidueponti,dpo.support@gdprlocal.com,statico
https://linktr.ee/Pizzeriaidueponti,online@www.aaa.com,statico
https://linktr.ee/Pizzeriaidueponti,only@savagex.com,statico
https://linktr.ee/Pizzeriaidueponti,only@www.gobble.com,statico
https://linktr.ee/Pizzeriaidueponti,privacy@linktr.ee,statico
https://www.facebook.com/barpizzeriamarbella/,,nessuna-email
https://www.instagram.com/belvedere_rho/,,nessuna-email
https://www.pizzeriadasportodellangolo.com/,enrico.algieri@gmail.com,statico
https://pizzeriacaffetteriadelmercato.com/,,nessuna-email
http://www.pizzeriacadorna-cinisello.it/,,nessuna-email
https://ordina.belvedereparabiago.it/,element@object.kh,render
https://www.instagram.com/pizzeria_bymeryy,,nessuna-email
https://www.calafuria.it/,info@calafuria.it,statico
https://www.facebook.com/carpediemmontichiari,,nessuna-email
https://pizzeriaalessandria.com/,,irraggiungibile
https://scanly.it/ristoranti/travagliato/pizzeria-cavallo,,nessuna-email
https://www.dafrencksondrio.com/,info@mysite.com,render
https://www.pizzeriadaipugliesi.it/,pizzeriadaipugliesi@gmail.com,statico
https://itplaces.me/pizzeria-capriccio-740108-it,contact@bizsite.link,statico
https://www.facebook.com/PizzeriadelcorsoRovato89/,,nessuna-email
https://cartoon-pizza.it/,,nessuna-email
https://www.instagram.com/pizzeriacastello_crema,,nessuna-email
http://pizzeriailcapriccioospitaletto.myadj.it/v/pizzeriailcapriccioospitaletto,,nessuna-email
https://www.instagram.com/cipeciophalal,,nessuna-email
https://www.pizzeriadatteri.it/,pizzeriadatteri@gmail.com,statico
https://www.bellanapolisettimo.it/,,irraggiungibile
https://www.pizzeriabirrerialabotte.it/,,irraggiungibile
https://www.instagram.com/pizzeria_lacolonna,,nessuna-email
https://doppiozero.discloud.app/,,irraggiungibile
https://www.pizzeriadellangolo.com/,pizzeria.angolo.alzano@gmail.com,statico
https://www.facebook.com/pizzeriadaaldolomazzo/,,nessuna-email
https://bonomius.it/,,irraggiungibile
https://m.facebook.com/Pizzeria-Da-Aldo-4-1681885258736030/,,nessuna-email
https://www.instagram.com/pizzeria_da_aldo_baruccana/,,nessuna-email
https://www.dagianniildiavoletto.com/,,nessuna-email
https://www.facebook.com/Binario2-185885771861077/,,nessuna-email
https://www.facebook.com/Pizzeria-da-mamma-Dina-182628339131581/,,nessuna-email
https://instagram.com/desideri.opizzeria,,nessuna-email
https://www.justeat.it/restaurants-la-pizzeria-del-fiume-laveno-mombello/menu,,nessuna-email
https://pizzeriadatito-milano.it/,,nessuna-email
https://www.instagram.com/pizzeria_danonno__meo,,nessuna-email
http://www.pizzeriaosteriabagio.it/,server@www.pizzeriaosteriabagio.it,statico
https://www.pizzeriaehamburgeria95.it/,assistenza@webador.it,statico
https://pizzeria-europa.metro.rest/,tagliafierro-europa@libero.it,statico
https://itplaces.me/pizzeria-da-tony-541794-it,contact@bizsite.link,statico
https://m.facebook.com/pages/category/Pizza-Place/Pizzeria-degli-angeli-1413006322344956/,,nessuna-email
https://www.facebook.com/pages/DEGUSTANDO/272107842826127,,nessuna-email
https://www.instagram.com/pizzeria_del_re_44,,nessuna-email
https://www.pizzeriadacarletto.it/,,nessuna-email
https://www.pizzeriadelcorso-caronnopertusella.it/,,nessuna-email
https://pizzeriadallozio.it/,,nessuna-email
https://elcairopizzeria.wixsite.com/elcairo,,nessuna-email
http://gialloreale.it/,contatti@francescoraucci.it,render
https://fratellidiversi.shoppingflash.it/fratellidiversi,fratellidiversi96@gmail.com,statico
https://fratellidiversi.shoppingflash.it/fratellidiversi,info@shoppingflash.it,statico
https://www.pizzeriafarinascere.com/,,nessuna-email
https://itplaces.me/pizzeria-del-centro-655395-it,contact@bizsite.link,statico
https://www.instagram.com/pizzeriasaporidinapoli_novate,,nessuna-email
https://m.facebook.com/SALVOENICKYETNA/,,nessuna-email
https://www.pizzafragrante.it/,,nessuna-email
https://pizzapace.it/it/,,irraggiungibile
https://www.pizzeriadasportolaluna.it/,,irraggiungibile
https://instagram.com/pizzeriaegittosondrio,,nessuna-email
https://gep.vedimenu.com/,,nessuna-email
https://www.instagram.com/pizzeriaflappo,,nessuna-email
https://www.ilvicolettoristorante.com/,gianni.co@libero.it,statico
https://www.pizzeriadelparcorovellasca.it/,,irraggiungibile
https://www.pizzeriadelsolemilano.it/,,irraggiungibile
https://it-it.facebook.com/pages/Pizzeria-Gastronomia-Bonaparte/678429712209634,,nessuna-email
https://www.ilmagolonatepozzolo.it/,asdashour165@gmail.com,statico
https://midika.eu/listing/pizzeria-il-mago-4/,,nessuna-email
https://www.facebook.com/share/1E2vV1nbkb/,,nessuna-email
https://www.facebook.com/share/1BHfSxwvs8,,nessuna-email
https://pizzeriailpiacere.com/,,nessuna-email
https://www.ilgabbianopizzeria.it/,,nessuna-email
http://www.pizzeriailpontemilano.it/,,nessuna-email
https://itplaces.me/pizzeria-hurgada-185620-it,contact@bizsite.link,statico
https://pizzeria-kairos.it/,,nessuna-email
https://docpizzeriaalbino.it/,,timeout
http://www.pizzeriailboss.it/,,irraggiungibile
https://m.facebook.com/ilcorallo.ilcorallo.5,,nessuna-email
https://www.instagram.com/pizzeria_ilcentro_/profilecard/,,nessuna-email
https://lareginapizzeria.shoppingflash.it/lareginapizzeria,info@shoppingflash.it,statico
https://www.ristorantepizzeriadukat.it/,,timeout
https://www.pizzeriagiuseppeesposito.it/,,irraggiungibile
https://iltegaminomilano.com/,,nessuna-email
https://itplaces.me/pizzeria-istanbul-788994-it,contact@bizsite.link,statico
https://www.facebook.com/ilnilo2/,,nessuna-email
http://www.pizzeriakenzy.it/,,nessuna-email
https://www.facebook.com/Il-Belpaese-Giussano-2064807017171391/,,nessuna-email
https://www.instagram.com/ilgamberosuzzara,,nessuna-email
https://pizzeriakingcr.shop/,,nessuna-email
https://www.pizzerialunadoro.com/,salamaibrahim761@gmail.com,statico
https://linktr.ee/lobidu,mircolobianco@outlook.it,statico
https://linktr.ee/lobidu,online@www.aaa.com,statico
https://linktr.ee/lobidu,only@savagex.com,statico
https://linktr.ee/lobidu,only@www.gobble.com,statico
https://kilometro035.it/,,nessuna-email
https://www.pizzeriakebabmsh.it/,,nessuna-email
https://italia1monza.it/,,nessuna-email
https://www.facebook.com/labottegadellapizzagussago/,,nessuna-email
http://facebook.com/pages/category/Pizza-Place/Pizzeria-La-Costiera-720364811374692/,,nessuna-email
https://www.instagram.com/labottegadellapizza2/,,nessuna-email
https://www.pizzeriailgallo.it/,,irraggiungibile
https://pizzeriailritorno.it/,,irraggiungibile
https://itplaces.me/pizzeria-la-vera-napoli-291643-it,contact@bizsite.link,statico
https://pizzeriamadeinnapoli.it/,,nessuna-email
https://pizzeriamimi.food/,support@technoknock.it,render
https://pizzerialarosa.store/,,nessuna-email
https://www.facebook.com/share/18qyeYvYJc/,leonecasorate@gmail.com,render
https://www.luppoloselvatico.it/,,nessuna-email
https://www.facebook.com/laveracebrescia/,,nessuna-email
https://mery-pizzarestaurant.it/,contatto@esempio.it,statico
https://mery-pizzarestaurant.it/,pizzaristomery@gmail.com,statico
https://www.facebook.com/share/1ZGvjnow32/,,nessuna-email
http://www.pizzerialinus.it/,,nessuna-email
https://linktr.ee/PizzeriaNumberOne,contact@gdprlocal.com,statico
https://linktr.ee/PizzeriaNumberOne,dpo.support@gdprlocal.com,statico
https://linktr.ee/PizzeriaNumberOne,online@www.aaa.com,statico
https://linktr.ee/PizzeriaNumberOne,only@savagex.com,statico
https://linktr.ee/PizzeriaNumberOne,only@www.gobble.com,statico
https://linktr.ee/PizzeriaNumberOne,privacy@linktr.ee,statico
https://www.instagram.com/pizzerialambroerba/,,nessuna-email
https://www.pizzerialosfizio.it/,info@localweb.it,statico
https://www.pizzerialosfizio.it/,orjon.nallbati@onlawoffice.com,statico
https://www.pizzerialosfizio.it/,privacy@localweb.it,statico
https://palinuropizza.wordpress.com/,palinuropizza@gmail.com,statico
https://loschiaffone.it/,,nessuna-email
https://www.pizzeriamalibu2-sangiuliano.it/,,nessuna-email
https://www.pizzerialafarcita.com/,,irraggiungibile
https://www.pizzeria-marechiaro.com/,marechiaro.garlasco@gmail.com,render
https://www.pummaro-rho.it/,amm@pummaro-rho.it,statico
https://montegrignalegnano.com/,,nessuna-email
https://m.facebook.com/Pizzeria-Max-Besana-103053127772215/,,nessuna-email
https://www.facebook.com/pages/Marechiaro-pizzeria-di-ruocco-gerardo/676647515721368,,nessuna-email
https://www.pizzamiro.it/,pizzamiro@gmail.com,render
https://www.instagram.com/pizzeriamarebluvillaggiobadia/,,nessuna-email
http://www.pizzerianapoletanabiagio.com/,,nessuna-email
https://www.pizzerialaspagnola.it/,,irraggiungibile
https://bit.ly/Pizzeria-Millennium,,nessuna-email
https://naple.it/,,nessuna-email
https://moodypizzeria-lissone.it/,,nessuna-email
https://pizzaokcrema.it/,pizzaokdicrema@gmail.com,render
https://innovalabitaly.wixsite.com/pizzeriaparadiso,,nessuna-email
https://www.pizzerialuciadal1987.it/,,irraggiungibile
https://www.ristorantepizzeriadaniela.com/,daniela@ristorantepizzeriadaniela.com,statico
https://pizzeriamaninpastanembro.it/,,irraggiungibile
https://www.facebook.com/pages/Pizzeria-napoletana-da-Tony/204119829606008,,nessuna-email
https://www.ristorantepizzeriacharlot.it/,ristorantecharlot@outlook.it,statico
http://www.facebook.com/PizzeriaOceania/,,nessuna-email
https://m.facebook.com/Pane-e-Olio-308180379363670/,,nessuna-email
https://pizzeriepulcinella.com/,,nessuna-email
https://perladelparadiso.com/,,nessuna-email
https://bellanapolipavia.it/,bella.napoli@gmail.com,statico
https://bellanapolipavia.it/,bella.napoli@mail.com,statico
https://www.facebook.com/ZioNicoPizzeria/,,nessuna-email
https://www.facebook.com/pizzeriapappagallo.stezzano/,,nessuna-email
https://itplaces.me/pizzeria-nardin-di-eskander-110621-it,contact@bizsite.link,statico
http://pizzeriaregina.xoom.it/,,nessuna-email
https://www.instagram.com/peccati_di_gola_rozzano,,nessuna-email
https://www.pizzeriaspaziolibero.it/,pizzeriaspaziolibero@gmail.com,statico
https://bitlocal.it/pizzeria-napoletana/,,irraggiungibile
https://www.mordiefuggilesmo.com/,,irraggiungibile
https://pizzeriacampello.it/,,nessuna-email
https://www.pizzeriatirano.com/,,nessuna-email
https://www.facebook.com/people/Pizzeria-Poldo-Cormano/100051865406645/#,,nessuna-email
https://itplaces.me/piccola-capri-305982-it,contact@bizsite.link,statico
https://itplaces.me/pizzeria-pomodoro-rosso-946590-it,contact@bizsite.link,statico
https://www.pizzeriarustica.it/,server@pizzeriarustica.it,statico
https://www.pizzeriaristorantemediterraneo.it/,,nessuna-email
https://www.instagram.com/pizzeriaristocastellani/,,nessuna-email
https://pizzeriareginamargherita-gambolo.it/,,nessuna-email
https://pizzeriapizzacisu.it/,,timeout
https://www.pizzeriadaciro.it/,,timeout
https://www.amarechiaro.it/,,timeout
https://itplaces.me/pizzeria-ristorante-vecchia-carbonera-102571-it,,timeout
https://www.instagram.com/pizzeriaromaghedi,,timeout
https://www.pizzeriarosalba.com/,,timeout
http://www.pizzeriarubina.it/,,timeout
https://www.pizzeria-piazzetta.it/,,timeout
https://www.pizzeriasolaro.it/,,timeout
https://lapicara.it/,,timeout
http://www.facebook.com/pizzeria-mare-blu-travagliato-403003823392661,,timeout
https://pizzerie.romanticapizza.it/romantica-monza-5abb695a1199,,timeout
https://pizzerie.romanticapizza.it/romantica-roncadelle-92086aea15ab,,timeout
https://pizzeriaborgoclio.com/,,timeout
https://www.pizzeriadesio.com/,,timeout
https://pizzaasangiorgio.it/,,timeout
https://m.facebook.com/ristosangiorgio/,,timeout
https://itplaces.me/san-luca-449350-it,,timeout
https://www.facebook.com/PizzeriaSanBenedetto,,timeout
https://sangiovanni2.com/,,timeout
https://san-marco-srl.it/,,timeout
http://www.pizzeriasanmichele.it/,,timeout
https://www.ristorantedellamoreopera.it/,fathi.george@gmail.com,statico
https://www.pizzeriatoto.com/,pizzeriatoto@hotmail.it,statico
https://sanmichele-rho.it/,,timeout
https://www.speedypizzasantangelo.com/,pizza.speedy@tiscali.it,statico
https://www.ristorantepizzeriatre.it/,info@ristorantepizzeriatre.it,statico
https://saporedipizza.top/,,nessuna-email
https://ristorantesantostefano.it/,,timeout
https://www.pizzeriesara.it/,,timeout
https://www.instagram.com/scalomerce/,,timeout
http://www.seby.com/,,timeout
https://www.facebook.com/Pizzeria-Sempione-Da-Lorenzo-E-Ivan-1092472924130361/,,timeout
https://www.ristorantepizzeriavesuvio.it/,francovesuvio@tiscali.it,statico
https://linktr.ee/pizzeria_sofi.ce_cremona,online@www.aaa.com,statico
https://linktr.ee/pizzeria_sofi.ce_cremona,only@savagex.com,statico
https://linktr.ee/pizzeria_sofi.ce_cremona,only@www.gobble.com,statico
http://terramiadagennaro.it/,,nessuna-email
https://pizzeriatetova.it/,info@localweb.it,statico
https://pizzeriatetova.it/,jetmirismaili061@gmail.com,statico
https://pizzeriatetova.it/,orjon.nallbati@onlawoffice.com,statico
https://pizzeriatetova.it/,privacy@localweb.it,statico
https://pizzeriameme.it/,greibysarahy4@gmail.com,statico
https://pizzeriameme.it/,info@localweb.it,statico
https://pizzeriameme.it/,orjon.nallbati@onlawoffice.com,statico
https://pizzeriameme.it/,privacy@localweb.it,statico
https://www.facebook.com/TakeAwayCarate/,,nessuna-email
https://www.facebook.com/pizzeriaspigadigrano/,,nessuna-email
https://www.facebook.com/Senso-Unico-1256688384347570/,,nessuna-email
https://www.pizzorto.it/,,nessuna-email
https://www.facebook.com/Pizzeria.Trattoria.Tramonti.Cinisello.Balsamo/,,nessuna-email
https://pizzeriavesuviosondrio.com/,,nessuna-email
https://www.pizzeriatrattorialeo.it/,,nessuna-email
https://pizzeriaventuno.it/,pizzeria.ventuno21@gmail.com,statico
https://www.instagram.com/pizzeriasignorini/,,nessuna-email
https://solodanoi-nerviano.it/,,nessuna-email
https://www.pizzeriatitanic-sandonato.it/,,nessuna-email
https://www.instagram.com/pizzeria_timo_di_agrate,,nessuna-email
https://www.pizzerialentate.com/,,nessuna-email
https://pizzicocinisello.it/,,nessuna-email
https://www.facebook.com/Planetbarpizzeria/,,nessuna-email
https://www.pokeninja.it/,pokeninjashop@gmail.com,statico
https://www.pokeninja.it/,support@starapps.studio,statico
https://www.pokeninja.it/,sushi2.0srl@gmail.com,statico
https://pleaselesmo.it/,please.lesmo@antigua.it,statico
https://www.foodbooking.com/ordering/restaurant/menu,contact@foodbooking.com,statico
https://www.pomaki.it/,info@pomaki.it,statico
https://itplaces.me/pizzeria-tramontina-di-giordano-gaetano-678490-it,contact@bizsite.link,statico
https://www.instagram.com/plin.milano/,,nessuna-email
https://www.pokeria.com/,,nessuna-email
https://poke-house.com/,,nessuna-email
http://www.pocodibuono.net/,,nessuna-email
https://www.porto-franco.it/,info@elatedthemes.com,statico
https://www.porto-franco.it/,info@porto-franco.it,statico
https://www.tarantepizzerianapoli.it/,,irraggiungibile
https://www.pizzeriaspizzico.it/,,irraggiungibile
https://www.pizzeriatrecorone.com/,,irraggiungibile
https://pokegarden.ipratico.com/,,nessuna-email
https://www.pizzeriaviamarconi.it/,,irraggiungibile
https://www.pokebon.it/,,nessuna-email
https://www.pizzeriafontanella.it/,,irraggiungibile
http://www.posteriasanrocco.it/,info@posteriasanrocco.it,statico
https://www.polentoneburgerbistrot.it/,,nessuna-email
https://www.instagram.com/pokecorner_lentate/,,nessuna-email
https://pizzeriapoker.it/,,nessuna-email
https://www.poporoyamilano.com/,info@poporoyasrl.it,statico
https://pizzootto.it/,,irraggiungibile
http://www.pokestore.it/,,irraggiungibile
https://ristopollicino.it/cologno-monzese/,,nessuna-email
https://tiktok.com/@portafogliostreetsud,,nessuna-email
https://www.planetpizzacantu.it/,,irraggiungibile
https://www.premiatagnoccheriarisotteria.com/,gnoccheriarisotteria@gmail.com,statico
https://www.premiatagnoccheriarisotteria.com/,pastificiodo@gmail.com,statico
https://pizzeriadelvicolo.it/,,timeout
https://www.ristopollicino.it/seregno,,nessuna-email
https://www.plantbistrot.it/,,irraggiungibile
https://www.platonewinebeer.it/,,irraggiungibile
https://popeyeschicken.it/it,,nessuna-email
https://www.facebook.com/pages/Pomodoro-e-Mozzarella-Lainate/700062740161435,,nessuna-email
https://www.prestigecafecogliate.it/,utente@dominio.com,statico
https://www.possigelatieri.shop/,,nessuna-email
https://m.facebook.com/pages/category/Pizza-Place/Pizzeria-POPI-POPI-587357044741598/,,nessuna-email
https://it-it.facebook.com/portellocaffe/,,nessuna-email
https://www.potafiori.com/,,nessuna-email
https://facebook.com/potalapizzacalcinato,,nessuna-email
https://www.facebook.com/PizzeriaPratoCentenaro/,,nessuna-email
https://www.primolocale.com/,,nessuna-email
https://ristorantepreziosilla.it/,info@ristorantepreziosilla.it,statico
https://www.pizzeriapuntoevirgola.com/,puntovirgola2019@gmail.com,statico
https://princerestaurant.it/,princerestaurant@gmail.com,statico
https://ristoranteindianolecco.it/,punjabindianrestaurant18@gmail.com,statico
https://instagram.com/prealvino,,nessuna-email
https://www.ilposs.it/,,nessuna-email
https://www.ristorantepizzerialacaneva.it/,,nessuna-email
https://www.porkettiamo.com/,,irraggiungibile
https://www.pourparlermilano.com/,,nessuna-email
https://m.facebook.com/Pizzeria-Tennis-Nembro-258807257910572/,,nessuna-email
http://www.facebook.it/princestower,,nessuna-email
https://www.poshipoke.it/,,irraggiungibile
https://qyourqualityexperience.it/,qcastellanza@gmail.com,statico
https://punjabidhaba.it/,,nessuna-email
https://www.instagram.com/proseccheria49/,,nessuna-email
https://www.facebook.com/divietobarpub/,,nessuna-email
https://www.qbr-queibraviragazzi.it/,lopez_massimiliano@yahoo.com,statico
https://www.qbr-queibraviragazzi.it/,mario.rossi@mail.it,statico
https://www.purociboevino.it/,info@purociboevino.it,statico
https://www.purociboevino.it/,purociboevino@gmail.com,statico
https://www.posteriadelrosso.it/,,irraggiungibile
https://www.facebook.com/purabrace/,,nessuna-email
https://potapoke.it/,,irraggiungibile
https://www.qbsaronno.com/,qbsaronno@gmail.com,render
https://puntozerovigevano.it/,puntozero.vigevano@gmail.com,statico
https://www.qor.it/,info@qor.it,render
https://puntopizzaandgrillhouse.it/,,nessuna-email
https://puntopizza.it/,,nessuna-email
https://puntopizzacologno.it/,,nessuna-email
https://puteamilano.it/,,nessuna-email
https://www.primevo-ristorante.it/,,irraggiungibile
https://www.primopavia.it/,,irraggiungibile
https://quadropheniarestaurant.it/,,nessuna-email
https://www.qbioartigianidelgusto.it/,,nessuna-email
https://www.bottegaradici.com/,info@bottegaradici.it,statico
https://www.raggiocorto.com/,info@raggiocorto.it,statico
https://www.raggiocorto.com/,utente@dominio.com,statico
https://www.facebook.com/share/1dYTvQycCpYGHks5/,,nessuna-email
https://attivita.cittainvetrina.eu/ramenramen/,,irraggiungibile
https://www.instagram.com/queen_loungebar_/,,nessuna-email
https://www.alphagame.it/,,nessuna-email
https://www.prontopizzaweb.com/,,irraggiungibile
https://instagram.com/qb_gourmet,,nessuna-email
https://www.unibirra.it/,,irraggiungibile
https://www.raffaeledistasio.com/,,nessuna-email
https://www.quoreitaliano.it/,,nessuna-email
https://www.ramenamano.it/,info@ramenamano.it,statico
https://quelposticino.it/,,nessuna-email
https://www.instagram.com/queenpubrovato,,nessuna-email
https://quattroloungebar.it/,info@quattroloungebar.it,statico
https://www.ramenstationcorsosangottardo.com/,ramenstation20@gmail.com,render
https://www.hifolks.it/,,irraggiungibile
https://www.punjabgrillbar.com/,,irraggiungibile
https://www.pucciotrattoriacasereccia.it/,,irraggiungibile
https://www.pucciamicomevuoi.it/,,timeout
https://www.puntofermo.net/,,irraggiungibile
https://rawbistrot.com/raw-bistrot,,irraggiungibile
https://www.purabrace.it/,,irraggiungibile
https://www.ilrebelot.com/,ristoranterebelot@outlook.it,statico
https://www.facebook.com/ralucaffesamarate/,,nessuna-email
https://www.ragnettofamilypark.it/,,nessuna-email
https://www.facebook.com/share/1AX3XYy3jZ/,,nessuna-email
https://www.rebisrestaurant.com/,info@rebisrestaurant.com,statico
https://quiamare.it/,,nessuna-email
https://rataitoullerestaurant.lovable.app/,info@rataitoulle.com,render
https://realoneindianrestaurant.com/,realoneristoranteindiano@gmail.com,statico
https://lucaphphoto.wixsite.com/ranzabistrotbresso,,nessuna-email
https://www.instagram.com/randevubar_,,nessuna-email
https://www.instagram.com/ranzanibistrot/,,nessuna-email
https://ramenshifu.it/lambrate-milano/,,nessuna-email
http://www.reginas-milano.it/,,nessuna-email
http://facebook.com/Ravioleriavigevano/,,nessuna-email
https://www.corestaurant.it/,,irraggiungibile
https://restaurantwenxiang.wordpress.com/contact/,,nessuna-email
http://www.restaurantstore.it/,,nessuna-email
https://www.hotelristorantesicilia.it/ristorante/,,nessuna-email
https://www.rhop.it/,,irraggiungibile
https://www.rexbibendi.it/,info@rexbibendi.it,render
https://www.racingpark.it/,,irraggiungibile
https://regallettocalcinato.it/,,nessuna-email
https://www.quantoseipunk.it/,,irraggiungibile
https://www.raito-sushi.it/,,irraggiungibile
https://www.facebook.com/reefcafe.bergamo,,nessuna-email
https://retroscenarovato.it/,ristorante@collettoagribiorelais.com,render
https://www.damimmo1997.com/,,nessuna-email
https://radiciosteriacontemporanea.it/,,timeout
https://www.facebook.com/ReddogRNRbar,,nessuna-email
https://www.reginacatari.it/,,nessuna-email
https://m.facebook.com/localetreviglio/,,nessuna-email
https://www.richsbar.it/,richsrezzato@gmail.com,statico
https://www.richsbar.it/,utente@dominio.com,statico
https://www.retrobottegabistrot.com/,,nessuna-email
https://instagram.com/reburnseveso,,nessuna-email
http://www.ristoranterigolo.it/,info@rigolo.it,statico
https://www.instagram.com/retro_osteria,,nessuna-email
http://www.ripamonticafe.wordpress.com/,ripamonticafe@gmail.com,statico
https://www.facebook.com/Revel-Unplugged-Chiari-620352061497782/,,nessuna-email
http://www.revolutionristorantepizzeria.it/,,nessuna-email
https://facebook.com/revolutionurgnano/,,nessuna-email
http://www.rianrestaurantcafe.it/,info@rianrestaurantcafe.it,render
https://atlas-lion-taste.base44.app/,,nessuna-email
https://riad-fes-site.vercel.app/,,nessuna-email
https://ranokkio.it/,,nessuna-email
https://rionecavour.it/,info@rionecavour.it,statico
https://riapassioneitaliana.it/trattoriapizzeria/,info@riaconsulting.it,render
https://www.rare-mare.it/,,irraggiungibile
https://riapassioneitaliana.it/pasticceriacaffetteria/,info@riaconsulting.it,render
https://www.facebook.com/rodry.scala,,nessuna-email
https://instagram.com/bar_rhodrigo,,nessuna-email
https://enotecaredredwine.com/,,irraggiungibile
https://www.ristoranteanastasia.eu/,barnataly@pec.it,statico
https://www.ristoranteanastasia.eu/,barsvitlana0104@gmail.com,statico
https://www.fantinoblu.com/,fantinoblu25@gmail.com,statico
https://rawanabar.com/,,irraggiungibile
https://www.rimanipavia.com/,info@rimanipavia.com,statico
https://www.maiabefetas.it/,contatto@esempio.it,statico
https://www.maiabefetas.it/,maiabefetas@yahoo.com,statico
https://www.ristocafemeetingcastelleone.com/,,nessuna-email
http://www.risotteriaallatorre.com/,,nessuna-email
https://www.instagram.com/ribot_birreria_cucina_/,,nessuna-email
https://www.risotteriaorca.it/,,nessuna-email
https://www.facebook.com/Riconcito-Huaralino-2-107785298083511/,,nessuna-email
https://shamsbeirut.it/,,irraggiungibile
https://www.pizzerialaghetto.com/,info@pizzerialaghetto.com,statico
http://ristorantepizzeriadaalfreda.eatbu.com/,acetigaia7@gmail.com,statico
https://m.facebook.com/Bar-Pizzeria-Gelateria-Cristallo-182938215070728/,,nessuna-email
http://www.facebook.com/ristoranterinocomo,,nessuna-email
https://www.inprime.it/company/6531/,,nessuna-email
https://www.acasadirucci.it/,assistenza@webador.it,statico
https://m.facebook.com/pizzeriataccona/,,nessuna-email
https://www.ristorantealsantuario.com/,info@cioccolatitaliani.com,statico
https://www.ristorantealsantuario.com/,info@ristorantealsantuario.com,statico
https://www.iltrima.it/,info@iltrima.it,render
https://www.alcampanileristorante.it/,,nessuna-email
https://ristopizzeriaigirasoli.it/,girasoliristorante@gmail.com,statico
https://www.yifanmilano.it/,,irraggiungibile
https://localesondrio.it/,illocaleso@gmail.com,statico
https://localesondrio.it/,info@localweb.it,statico
https://localesondrio.it/,orjon.nallbati@onlawoffice.com,statico
https://localesondrio.it/,privacy@localweb.it,statico
https://instagram.com/amodomio_lodi,,nessuna-email
https://ristorantealmalo.it/,,nessuna-email
https://alpastabar.it/,,nessuna-email
https://www.facebook.com/al.mottarone,,nessuna-email
https://www.instagram.com/aljawhara_pub/,,nessuna-email
http://www.ristobio.it/,,irraggiungibile
https://www.ortodisantantonio.com/,,nessuna-email
https://m.facebook.com/pages/Alcatraz/253806561386546,,nessuna-email
https://www.riadlaperlanera.it/,,irraggiungibile
https://www.ricettofoodandwine.it/,,irraggiungibile
https://www.ristoranteancora.net/,ristoranteancora12@libero.it,statico
https://www.ristoranteaurelio.com/,ristoranteaurelio@gmail.com,statico
https://www.albergoristorantepapa.it/,info@albergoristorantepapa.it,statico
https://www.gringhelon.it/,,nessuna-email
https://www.aragostadorodal1976.com/,,nessuna-email
https://www.ristorantealteatro.it/,alteatrodesenzano@gmail.com,statico
https://www.ristorantealteatro.it/,info@cmgbaldessarelli.it,statico
https://www.riselivebistrot.it/,,irraggiungibile
https://m.facebook.com/pages/Ristorante-Cinese-All-Oriente/716184031766672,,nessuna-email
https://www.instagram.com/anticomulinourgnano,,nessuna-email
https://www.ristoranteasnenga.it/,info@ristoranteasnenga.it,statico
https://www.ristofante.it/,,irraggiungibile
https://www.instagram.com/ristorante_archeopark/,,nessuna-email
https://www.casavilli.it/,,irraggiungibile
https://www.ristorante2lanterne.it/,,irraggiungibile
https://www.bistrotsottoilportico.it/,,irraggiungibile
https://www.ristorantebelsitmilano.com/,eventibelsit@gmail.com,render
https://www.funtanin.com/funtanin-ristorante/,,irraggiungibile
https://www.ristorantealcoltello.it/,,irraggiungibile
https://it-it.facebook.com/pages/Atelier-di-Manrico/109973575738995,,nessuna-email
http://www.ambree.it/,info@ambree.it,statico
https://www.hotelristorantebettola.it/,info@hotelristorantebettola.it,statico
https://www.alpertega.it/,,irraggiungibile
https://bellavistaripamonti.com/,bellavistaripamonti@gmail.com,statico
https://ristorante-il-mago.eatbu.com/,,nessuna-email
https://sanmarco-pavia.it/,,nessuna-email
https://linktr.ee/pipiepatateseregno,contact@gdprlocal.com,statico
https://linktr.ee/pipiepatateseregno,dpo.support@gdprlocal.com,statico
https://linktr.ee/pipiepatateseregno,online@www.aaa.com,statico
https://linktr.ee/pipiepatateseregno,only@savagex.com,statico
https://linktr.ee/pipiepatateseregno,only@www.gobble.com,statico
https://linktr.ee/pipiepatateseregno,privacy@linktr.ee,statico
https://www.instagram.com/ristorantemrdumpling/,,nessuna-email
https://www.casolare.eu/,info@casolare.eu,statico
https://www.ristorantealsorriso.it/,,irraggiungibile
https://www.ristorante-pan.com/,info@ristorantepan.it,statico
https://www.ristorante-pan.com/,ristorantecascinamarisa@gmail.com,statico
https://ristorantebluemarlin.com/,bluemarlin@pcert.it,statico
https://ristorantebluemarlin.com/,info@ristorantebluemarlin.com,statico
https://www.birrerialaloggia.it/,,nessuna-email
https://www.alvecchioconvento.it/,,irraggiungibile
https://albergo-corona.albergatore.top/,,irraggiungibile
https://www.cascinadoria.it/,ristorante@cascinadoria.it,statico
https://www.instagram.com/bindun_ristorante,,nessuna-email
https://www.ristorantealganera.it/,,irraggiungibile
https://www.allamericandinermilano.it/,,irraggiungibile
https://boccondivinogallarate.it/,,nessuna-email
https://www.ristorantecatalanamilano.it/,catalanamilano@gmail.com,statico
https://www.aquariusoceanic.com/,,irraggiungibile
http://menu.ristorantehaveli.com/Menu-Casablanka.pdf,,nessuna-email
https://www.ristorantebianca.com/,,nessuna-email
https://www.trattoriaboccabassa.it/,verry.v@libero.it,statico
https://www.chinalong.shop/,chinalonggallarate@gmail.com,render
https://www.arenapiola.it/,,irraggiungibile
https://www.ristoranteborsieri.it/,,nessuna-email
https://ristorantebarcascinaparcogallo.shop/,,irraggiungibile
https://www.casaromanoristorante.it/,,nessuna-email
https://www.instagram.com/ristorante_casablanca_,,nessuna-email
https://www.ristorantecascinacosta.it/,,nessuna-email
https://www.ristorantebaanthai.it/,,irraggiungibile
https://ristorantearbria.it/,,timeout
https://ristorantecanottierilecco.it/,,irraggiungibile
https://www.tiktok.com/@ristorante_cochera,marketing@tiktok.unlocking,statico
https://mimmodue.it/,,irraggiungibile
https://lagrandemuragliatrezzo.it/,,nessuna-email
https://classicobrescia.it/,,nessuna-email
https://www.comi107.com/,infocomi107@gmail.com,render
https://www.ristorantecavour.com/,,nessuna-email
https://www.instagram.com/chicco_spillo,,nessuna-email
https://www.bellanapolirozzano.it/,,irraggiungibile
https://www.ristorantebettinelli.com/,,irraggiungibile
http://manoloaurilia.wixsite.com/contigo,info@mysite.com,statico
https://ristorantedkarbonylimon.it/sede-tirana-22/,info@ristorantedkarbonylimon.it,statico
https://www.ristorantepizzeriacorona.it/,info@ristorantepizzeriacorona.it,statico
http://facebook.com/yutai.ristorantcinese,,nessuna-email
https://www.dlightbistrot.com/,dlightprenotazioni@gmail.com,render
https://www.ristorantemonteceneri.it/,,nessuna-email
https://www.ristorantecolombadesenzano.com/,,nessuna-email
https://ristorante-cinese-hao-ke-lai.it/,,nessuna-email
https://claudiosristorante.it/,,nessuna-email
https://ristorantedaash.altervista.org/menu-cena/,ristoranteash@gmail.com,statico
https://www.instagram.com/civico_7_salo,,nessuna-email
https://www.ristorantecrocedimalta.it/,info@ristorantecrocedimalta.it,statico
https://www.ristorantecortebondeno.it/,,nessuna-email
https://www.ristorantebologna.varese.it/,,irraggiungibile
https://www.cafe22.online/,,irraggiungibile
https://ristorantedelparco.it/,info@ristorantedelparco.it,statico
https://www.cortefrancesco.it/,info@cortefrancesco.it,statico
https://www.ristorantecasabianca.it/,,irraggiungibile
https://www.ristorantecontemilano.it/,,nessuna-email
https://itplaces.me/china-town-3-501238-it,contact@bizsite.link,statico
https://ristorantetirano.it/,,nessuna-email
https://m.facebook.com/pages/category/Italian-Restaurant/Ristorante-Corte-delle-Rose-di-Bertini-Luca-1230890356928411/,,nessuna-email
https://www.ristorantedalremilano.com/,ristorantedalre@gmail.com,statico
https://www.ristorantedaigemellisalis.it/,contatto@esempio.it,statico
https://www.ristorantedaigemellisalis.it/,ristorantegemellisalis@gmail.com,statico
https://www.ristorantecastellocomi.it/,,irraggiungibile
https://crianzacomo.it/,crianzacomo@gmail.com,statico
https://www.church81.it/,,irraggiungibile
http://www.ristorante-corallo.com/ristorante.htm,,irraggiungibile
https://pizzeriadalapi.it/,,nessuna-email
https://www.ristoranteolmo.it/,,nessuna-email
https://ristorante-cinquantanove.it/,,irraggiungibile
https://ristorantecinesedimsumye.it/,info@ristorantecinesedimsumye.it,render
https://www.ristorantepadernodugnano.mi.it/,gadallaemil@gmail.com,render
https://ristoranteroyal.wordpress.com/,,nessuna-email
https://www.ristorantedapiero.it/,info@ristorantedapiero.it,statico
https://www.fontanadoro.it/,info@fontanadoro.it,statico
https://www.fontanadoro.it/,info@ristorantefunicolare.it,statico
https://www.facebook.com/share/15hGe1vHCT/,,nessuna-email
https://ristorantecavallinotreviglio.it/,,timeout
https://www.edenristorante.net/,ristoranteeden1964@gmail.com,render
https://www.tiktok.com/@elpaisanorestaurante,marketing@tiktok.unlocking,statico
https://www.dinaristorante.com/,info@ninjamailtrap.com,render
https://eatmosfera.it/,info@eatmosfera.it,statico
https://www.instagram.com/labottegacremona/,,nessuna-email
https://ristorantegrandeshangai.it/,,timeout
https://www.erbabrusca.it/,erbabrusca.ristorante@gmail.com,statico
https://www.facebook.com/San-Giovanni-ristorante-e-pizzeria-600292326760010/,,nessuna-email
https://www.ristorantefatevoi.it/,%e2%80%8binfo@activepress.it,render
https://www.ristorantefatevoi.it/,info@activepress.it,render
https://www.ristorantefatevoi.it/,ristorantefatevoi@gmail.com,render
https://itplaces.me/ristorante-da-ludo-962042-it,contact@bizsite.link,statico
https://www.ristorantegaudenzi.it/,gamda@pec.it,statico
https://www.ristorantegaudenzi.it/,ristorantegaudenzi@gmail.com,statico
https://www.ristorante-entree.com/,,nessuna-email
https://www.fuorima.no/fuorimano-otbp/,,nessuna-email
https://www.facebook.com/Rest-El-Crocante-Varese-105848381190771,,nessuna-email
https://www.villappiani.com/it/,,nessuna-email
https://www.crottoplinius.com/,,irraggiungibile
https://ristorantedacristian.it/,,irraggiungibile
http://www.ristoranteglorymilano.it/,,irraggiungibile
https://www.daberti.it/,,irraggiungibile
https://www.ristorantedabruno.com/,,irraggiungibile
https://ristorante-falchetto.comolake-hotels.com/,,nessuna-email
https://www.ristorantegiallomilano.com/,,nessuna-email
https://www.facebook.com/risto500/,,nessuna-email
https://www.giovannirana.it/ristoranti/i-nostri-menu,,nessuna-email
https://www.instagram.com/yamasushi.cornatedadda,,nessuna-email
https://www.goldenvillage.it/,,nessuna-email
https://ristorantedalcarletto-treviglio.it/,,irraggiungibile
https://dalongyibrescia.it/,,irraggiungibile
https://www.dakico.it/,,irraggiungibile
https://greensushimilano.it/,,nessuna-email
https://www.fukujima.org/,,nessuna-email
https://www.dagiordanoilbolognese.it/,,irraggiungibile
https://www.haikky.com/,,nessuna-email
http://order.ristorantehaveli.com/,,nessuna-email
https://gliamisdelnaviglio.it/,info@gliamisdelnaviglio.it,statico
https://www.fuocoevino.it/,info@fuocoevino.it,statico
https://order.ristorantehaveli.com/#,,nessuna-email
https://www.hashtag15.it/,,irraggiungibile
https://www.inazareni.it/,contact@inazareni.it,statico
https://www.ristorantehosteria.it/,,nessuna-email
https://www.ilpianone.it/,info@ilpianone.it,statico
https://www.instagram.com/itribasei_trattoriameneghina,,nessuna-email
https://www.ristoranteleone.it/,,nessuna-email
https://www.ilcaminodaugo.it/,ilcamino2022@gmail.com,statico
http://www.sirtaki.biz/,,irraggiungibile
https://ristoranteilgesto.it/,,nessuna-email
https://www.imbarco10.com/,imbarco10@libero.it,statico
https://www.elitesushi.it/,,irraggiungibile
https://www.vineriafuoriporta.it/,,irraggiungibile
https://www.ristoranteilgufo.it/,info@ristoranteilgufo.it,render
https://www.sushifujiyama.it/,,irraggiungibile
https://m.facebook.com/ristoranteilprofeta/,,nessuna-email
https://www.ristorantepaguro.it/,,nessuna-email
https://www.ristorantegardensportingclub.com/,,irraggiungibile
https://www.ristorante-gambero-rosso.it/,,irraggiungibile
https://www.ristoranteindianogallarate.com/,,nessuna-email
https://www.ristoranteshiva.it/,info@ristoranteshiva.it,render
http://www.ilfiordo.com/,info@ilfiordo.com,render
https://www.isolacaprera.com/,info@isolacaprera.com,statico
https://joescarpetta.it/,info@joescarpetta.it,render
https://www.ilfarodimilano.it/,,nessuna-email
https://www.aangan.it/,,nessuna-email
https://www.goenristorante.it/,,irraggiungibile
https://www.tsubakisushi.it/,,nessuna-email
https://www.fiordifarinabistrot.it/,,timeout
https://ristoranteimbarcadero1892.com/,info@ristoranteimbarcadero.it,render
https://go.ordelivery.shop/#/restaurantPage,,nessuna-email
https://www.ristoranteboschetti.it/,,irraggiungibile
https://www.gusto-tondo.it/,,irraggiungibile
https://ristorantegiardinidoro.it/,,nessuna-email
http://www.milanmarriotthotel.com/,guaranteed@marriott.com,statico
https://www.ristorantehappydays.it/,,irraggiungibile
https://www.hostaria20.it/,,irraggiungibile
https://www.lacortemaraschi.it/,lacortemaraschi@alice.it,statico
https://www.ristoranteinteatro.it/,ristoranteinteatro@gmail.com,render
https://www.ristoranteicastagni.com/,,irraggiungibile
https://www.ristorantelabrisa.it/,info@ristorantelabrisa.it,statico
https://www.ristorantelamazza.it/,info@ristorantelamazza.it,statico
https://www.ristorantelamazza.it/,server@ristorantelamazza.it,statico
https://ristoranteilvillino.it/,,nessuna-email
https://m.facebook.com/ristorantelincontrobresso/,,nessuna-email
https://www.labaleradellortica.com/,,nessuna-email
https://lalocandadesenzano.wixsite.com/ilmiosito,lalocandadesenzano@gmail.com,render
https://lalamparamonza.com/,info@lalamparamonza.com,render
https://www.ristorantelaguardia.it/,info@ristorantelaguardia.it,statico
http://www.pagodalin.com/,lapagodalin@gmail.com,statico
https://wa.me/393470357956,,nessuna-email
https://www.cucinacineselamuraglia.eu/,ristorantelamuraglialo@gmail.com,statico
https://www.ristorantelabissa.it/,,nessuna-email
http://www.lapiemontesemariano.it/,lapiemontesemariano@gmail.com,statico
https://www.ristoranteideaverde.it/,,irraggiungibile
https://www.ristoranteillabirinto.com/,,irraggiungibile
https://www.ildiamanteolgiate.it/,,irraggiungibile
https://ristoranteilleoncino.it/,,irraggiungibile
https://www.ristoranteilfrate.it/,,irraggiungibile
https://ristorantelacassinazza.it/,ristorantelacassinazza@gmail.com,render
https://www.ristorantelacuccuma.it/,,nessuna-email
https://www.storico1941.it/,info@ndiscovered.com,statico
https://www.storico1941.it/,storico1941@legalmail.com,statico
https://www.storico1941.it/,storico1941@legalmail.it,statico
https://www.storico1941.it/,table@lostorico.it,statico
https://spinelluca.wixsite.com/taverna-del-borgo,prenotazioni.tavernadelborgo@gmail.com,render
https://lamuraglia20089.it/,,nessuna-email
https://lastaderagavirate.net/,lastaderagavirate@gmail.com,statico
http://www.lostricaro.info/index.php,,irraggiungibile
http://lavecchiaisoletta.it/,,nessuna-email
https://m.facebook.com/Trattoria-La-Pergola-Segrate-1434382493512677/,,nessuna-email
https://www.labrioschina.com/,,nessuna-email
https://www.makiart.shop/,,nessuna-email
https://www.ristorantelapiana.it/,info@ristorantelapiana.it,statico
http://lebistrotbeirut.it/,lebistrotcomo@gmail.com,render
https://www.ristorantemarinoosio.com/,ristorantemarino.osio@gmail.com,statico
http://facebook.com/RistoranteLatin2,,nessuna-email
https://mas-ci.base44.app/,info@mas-ci.it,render
https://www.laghettofonteviva.it/,,nessuna-email
https://www.facebook.com/Marcellino-Pane-e-Vino-1122532181178014/,,nessuna-email
https://www.instagram.com/ristorante_isolotto/,,nessuna-email
https://www.koorasushi.it/,,irraggiungibile
https://www.kandoosushi.com/,,irraggiungibile
https://www.instagram.com/thebridge.magenta/,,nessuna-email
https://www.ristorantelangolo.it/,,irraggiungibile
https://www.lanticoteatro.it/,,irraggiungibile
https://ristorantemasseria.it/,,nessuna-email
https://ristorantemediterraneobicocca.it/,,nessuna-email
https://www.ristorante-naviglio.it/,impallari@gmail.com,statico
https://www.ristorante-naviglio.it/,micah@micahrich.com,statico
https://www.ristorante-naviglio.it/,ristorante.naviglio2010@gmail.com,statico
https://nizza2.com/,girgis.rw@gmail.com,statico
https://mrlin.web2.yellgo.cloud/,,nessuna-email
https://www.lacascinadeigelsi.com/,,irraggiungibile
https://www.lapenca.it/,,nessuna-email
https://www.ristorantenizzoli.com/,ristorantenizzoli@gmail.com,render
https://www.ristoranteoriani.com/,alby982@tin.it,statico
https://www.facebook.com/mybarrunto/,,nessuna-email
https://ristorantenuovabrianza.it/,,nessuna-email
https://www.osteriaacquaciara.it/,info@osteriaacquaciara.it,render
http://www.ristorantelotus.it/,,irraggiungibile
https://www.lacortedelcarrobbio.it/,,irraggiungibile
https://ristorantelagriglia.it/,,irraggiungibile
https://www.osteriadapietro.it/,info@osteriadapietro.eu,render
http://www.milano37.com/,info@milano37.com,render
https://www.trattorialamaresana.it/,,irraggiungibile
https://osteriadelgambadelegn.it/,info@widderitalia.com,statico
https://osteriadelgambadelegn.it/,osteria.gambadelegn@hotmail.com,statico
https://www.oyacernusco.com/,,nessuna-email
https://www.ristorantepiedigrottapavia.it/,info@ristorantepiedigrottapavia.it,statico
https://www.ristorantelapescheriadapiero.it/,,irraggiungibile
https://www.papillonsesto.com/,,nessuna-email
https://www.ristorantepescheria.com/,f285569014@gmail.com,render
https://ristoranteossobuco.it/,,nessuna-email
https://www.lataverna-paderno.it/,,irraggiungibile
https://www.osteriavalle.com/,info@osteriavalle.com,statico
https://ristorantelecerchie.it/,,irraggiungibile
https://locandadelticinopavia.com/,,irraggiungibile
https://www.ristorantelarmonica.com/,,irraggiungibile
https://www.ristorantelunarossamagenta.it/,,irraggiungibile
https://al-portichetto.eatbu.com/,alportichettoristorante@gmail.com,statico
https://www.borgoinfesta.eu/,,irraggiungibile
https://www.ristorantemarconi19.it/,,irraggiungibile
https://rossierossidesenzano.it/,diletta73@gmail.com,render
https://www.ristorantemareamore.it/,,irraggiungibile
https://algoloso.shoppingflash.it/algoloso,info@shoppingflash.it,statico
https://www.alpasseggero.it/,,nessuna-email
http://astoria.eatbu.com/,altea.sas@gmail.com,statico
https://www.facebook.com/ristoranteacquario.eu,,nessuna-email
https://www.mexindo.it/,,irraggiungibile
https://www.mediterraneorist.it/,,irraggiungibile
https://www.ristorantemontorfano.it/,,irraggiungibile
https://www.barracuda1898.it/,assistenza@webador.it,statico
https://www.barracuda1898.it/,barracuda1898srl@gmail.com,statico
https://ristoranteallago.wixsite.com/varese,,nessuna-email
https://www.moodasianfactory.it/,,irraggiungibile
https://instagram.com/albranca2020,,nessuna-email
https://m.facebook.com/RistorantePizzeriaAlCervo/,,nessuna-email
https://www.facebook.com/allatribuna.ristorantepizzeria,,nessuna-email
https://www.ristoranteilmulinodeipini.com/,,irraggiungibile
https://www.pizzeriaristoranteamalfitana.it/,,nessuna-email
https://www.ristoranteducale.com/,flavio@ristoranteducale.com,render
https://yumgo.it/menu/1CQUzp5G6vuThiAFYj9PUM,,irraggiungibile
https://www.ristorantenesis.it/,,irraggiungibile
https://www.ristoranteoishisushi.it/,,irraggiungibile
https://www.ristorantedagerri.it/,info@ristorantedagerri.it,statico
https://davenanzio.com/,,irraggiungibile
https://www.facebook.com/Pizzeria-DAsporto-Aurora-810387922416837/,,nessuna-email
https://www.ristorantepizzeriadamarcosuzzara.it/,magri.marco1971@libero.it,statico
https://www.conviviumristorante.it/,convivium1986@gmail.com,render
https://www.instagram.com/bellanapoliristorante,,nessuna-email
https://www.ristorantepizzeriacavour.com/,,nessuna-email
https://m.facebook.com/PizzeriaBube/,,nessuna-email
https://www.osakaseriate.it/,,irraggiungibile
https://www.lamescita.it/,,irraggiungibile
https://ristorantepizzeriaallavecchiafontana.it/,info@localweb.it,statico
https://ristorantepizzeriaallavecchiafontana.it/,lavecchiafontana2025@gmail.com,statico
https://ristorantepizzeriaallavecchiafontana.it/,orjon.nallbati@onlawoffice.com,statico
https://ristorantepizzeriaallavecchiafontana.it/,privacy@localweb.it,statico
https://it-it.facebook.com/ristorantecadimattluino/,,nessuna-email
https://ristorantepizzeriacadorna.it/,,nessuna-email
http://www.ristoranteilgabbiano.weebly.com/,manifatturaculinaria@alice.it,statico
https://www.facebook.com/Chaletsancarlo/,,nessuna-email
https://www.ristorantepizzeriadalucio.com/,,nessuna-email
https://www.ristorantebyron.it/,ristorantebyron@gmail.com,statico
https://www.greenparkpizzeriaristorante.com/,lamiamail@dominio.it,statico
https://www.greenparkpizzeriaristorante.com/,mobiligrosso@gmail.com,statico
https://www.greenparkpizzeriaristorante.com/,pizzapartygreenpark@gmail.com,statico
https://www.degliolivi.it/,nicola@degliolivi.it,statico
https://www.ristoranteparcodeicolli.it/,,irraggiungibile
https://www.ilpescatoreristorantepizzeria.it/,,nessuna-email
https://www.ristorantepepe.it/,,irraggiungibile
https://www.istanbulturkishkebap-lovere.it/,hasan1990siringul@gmail.com,statico
https://www.istanbulturkishkebap-lovere.it/,siringul1986@gmail.com,statico
https://www.kingistanbulturkishkebap-seriate.it/,nurettin.siringul@gmail.com,statico
https://www.piccolomare1.it/,,irraggiungibile
https://ilvicolorho.com/,,nessuna-email
https://www.dasandrolabusa.it/,,nessuna-email
https://www.padellone.it/,,irraggiungibile
https://www.desenzanino.it/,info@desenzanino.eu,statico
https://www.ristorantepizzeriadasa.it/,dritanz@gmail.com,render
https://www.mammaristorante.it/,,irraggiungibile
https://www.ristorantelacapanna.it/,info@lacapannaristorante.it,statico
https://www.pizzeriaristorantealcastello.it/,,irraggiungibile
https://www.ristoranteilfaro.com/,,nessuna-email
https://www.ristorantedogana.it/,info@pizzeriadogana.it,render
https://www.ristorantedogana.it/,operator@pizzeriadogana.it,render
https://www.ristorantedogana.it/,prenotazioni@pizzeriadogana.it,render
https://ristorantepizzerialamartesana.shop/,ristorantepizzerialamartesana.shop@gmail.com,statico
https://www.ristorantepizzerialabracebrescia.it/,,nessuna-email
http://lo-chalet.metro.biz/,pizzeria.lochalet@libero.it,statico
https://ristoranteilkaimano.it/,,nessuna-email
https://it-it.facebook.com/Ristorante-Pizzeria-il-Veliero-349561308544479/,,nessuna-email
https://www.pizzerialaterrazza.eu/,info@laterrazza.com,statico
https://www.pizzerialaterrazza.eu/,terrazzabettolino.clienti@gmail.com,statico
https://www.pizzerialaterrazza.eu/,terrazzasangiuliano.clienti@gmail.com,statico
https://www.artigianale-rks.it/,,irraggiungibile
https://www.ristoranteandromeda.com/,,irraggiungibile
https://www.lanuovaforchetta.com/,,nessuna-email
https://classone.it/dai-monelli-luino/,xample@turitor.com,statico
https://m.facebook.com/Ristorante-Pizzeria-lOrologio-233233316689908/,,nessuna-email
https://www.ristorantepizzeriamammato.com/,ristorantemammatomagenta@gmail.com,statico
https://www.pizzerialacucca.it/,,nessuna-email
https://www.ristorantelucania.it/,ristorantelucania.20@libero.it,statico
https://www.ristorantepizzeriamareblu.it/,server@www.ristorantepizzeriamareblu.it,statico
https://linktr.ee/Mari_e_Monti,contact@gdprlocal.com,statico
https://linktr.ee/Mari_e_Monti,dpo.support@gdprlocal.com,statico
https://linktr.ee/Mari_e_Monti,online@www.aaa.com,statico
https://linktr.ee/Mari_e_Monti,only@savagex.com,statico
https://linktr.ee/Mari_e_Monti,only@www.gobble.com,statico
https://linktr.ee/Mari_e_Monti,privacy@linktr.ee,statico
https://www.ristorantelamargherita.it/,info@ristorantelamargherita.it,render
https://www.piedigrottabs.it/,utente@dominio.com,render
https://gallocedronetrezzano.it/,amministrazione.nonnamaria@gmail.com,render
https://gallocedronetrezzano.it/,amministrazione.nonnnamaria@gmail.com,render
https://www.facebook.com/pizzeriasportodaGaetano,,nessuna-email
https://itplaces.me/ristorante-pizzeria-gemelli-belli-960063-it,contact@bizsite.link,statico
https://www.ristorantepetitparadis.it/,petitparadis2012@libero.it,statico
https://pasnuristorantepiz.wixsite.com/ilmiosito,pasnu@icloud.com,render
https://www.ristorantepizzeria4archi.com/,mina.elkomus@yahoo.com,statico
https://www.instagram.com/marcellino_olio_e_vino/,,nessuna-email
https://www.instagram.com/ristorante_pizzeria.milano,,nessuna-email
https://www.ristorantecosta.it/,,irraggiungibile
https://www.damarita.it/,,irraggiungibile
https://www.riservapianetaverde.com/,customer.care@blibli.com,render
https://www.ristorantepizzeriadavinci.it/,,irraggiungibile
https://www.nordestristorantepizzeria.it/,sestantesrls.codogno@gmail.com,statico
http://www.laconchigliadilegnano.it/,,irraggiungibile
https://www.pizzeriafantasy.com/,,irraggiungibile
https://www.ristoranterondointerrazza.com/,,nessuna-email
http://www.ristorantepizzeriasanvigilio.it/,,nessuna-email
https://www.ristorantefarghin.it/,,irraggiungibile
https://ristorantepizzeriacapri.it/,,timeout
https://linktr.ee/solangeristorantepizzeria1988,only@savagex.com,statico
https://www.pizzeriashakespeare.it/,pizzeriashakespeare@gmail.com,statico
https://www.ristorante-sanmarco.net/,,nessuna-email
https://lostregonepizzeria.it/,,nessuna-email
https://www.osteriaselvole.it/,info@osteriaselvole.it,statico
https://www.santostefano4.it/,,nessuna-email
https://www.ristorantepizzeriaipescatori.it/,,irraggiungibile
https://www.facebook.com/pizzeria.santamariaoff,,nessuna-email
https://www.brokkio.it/,,irraggiungibile
https://www.pizzeriaitalianuova.it/,,irraggiungibile
https://sanminamilano.com/,,nessuna-email
https://www.porcaloca.com/,restaurant@porcaloca.com,statico
https://linktr.ee/positano.ristorante,online@www.aaa.com,statico
https://linktr.ee/positano.ristorante,only@savagex.com,statico
https://linktr.ee/positano.ristorante,only@www.gobble.com,statico
https://www.agriturismomirabello.com/,knikscris@yahoo.it,render
https://www.agriturismomirabello.com/,mirabello.agriturismo@gmail.com,render
https://www.instagram.com/taormina_pizzeriaristorante/,,nessuna-email
https://www.facebook.com/ris.tesorella.5,,nessuna-email
https://www.lanuovafattoriamantova.it/,,irraggiungibile
https://www.gandula.it/,info@gandula.it,statico
https://www.ristorantepizzeriasangottardo.it/,,nessuna-email
https://m.facebook.com/ziolanzitiffany/,,nessuna-email
https://www.ristoranteprimavera.com/,info@ristoranteprimavera.com,statico
https://ristorantepizzerialosmeraldo.it/,,irraggiungibile
https://ristorantepizzeriasmile.it/,,nessuna-email
https://www.ristorantepizzeriasilvano.it/,,nessuna-email
https://www.ristoranteprimopiano.it/,milano@ristoranteprimopiano.it,statico
https://www.ristorantemaiori.it/,,irraggiungibile
https://maraburistorantepizzeria.it/,,irraggiungibile
https://www.ristorantepizzeriamora.it/,,irraggiungibile
https://instagram.com/ristorante_porto.fino,,nessuna-email
https://vibesristorantepizzeria.com/,,nessuna-email
https://www.ristorantesaloonanatolia.com/,saloonanatolia1@gmail.com,statico
https://morgansristorante.it/,,irraggiungibile
https://www.ristoranteolimpobrescia.it/,,irraggiungibile
https://www.parconord.it/,,irraggiungibile
https://www.ristoranteorchidea.it/,,irraggiungibile
https://www.ristoranterigamonti.it/,rigamonti.mauro@hotmail.com,render
https://www.ristorantesaporedimare.it/,,nessuna-email
https://www.instagram.com/primafontecastiglione,,nessuna-email
https://www.ratana.it/,,nessuna-email
https://sites.google.com/view/ristoranteromagessate/home-page,,nessuna-email
https://www.facebook.com/BundaLinda-206331091933/,,nessuna-email
https://prezzemololin.kuokko.com/it/qrcode,,timeout
http://www.hotelsangerolamo.com/,,timeout
https://www.ristorantesalerosa.com/,,timeout
https://www.3lanterne.it/,,timeout
https://www.ristorantepulcinellaseregno.it/,,timeout
https://www.ristorantealranch.com/,,timeout
https://www.ristorantelaranera.it/,,timeout
https://www.ristorantereginamalnate.it/,,timeout
https://www.rembrandtmilano.it/,,timeout
https://ristorantedarenatodesenzano.it/,,timeout
https://www.sakura-restaurant.it/,,timeout
https://www.ristorantesanglicerio2.it/,,timeout
https://www.ristorantesportingbrugherio.it/,,timeout
https://www.ristorantedalory.it/,,timeout
https://stendhalrestaurants.it/,,timeout
https://www.ristorantestockholm.it/,,timeout
https://www.sushiclub.it/,,timeout
https://sushicorbetta.net/,,timeout
https://www.sakuravittuone.it/,,timeout
https://www.sushi-one.net/,,timeout
https://www.ristorantepontedibriolo.it/,,timeout
https://it-it.facebook.com/sangiorgiolapergola,,timeout
https://sites.google.com/view/ristorante-santorini/home,,timeout
https://wa.me/393758268180,,timeout
http://www.sporeristorante.com/,,timeout
https://www.reginamajor.it/,,timeout
https://www.ristorantesalepepe.it/,,timeout
https://www.ristorantesanvittore.it/,,timeout
https://taiyo6.it/,jiaweilin25@gmail.com,statico
https://www.ristorantetorino.it/,,nessuna-email
https://www.facebook.com/segretodelsorrisovigevano/,,nessuna-email
https://ristorantetradate1921.it/,ristorantetradate@gmail.com,statico
https://ristorante-tesoro.com/,,nessuna-email
https://foyerallascala.com/,reservations@foyerallascala.com,statico
https://m.facebook.com/pages/category/Pizza-Place/Pizzeria-tango-ristorante-610955565606609/,,nessuna-email
http://www.vecchiomulinosondrio.it/,,nessuna-email
https://www.facebook.com/magentavacepress/,,nessuna-email
https://www.instagram.com/trattoria_il_ghiottone,,nessuna-email
https://www.vicomercati.it/,,nessuna-email
https://trattoriailcantastorie.it/,trattoriacantastorie@libero.it,render
https://trattoriailcantastorie.it/,tua.email@esempio.com,render
https://umiristorante.com/,umiresturant@hotmail.com,render
https://www.ristoranteorestino.it/,,irraggiungibile
http://hasushi.eatbu.com/,zjiejie1986@gmail.com,render
https://villarealeristorante.it/,,nessuna-email
https://www.yamakawa.it/,,nessuna-email
https://www.ristoranteilprincipe1.it/,famsadek561@gmail.com,statico
https://ristorantevistaduomo.it/,info@ristorantevistaduomo.it,render
https://m.facebook.com/ristorantezhenwei,,nessuna-email
https://www.verdesalviavigevano.it/,verdesalviavigevanogourmet@gmail.com,statico
https://riverogliobikebar.it/,,nessuna-email
https://www.ritro.it/,,nessuna-email
https://ristorantecinesebambu.it/,wuj623831@gmail.com,render
https://ristoranteetnicowarna.it/,pasquale191160@gmail.com,statico
https://www.ristoranteverbella.it/,info@ristoranteverbella.it,statico
https://www.rivenoteca.it/,rive@rivettidellorco.it,statico
https://ilfauno.it/,,nessuna-email
https://www.facebook.com/RistorantePizzeriaCarmen2312/,,nessuna-email
https://www.ristorantetroisi.it/,ristorantetroisimilano2@gmail.com,statico
https://www.vecchiapesa.it/,info@vecchiapesa.it,statico
https://www.instagram.com/lanuovafattoria_/,,nessuna-email
https://www.facebook.com/maurizio.pelosi.5,,nessuna-email
http://www.ristorantetartaruga.it/,,irraggiungibile
http://www.timeout2.it/resp/timeout2.asp,,irraggiungibile
https://www.ristorantino-lissone.it/,,nessuna-email
https://www.ristoranteilricciodoro.it/,info@ristoranteilricciodoro.it,statico
https://www.ristoranteilricciodoro.it/,privacy@archventil.com,statico
https://pizzerie.romanticapizza.it/romantica-arese-4f778548401d,,nessuna-email
https://ristoranteroccoco.com/,,nessuna-email
https://homerorokysfish.com/,info@homerofish.it,render
https://pizzerie.romanticapizza.it/romantica-carugate-ff7853294b1b,,nessuna-email
https://pizzerie.romanticapizza.it/romantica-cremona-4e20068db78f,,nessuna-email
https://pizzerie.romanticapizza.it/romantica-lonato-51556304332f,,nessuna-email
https://pizzerie.romanticapizza.it/romantica-mantova-6e6394f4dc11,,nessuna-email
https://lacantinadelfurmage.it/,info@lacantinadelfurmage.it,statico
https://www.tennisagrate.com/ristorante,csatennisagrate1999@gmail.com,statico
https://www.tennisagrate.com/ristorante,resp.safeguarding24@gmail.com,statico
https://www.tennisagrate.com/ristorante,tennisagrate@gmail.com,statico
https://www.alrocchetto.it/,,nessuna-email
https://linktr.ee/rose_crown_pub,online@www.aaa.com,statico
https://linktr.ee/rose_crown_pub,only@savagex.com,statico
https://linktr.ee/rose_crown_pub,only@www.gobble.com,statico
https://www.ristorantevillaeuropa.it/,,irraggiungibile
https://trattoriaalbalurdu.com/,,irraggiungibile
https://ristorantetrattoriadelponte.it/,,irraggiungibile
https://www.instagram.com/riveapizza,,nessuna-email
https://www.ristorantexier3.it/,,irraggiungibile
https://pizzerie.romanticapizza.it/romantica-milano-ponte-vetero-0fcc437f279e,,nessuna-email
https://pizzerie.romanticapizza.it/romantica-lentate-8c2a557929b6,,nessuna-email
https://www.tagiura.it/,,irraggiungibile
https://www.ristoranteterzotempo.com/,,irraggiungibile
https://www.villamassari.it/,,irraggiungibile
https://www.vacavecia.it/,,irraggiungibile
https://www.roffioli.it/,,nessuna-email
https://pizzerie.romanticapizza.it/romantica-pavia-92feb5d7243e,,nessuna-email
https://pizzerie.romanticapizza.it/romantica-rozzano-5ad347b1a4e7,,nessuna-email
https://romano-riccardo.it/,info@romano-riccardo.it,render
https://pizzerie.romanticapizza.it/romantica-seriate-486c9d585b68,,nessuna-email
https://linktr.ee/royalpizzabedizzole,contact@gdprlocal.com,statico
https://linktr.ee/royalpizzabedizzole,dpo.support@gdprlocal.com,statico
https://linktr.ee/royalpizzabedizzole,online@www.aaa.com,statico
https://linktr.ee/royalpizzabedizzole,only@savagex.com,statico
https://linktr.ee/royalpizzabedizzole,only@www.gobble.com,statico
https://linktr.ee/royalpizzabedizzole,privacy@linktr.ee,statico
https://www.rufioristorante.com/,rufioristorante@gmail.com,statico
https://www.rufioristorante.com/,utente@dominio.com,statico
https://pizzerie.romanticapizza.it/romantica-varese-799c8fe39779,,nessuna-email
https://pizzerie.romanticapizza.it/romantica-vigevano-d1136eae5eab,,nessuna-email
https://pizzerie.romanticapizza.it/romantica-vittuone-e8779219c7ae,,nessuna-email
https://rombonbakery.it/,alfremazzu@gnail.com,statico
https://rombonbakery.it/,info@localweb.it,statico
https://rombonbakery.it/,linsolitatoelettatura@gmail.com,statico
https://rombonbakery.it/,orjon.nallbati@onlawoffice.com,statico
https://rombonbakery.it/,privacy@localweb.it,statico
https://www.facebook.com/Ristorante-Pizzeria-Roma-1434606596842128/,,nessuna-email
https://www.royalcaffe.org/,royalcaffe.016@gmail.com,render
https://ryori-info.it/,ruanxuefeng7@gmail.com,statico
https://www.ristorantezen.it/,,irraggiungibile
https://instagram.com/romainteglia,,nessuna-email
https://rosticceriabosioinbosio.com/,,nessuna-email
https://www.rossoebasilico.com/,,nessuna-email
https://www.ristoranterusticone.it/,,nessuna-email
https://www.rivieramilano.com/,,timeout
https://www.rizzocomepossononamarti.it/,,irraggiungibile
https://robdemattristorante.it/,,irraggiungibile
https://www.sakuramilano.com/,,nessuna-email
https://www.instagram.com/rossotoscano_vineria,,nessuna-email
https://dukepinseria.it/,,nessuna-email
http://www.facebook.com/pages/Risci%C3%B2-Rosticceria-cinese-dasporto-Torre-Boldone/173751736058561,,nessuna-email
https://www.sakuracermenate.it/,sakura-cermentate@gmail.com,render
https://www.ristorante-rovello.it/,rovello18@gmail.com,statico
https://www.sakakura.it/,,nessuna-email
https://rosabistrot.it/,,irraggiungibile
http://www.sakurapavia.it/,,nessuna-email
https://instagram.com/smovebistrot,,nessuna-email
https://salt-restaurant.lovable.app/,,nessuna-email
https://innovalabitaly.wixsite.com/sanfrancesco,,nessuna-email
https://www.rositagalletto.it/,,nessuna-email
https://www.sambuus.it/,,nessuna-email
https://sancarloaldue.com/,info@sancarloaldue.com,statico
https://sancarloaldue.com/,xiristorante@gmail.com,statico
https://www.rosticceriadamario.it/,,irraggiungibile
https://www.sgsgrandicucine.it/,,irraggiungibile
https://santalucialecco.it/,info@santalucialecco.it,statico
https://sakarirestaurant.shop/,,irraggiungibile
https://www.route66bs.com/,,irraggiungibile
https://www.salatoedolce.it/,,irraggiungibile
https://www.unconventionalzone.it/,,irraggiungibile
https://www.rosticceriaoriente.com/,,timeout
https://royaltaj.net/,,irraggiungibile
https://itplaces.me/san-martino-730122-it,contact@bizsite.link,statico
https://www.saborargentino.it/,,irraggiungibile
https://www.instagram.com/sakuramenlecco,,nessuna-email
https://www.facebook.com/salsamenteriadelborgo/,,nessuna-email
https://www.facebook.com/Saloon-DELLA-PIZZA-di-Budelli-Davide-113574753615172/,,nessuna-email
https://sanisapori.my.canva.site/,sanisaporisnc@gmail.com,render
https://www.sapporocasalpusterlengo.com/,contact@joinoko.com,statico
https://www.sapporocasalpusterlengo.com/,online@www.cnil.fr,statico
https://www.sapporocasalpusterlengo.com/,privacy@joinoko.com,statico
https://www.sandalmazi.com/,info@officinadellabirrasrl.it,render
https://www.sandalmazi.com/,sandalmazi@gmail.com,render
https://m.facebook.com/pages/category/Pizza-Place/Pizzeria-San-Karas-a-Novate-milanese-482793815096366/,,nessuna-email
https://www.salottocairoli.it/,,timeout
https://www.salviacafe.it/,,timeout
https://pizzeriasangiorgiocasati.it/,,nessuna-email
https://www.comofood.it/,,nessuna-email
https://saporemisto.it/,,nessuna-email
https://www.pizzeriasassi.it/,sassinour@hotmail.it,render
https://www.instagram.com/sanmartinovinoecucina,,nessuna-email
https://saporistellari.it/,,nessuna-email
http://www.facebook.com/sanminaristorantepizzeria,,nessuna-email
https://www.satorisushi.it/,info@satorisushi.it,statico
https://www.ristorantepizzeriasanmichele1.it/,,irraggiungibile
https://www.sconosciutacompagnia.com/,sconosciutacompagnia@gmail.com,statico
https://www.scaravelli.it/ristorante,forneria.mn@scaravelli.it,statico
https://www.scaravelli.it/ristorante,info@scaravelli.it,statico
https://www.scaravelli.it/ristorante,residenza@scaravelli.it,statico
https://www.scaravelli.it/ristorante,risorse@scaravelli.it,statico
https://www.scaravelli.it/ristorante,ristorante@scaravelli.it,statico
https://www.sanmauri.it/,,irraggiungibile
https://barsantoconcucina.it/,info@barsantoconcucina.it,render
https://www.scarpettahomerestaurant.it/,info@scarpettahomerestaurant.it,render
https://www.ristoranteeritreo.com/,,nessuna-email
http://youtube.it/facebook/tiktok/instagram,,nessuna-email
https://saravanaabhavan.it/,hsbmilan@saravanabhavan.com,render
https://saravanaabhavan.it/,hsbrome@saravanabhavan.com,render
https://www.instagram.com/saporietradizioni_bollate,,nessuna-email
https://www.facebook.com/Sapori-Mediterranei-170886606867194,,nessuna-email
https://www.sangriapavia.it/,,irraggiungibile
https://www.ristorantesantambrogio.com/,,irraggiungibile
https://www.mzmtrshop.com/semplice-solo-pero-via-sempione,assistenza@webador.it,statico
https://www.instagram.com/sara.caffe.bar/,,nessuna-email
https://www.facebook.com/sbaffini/,,nessuna-email
https://barsecondolivello.it/,,nessuna-email
https://seastar1858.com/,,nessuna-email
https://centrolecupole.com/sen-sushi/,direzione@centrolecupole.com,statico
https://www.instagram.com/sapuri_frenchtacos_milano,,nessuna-email
https://www.instagram.com/savas_ristorante,,nessuna-email
http://www.ristorantethailandesecomo.it/,,irraggiungibile
https://www.instagram.com/scacciapensieritreviglio/,,nessuna-email
https://www.scottibistro.it/,,nessuna-email
https://la-dimora-del-sapore-fs1j30c5.durable.site/,ilsala41sergio@gmail.com,statico
https://la-dimora-del-sapore-fs1j30c5.durable.site/,ladimoradelsapore@gmail.com,statico
https://www.selvabistrot.com/,selvabistrot@gmail.com,statico
http://instagram.com/scalo.32,,nessuna-email
https://www.instagram.com/sciality.cinisellob,,nessuna-email
https://www.scrok.it/,,nessuna-email
https://www.seonristorantecoreano.com/,,nessuna-email
https://www.sevencasadeiciliegi.com/,info@sevencasadeiciliegi.it,statico
https://www.sevencasadeiciliegi.com/,info@sevengroup.it,statico
https://www.sevencasadeiciliegi.com/,monica.sala@sevencasadeiciliegi.it,statico
https://seoulpocha.it/,seoulpochamilano@gmail.com,render
https://www.mandarinoriental.com/en/milan/la-scala/dine/seta,dataprivacyofficer@mohg.com,statico
https://www.mandarinoriental.com/en/milan/la-scala/dine/seta,direct@mandarinoriental.com,statico
https://www.mandarinoriental.com/en/milan/la-scala/dine/seta,lmhkg-reservations@mohg.com,statico
https://www.mandarinoriental.com/en/milan/la-scala/dine/seta,moams-info@mohg.com,statico
https://www.mandarinoriental.com/en/milan/la-scala/dine/seta,moasw-reservations@mohg.com,statico
https://www.mandarinoriental.com/en/milan/la-scala/dine/seta,moauh-reservations@mohg.com,statico
https://www.mandarinoriental.com/en/milan/la-scala/dine/seta,mobcn-reservations@mohg.com,statico
https://www.mandarinoriental.com/en/milan/la-scala/dine/seta,mobkk-reservations@mohg.com,statico
https://www.mandarinoriental.com/en/milan/la-scala/dine/seta,mobod-reservations@mohg.com,statico
https://www.mandarinoriental.com/en/milan/la-scala/dine/seta,mobos-reservations@mohg.com,statico
https://www.mandarinoriental.com/en/milan/la-scala/dine/seta,mocan-reservations@mohg.com,statico
https://www.mandarinoriental.com/en/milan/la-scala/dine/seta,mocmo-reservations@mohg.com,statico
https://www.mandarinoriental.com/en/milan/la-scala/dine/seta,mocna-reservations@mohg.com,statico
https://www.mandarinoriental.com/en/milan/la-scala/dine/seta,modes-reservations@mohg.com,statico
https://www.mandarinoriental.com/en/milan/la-scala/dine/seta,modoh-reservations@mohg.com,statico
https://www.mandarinoriental.com/en/milan/la-scala/dine/seta,modtd-info@mohg.com,statico
https://www.mandarinoriental.com/en/milan/la-scala/dine/seta,modub-reservations@mohg.com,statico
https://www.mandarinoriental.com/en/milan/la-scala/dine/seta,mogva-reservations@mohg.com,statico
https://www.mandarinoriental.com/en/milan/la-scala/dine/seta,mogzh-reservations@mohg.com,statico
https://www.mandarinoriental.com/en/milan/la-scala/dine/seta,mohkg-reservations@mohg.com,statico
https://www.mandarinoriental.com/en/milan/la-scala/dine/seta,moist-reservations@mohg.com,statico
https://www.mandarinoriental.com/en/milan/la-scala/dine/seta,mojkt-reservations@mohg.com,statico
https://www.mandarinoriental.com/en/milan/la-scala/dine/seta,mokul-reservations@mohg.com,statico
https://www.mandarinoriental.com/en/milan/la-scala/dine/seta,molon-reservations@mohg.com,statico
https://www.mandarinoriental.com/en/milan/la-scala/dine/seta,molut-reservations@mohg.com,statico
https://www.mandarinoriental.com/en/milan/la-scala/dine/seta,molzn-reservations@mohg.com,statico
https://www.mandarinoriental.com/en/milan/la-scala/dine/seta,momac-reservations@mohg.com,statico
https://www.mandarinoriental.com/en/milan/la-scala/dine/seta,momal-reservations@mohg.com,statico
https://www.mandarinoriental.com/en/milan/la-scala/dine/seta,momay-reservations@mohg.com,statico
https://www.mandarinoriental.com/en/milan/la-scala/dine/seta,momct-reservations@mohg.com,statico
https://www.mandarinoriental.com/en/milan/la-scala/dine/seta,momkt-reservations@mohg.com,statico
https://www.mandarinoriental.com/en/milan/la-scala/dine/seta,momln-reservations@mohg.com,statico
https://www.mandarinoriental.com/en/milan/la-scala/dine/seta,momln-setarestaurant@mohg.com,statico
https://www.mandarinoriental.com/en/milan/la-scala/dine/seta,momrk-reservations@mohg.com,statico
https://www.mandarinoriental.com/en/milan/la-scala/dine/seta,momuc-reservations@mohg.com,statico
https://www.mandarinoriental.com/en/milan/la-scala/dine/seta,monyc-reservations@mohg.com,statico
https://www.mandarinoriental.com/en/milan/la-scala/dine/seta,mopar-reservations@mohg.com,statico
https://www.mandarinoriental.com/en/milan/la-scala/dine/seta,moprg-reservations@mohg.com,statico
https://www.mandarinoriental.com/en/milan/la-scala/dine/seta,mopud-reservations@mohg.com,statico
https://www.mandarinoriental.com/en/milan/la-scala/dine/seta,moqnm-reservations@mohg.com,statico
https://www.mandarinoriental.com/en/milan/la-scala/dine/seta,moryd-reservations@mohg.com,statico
https://www.mandarinoriental.com/en/milan/la-scala/dine/seta,mosan-reservations@mohg.com,statico
https://www.mandarinoriental.com/en/milan/la-scala/dine/seta,mosin-reservations@mohg.com,statico
https://www.mandarinoriental.com/en/milan/la-scala/dine/seta,mostg-reservations@mohg.com,statico
https://www.mandarinoriental.com/en/milan/la-scala/dine/seta,moszn-reservations@mohg.com,statico
https://www.mandarinoriental.com/en/milan/la-scala/dine/seta,motpe-reservations@mohg.com,statico
https://www.mandarinoriental.com/en/milan/la-scala/dine/seta,motyo-reservations@mohg.com,statico
https://www.mandarinoriental.com/en/milan/la-scala/dine/seta,movie-reservations@mohg.com,statico
https://www.mandarinoriental.com/en/milan/la-scala/dine/seta,mowfj-reservations@mohg.com,statico
https://www.mandarinoriental.com/en/milan/la-scala/dine/seta,mozrh-reservations@mohg.com,statico
https://www.mandarinoriental.com/en/milan/la-scala/dine/seta,mrmad-reservations@mohg.com,statico
https://m.facebook.com/vania.ezelinos/,,nessuna-email
https://www.instagram.com/senokuramen,,nessuna-email
https://instagram.com/semplice_villasanta,,nessuna-email
https://sfiziomistolodi.it/,info@sfiziomisto.it,statico
https://sfiziodipizzacesat.wixsite.com/ilmiosito,,nessuna-email
https://siciliano-ristorante-pizzeria.eatbu.com/,siciliano.gorla@gmail.com,statico
https://siciliano-ristorante-pizzeria.eatbu.com/,stuzzikandosrl@gmail.com,statico
http://www.seafooditalia.com/chi-siamo.html,,irraggiungibile
https://www.pizzeriasavo.it/,,irraggiungibile
https://www.shabufusion.it/punto-vendita/shabu-seregno/,%20info@shabufusion.it,statico
https://www.shabufusion.it/punto-vendita/shabu-seregno/,franchising@shabufusion.it,statico
https://www.shabufusion.it/punto-vendita/shabu-seregno/,info@shabufusion.it,statico
https://www.shabufusion.it/punto-vendita/shabu-seregno/,seregno@shabufusion.it,statico
https://www.shabufusion.it/punto-vendita/shabu-erba/,%20info@shabufusion.it,statico
https://www.shabufusion.it/punto-vendita/shabu-erba/,erba@shabufusion.it,statico
https://www.shabufusion.it/punto-vendita/shabu-erba/,franchising@shabufusion.it,statico
https://www.shabufusion.it/punto-vendita/shabu-erba/,info@shabufusion.it,statico
https://shabufusion.it/portfolio-item/shabu-codogno/,%20info@shabufusion.it,statico
https://shabufusion.it/portfolio-item/shabu-codogno/,info@shabufusion.it,statico
https://www.facebook.com/shabbycafe,,nessuna-email
https://shinkorestaurant.it/,,nessuna-email
https://shibuya.web.yellgo.cloud/,,nessuna-email
https://foodsicilya.it/,assistenza@webador.it,statico
https://foodsicilya.it/,info@foodsicilya.it,statico
https://www.sfrigoladelizieespresse.it/,,nessuna-email
http://www.sicilianbrera.com/,,nessuna-email
https://www.scibuino.it/,,irraggiungibile
https://www.silenebarandrestaurant.com/,silenesansiro@sheraton.com,statico
https://shokuyaramen.it/,%20ramentaste.so@gmail.com,statico
https://shokuyaramen.it/,ramentaste.so@gmail.com,statico
https://skorpionrestaurant.wixsite.com/skorpionrestaurant,info@mysite.com,statico
https://skorpionrestaurant.wixsite.com/skorpionrestaurant,skorpionrestaurantlounge@gmail.com,statico
https://www.shinrestaurant.it/,,nessuna-email
https://www.facebook.com/DAR-MAYA-Shisha-Lounge-111511070642739/,,nessuna-email
https://www.sciusciarestaurant.com/la-pescheria.html,,irraggiungibile
https://www.sedicigusti.it/,,irraggiungibile
https://www.signorisinasce.com/,,nessuna-email
https://www.shizen-milano.com/,,nessuna-email
https://www.facebook.com/Chef-of-India-321293411966144/,,nessuna-email
https://simposioinverigo.it/,info@inverigohotel.it,statico
https://simposioinverigo.it/,risorseumane@gruppoplinio.it,statico
https://www.facebook.com/sicily.isoladelpiacere/,,nessuna-email
https://www.siloebistrot.it/,info@siloebistrot.it,statico
https://agriturismovallalta.it/,agriturismovallalta@gmail.com,statico
https://www.severinovoghera.it/,,irraggiungibile
https://www.shaktisweethome.it/,,nessuna-email
https://shabulecco.com/,,nessuna-email
https://tennisclubarcore.it/news/ristorante-slam-bistro/,tennissportarcore2018@gmail.com,statico
https://www.shalimarrestaurant.it/,,irraggiungibile
https://www.ristoranteshanghaipavia.it/,,irraggiungibile
https://linktr.ee/sofrasantangelolodigiano,contact@gdprlocal.com,statico
https://linktr.ee/sofrasantangelolodigiano,dpo.support@gdprlocal.com,statico
https://linktr.ee/sofrasantangelolodigiano,online@www.aaa.com,statico
https://linktr.ee/sofrasantangelolodigiano,only@savagex.com,statico
https://linktr.ee/sofrasantangelolodigiano,only@www.gobble.com,statico
https://linktr.ee/sofrasantangelolodigiano,privacy@linktr.ee,statico
https://www.sheng-sushi.it/,,irraggiungibile
https://www.sonkeiomakase.it/,assistenza@webador.it,statico
https://www.sonkeiomakase.it/,sonkeiomakase@gmail.com,statico
https://www.facebook.com/Sisters-PanCaff%C3%A8-104251117626489/,,nessuna-email
https://www.sinestesi.it/,,nessuna-email
https://m.facebook.com/pages/Sisters-Cafe/293034634419965,,nessuna-email
https://www.instagram.com/simopizzaofficial,,nessuna-email
https://www.soundsoresina.it/,info@soundsoresina.it,statico
https://slicemilano.it/,,nessuna-email
https://www.pizzeriasouthitaly.com/,saveriotrimboli40@gmail.com,statico
https://spadarirestaurant.shop/,spadarirestaurant.shop@gmail.com,statico
https://simul-restaurant-drink.it/,,nessuna-email
https://www.specialitavandaepiero.com/,,irraggiungibile
https://linktr.ee/spaccapizza,online@www.aaa.com,statico
https://linktr.ee/spaccapizza,only@savagex.com,statico
https://linktr.ee/spaccapizza,only@www.gobble.com,statico
https://www.sofficecroccante.it/,,nessuna-email
https://silvascaffe.it/,,irraggiungibile
http://sogud.it/,,irraggiungibile
https://sofraitalia.com/,,nessuna-email
https://www.skuby.it/,,irraggiungibile
https://www.instagram.com/smashburger_laveno,,nessuna-email
https://www.facebook.com/snackhousecr,,nessuna-email
https://www.instagram.com/sobborgo_napoletano,,nessuna-email
https://spicybites.shoppingflash.it/spicybites,info@shoppingflash.it,statico
https://sottofondolecco.it/,,nessuna-email
https://spinebrescia.it/,info@coseartigianali.com,statico
https://www.sportingpub.it/,blackstar.sas@hotmail.com,statico
https://grupposoqquadro.com/soqquadropescarenico/,,nessuna-email
https://www.instagram.com/sole_doriente,,nessuna-email
https://www.sorsiebocconi.com/,,nessuna-email
https://spizzicapizza.wixsite.com/spizzicapizza,,nessuna-email
https://www.instagram.com/birrasottolatorremelzo/,,nessuna-email
http://www.spiedonny.it/menu.html,,nessuna-email
https://www.spazio-bianco.com/,,nessuna-email
http://www.sprazzo.it/,,nessuna-email
https://speedypizza-arese.it/,,nessuna-email
https://www.smart24.info/,,timeout
https://sofraturkish.com/,,irraggiungibile
https://www.soprattuttocarne.it/,,irraggiungibile
https://m.facebook.com/Bar-Sport-Lonato-219777561816694/,,nessuna-email
https://www.facebook.com/SpritzBurgerDesenzano,,nessuna-email
https://www.facebook.com/spritzandburger/,,nessuna-email
https://www.instagram.com/sprint_bergamo,,nessuna-email
https://tinyurl.com/ys23tw8n,,nessuna-email
https://streetsmash.com/,beatriz.santillana@streetlisboa.com,statico
https://streetsmash.com/,geral@streetlisboa.com,statico
https://www.stopesce.it/,,nessuna-email
https://sottoventodesenzano.it/,,irraggiungibile
http://www.facebook.com/pages/Start-UP/842042795866881,,nessuna-email
https://starpizzakebabbrembate.it/,info@localweb.it,statico
https://starpizzakebabbrembate.it/,orjon.nallbati@onlawoffice.com,statico
https://starpizzakebabbrembate.it/,privacy@localweb.it,statico
https://starpizzakebabbrembate.it/,redalsaid819@gmail.com,statico
https://www.laspacca.com/,,irraggiungibile
https://strapizzami-gavirate.it/,,nessuna-email
https://www.stellamarina-milano.it/,,nessuna-email
https://www.instagram.com/stilocomo_ristorante,,nessuna-email
https://www.instagram.com/station_treviglio,,nessuna-email
https://www.sturipizza.it/,sturipizzabergamo@gmail.com,render
https://stardustcoffee.it/,,nessuna-email
https://www.instagram.com/steakhousetrippolini_nighttime,,nessuna-email
https://www.ristorantesushisun.it/,help@flipdish.com,statico
https://it-it.facebook.com/pages/category/Bar/Stop-Over-Wine-Drink-Food-474331622619858/,,nessuna-email
https://www.padel007.com/menu/,,irraggiungibile
https://www.instagram.com/strabugelato/,,nessuna-email
https://m.facebook.com/Strapizzami-Crema-1711638129064130/,,nessuna-email
https://bitlocal.it/stargolden-castegnato,,irraggiungibile
https://m.facebook.com/Stratos-Pub-1689754194622449/,,nessuna-email
https://sushidaily.com/media/gatbdrot/menuschedea4_nov2024low.pdf,,irraggiungibile
https://starpizzeriakebap.it/,,irraggiungibile
https://www.facebook.com/share/15wbcEomDK/,,nessuna-email
https://storicocafebrescia.it/,,nessuna-email
http://www.facebook.com/pg/stubebirreria/,,nessuna-email
https://succulenta.it/,,nessuna-email
https://www.sukusushi.it/,,nessuna-email
https://www.sumosushi.it/,,nessuna-email
https://grupposoqquadro.com/surrealbar/,info@soqquadrolecco.it,render
https://www.sushifratellimilano.it/,assistenza@webador.it,statico
https://www.sushifratellimilano.it/,sushifratellimilano@gmail.com,statico
https://m.facebook.com/pages/Pizzeria-Stuzzicando-Mozzate/1029991297035886,,nessuna-email
http://sushidaily.it/,privacy@kellydeli.com,statico
https://www.sullivanristorantehotel.it/,,nessuna-email
https://www.ristorantestrippoli.it/,,irraggiungibile
https://staschiscia-streetfood.it/,,nessuna-email
https://instagram.com/suite_cafe_insta,,nessuna-email
https://negozi.sisal.com/my-sisal/mazzano-via-ludovico-venturoli-24-i-sun-beach-cafe,,irraggiungibile
http://www.sushidaily.com/,privacy@kellydeli.com,statico
https://www.sushidaily.com/it-it/dove-siamo/castano-primo/,fabio.garabello@kellydeli.com,statico
https://www.sushidaily.com/it-it/dove-siamo/castano-primo/,lisa.capuozzo@kellydeli.com,statico
https://www.sushidaily.com/it-it/dove-siamo/castano-primo/,privacy@kellydeli.com,statico
https://www.sushifuturo.it/,,nessuna-email
https://sushidong.it/,,nessuna-email
https://sushidaily.com/it-it/dove-siamo/mariano-comense-xx-settembre/,,nessuna-email
https://www.stuzzisushi.it/,,irraggiungibile
https://www.ristorantesushiroll.com/m/index.php,,nessuna-email
http://sushichen.it/,,irraggiungibile
http://sushionemantova.it/,,nessuna-email
https://www.sugoicesano.it/,,irraggiungibile
https://sushivoyage.it/,,nessuna-email
https://www.facebook.com/sushilabj/,,nessuna-email
https://sharemenu.it/sushi-lin-3/,,nessuna-email
https://www.sushimaison.it/,,nessuna-email
https://www.expressmilano.com/,,irraggiungibile
https://www.sushimaisonvoghera.it/,,nessuna-email
https://www.surabaya06.com/,,irraggiungibile
https://sushiran18.com/,,nessuna-email
https://sushiho.it/,,nessuna-email
https://www.facebook.com/sushionedesenzano,,nessuna-email
https://www.sushirollsushi.it/,,nessuna-email
https://www.tsway.it/,utente@dominio.com,statico
https://www.sushirolldelivery.it/,srl.spaf@gmail.com,render
http://linktr.ee/Taac,contact@gdprlocal.com,statico
http://linktr.ee/Taac,dpo.support@gdprlocal.com,statico
http://linktr.ee/Taac,online@www.aaa.com,statico
http://linktr.ee/Taac,only@savagex.com,statico
http://linktr.ee/Taac,only@www.gobble.com,statico
http://linktr.ee/Taac,privacy@linktr.ee,statico
https://www.sushizen.it/,,nessuna-email
https://www.instagram.com/sushispotmerate,,nessuna-email
https://www.sushizero.it/,,nessuna-email
https://sushic.it/,,nessuna-email
https://symposionparabiago.it/,info@symposionparabiago.it,statico
https://www.taiyo.it/,info@taiyosrl.it,statico
https://www.maleopizzighettone.it/pizzighettone/ristoranti-hotel-pizzighettone/tadim-istanbul/,,nessuna-email
https://www.tajmahalristorante.it/,tajbergamo@gmail.com,statico
https://albertotabacchi.com/,assistenza@webador.it,statico
https://albertotabacchi.com/,info@albertotabacchi.com,statico
https://sushiworld.it/,,nessuna-email
https://www.sushiyomilano.com/,,nessuna-email
https://tamomilano.it/,tamomozzarella@gmail.com,statico
https://tacoburger.it/,,nessuna-email
https://www.sushihouse.it/,,irraggiungibile
https://www.tahua.it/,,nessuna-email
https://www.takeawaymilano1976.com/,info@takeawaybistrotmilano.it,render
https://www.tajmahalbrescia.it/,,nessuna-email
https://instagram.com/tabonitoristorante,,nessuna-email
https://sushijoy.it/,,irraggiungibile
https://www.sushikingmilano.it/,,irraggiungibile
https://sushiono.eu/,,nessuna-email
https://www.facebook.com/tacco12lissone/,,nessuna-email
https://www.tandooribitesmilano.it/,,nessuna-email
https://bartrattoriasenago.milano.it/,dinamis@itpec.net,statico
https://bartrattoriasenago.milano.it/,elsosnc@gmail.com,statico
https://bartrattoriasenago.milano.it/,info@dinamis.it,statico
https://bartrattoriasenago.milano.it/,privacy@titrovo.it,statico
https://www.restaurantsushiland.it/sushi-land-vimodrone-2/,,irraggiungibile
https://www.restaurantsushiland.it/,,irraggiungibile
https://sushiimpero.it/impero-seriate/,,timeout
https://www.okainasushi.it/,,irraggiungibile
https://www.sushiplusrestaurant.com/,,irraggiungibile
https://www.sushiromance.it/,romance.segreteria@gmail.com,render
https://www.sushiromance.it/,sushiromance@gmail.com,render
https://www.sushitimelentate.it/,,irraggiungibile
https://tanishkaristo.com/,tanishkaristo@gmail.com,render
https://www.sushiyuhu.it/,,irraggiungibile
https://concordialaveno.it/,,nessuna-email
https://www.facebook.com/pages/Tang-Gourmet/1275270155822902,,nessuna-email
https://tandoorikebab.it/,anserbut@gmail.com,render
https://www.tavernatarel.com/,info@tavernatarel.com,statico
https://tavernalabotte.org/,tavernalabotte@alice.it,statico
https://tavernalabotte.org/,tavernalabottecremona@gmail.com,statico
https://www.tiktok.com/@lacocinadetavos1,marketing@tiktok.unlocking,statico
https://www.tardispubmilano.it/,,nessuna-email
http://www.tao2.it/,,irraggiungibile
https://www.sushiyami.it/,,timeout
https://ristorantetavernadegliartisti.it/,tavernadegliartisticarate@gmail.com,render
https://www.facebook.com/tapitacalcinato,,nessuna-email
https://www.sushiyarestaurant.it/,,irraggiungibile
https://www.instagram.com/taste.treviglio,,nessuna-email
https://www.tempowinebar.it/,info@tempowinebar.it,statico
https://tastegrillpakindiano.it/,,nessuna-email
http://www.tavolafelice.it/,,nessuna-email
https://www.galliadining.com/,galliadining@luxurycollection.com,statico
https://www.tcbistrotbergamo.it/,,nessuna-email
https://www.panevorestaurant.com/,panevorestaurant@westin.com,statico
https://www.instagram.com/tavernadelbucaniere,,nessuna-email
https://www.facebook.com/taverna-mediterranea-67858882347/,,nessuna-email
https://www.tabularosa.it/,,irraggiungibile
https://tamisushi.it/,,nessuna-email
https://www.facebook.com/amiciteatrocafe/,,nessuna-email
https://te-beso.it/,info@localweb.it,statico
https://te-beso.it/,orjon.nallbati@onlawoffice.com,statico
https://te-beso.it/,privacy@localweb.it,statico
https://te-beso.it/,sulejmanibesmir@icloud.com,statico
https://www.takosushilab.it/,,irraggiungibile
https://telocucinoio.wordpress.com/,,nessuna-email
https://www.thai-house.it/,assistenza@webador.it,statico
https://www.tandy.it/,,irraggiungibile
https://www.gimmemore.it/,,irraggiungibile
https://tandooriflame.it/,,irraggiungibile
https://www.we-taste.it/,,irraggiungibile
https://www.thatzbuger.it/,info@thatzburger.it,statico
https://www.instagram.com/tentami_pizza,,nessuna-email
https://www.thailoungemilano.it/,info@thailoungemilano.it,statico
https://www.terminal1.it/,terminal1@brewfist.com,render
https://www.tavernadegliamici.eu/,,irraggiungibile
https://www.instagram.com/terrazza_triclinium/,,nessuna-email
https://www.instagram.com/terroir_arcore,,nessuna-email
https://www.tempindre.it/,,nessuna-email
https://thecaffebar.shop/,contact@grubbio.com,statico
https://www.thebeachmilano.it/,privacythebeach@gmail.com,statico
https://www.thaichokdee.it/,,nessuna-email
https://magnatestone.com/,,nessuna-email
https://www.tham.it/,,nessuna-email
https://www.latavernadeisapori.it/,,irraggiungibile
https://www.facebook.com/thatsamorelapizzeria/,,nessuna-email
https://www.agriturismoilrovere.it/it,alpinformatica@pec.it,statico
https://www.agriturismoilrovere.it/it,camere@agriturismoilrovere.it,statico
https://www.agriturismoilrovere.it/it,info@agriturismoilrovere.it,statico
https://www.agriturismoilrovere.it/it,mailus@alpinformatica.com,statico
https://www.agriturismoilrovere.it/it,ristorante@agriturismoilrovere.it,statico
https://lucamartinelli.dev/,l.martinelli@hotmail.com,render
https://ogtheoriginal.com/,server@ogtheoriginal.com,render
https://www.instagram.com/thebeercornercantu/,,nessuna-email
https://themilancastlepaderno.my.canva.site/,themilancastle1@gmail.com,render
https://parabiago.tavernacolo.it/,,irraggiungibile
https://www.thefresh.menu/,,nessuna-email
https://www.ghostpub.it/,info@ghostpub.it,statico
https://www.theflatmonza.it/,,nessuna-email
https://www.royalgardenhotelmilano.com/ristorazione/ristorante-blue-crab/,info@rghotel.it,render
https://www.testina.eu/,massimo@testina.eu,statico
https://www.thefortyfive.it/,,nessuna-email
https://www.facebook.com/Il-Gelatiere-Rovato-563955600380153/,,nessuna-email
http://www.themode.it/,contact@themode.it,statico
http://www.themode.it/,info@themode.it,statico
http://www.themode.it/,prenotazioni@themode.it,statico
https://telchiosteria.it/,,irraggiungibile
https://www.telavevodettoo.it/,,irraggiungibile
https://tecrestaurant.it/,,irraggiungibile
https://www.facebook.com/THEOLDJESSE,,nessuna-email
https://thegardenmilano.it/,,nessuna-email
https://thepurtykitchen.com/,infopurtykitchen@gmail.com,render
https://qrco.de/bbXCAU,,nessuna-email
https://www.tiebreaktrezzano.it/,contatto@esempio.it,statico
https://www.tiebreaktrezzano.it/,tiebreaktrezzano@gmail.com,statico
https://www.tentazioniristorante.it/,,irraggiungibile
https://www.tenutacanova.com/,,irraggiungibile
https://www.facebook.com/483166335130593/,,nessuna-email
https://www.terrazza13.com/,,irraggiungibile
http://www.instagram.com/theriverpub2025,,nessuna-email
https://www.tiramolameseda.it/,info@tiramolameseda.it,render
https://www.instagram.com/vibeloungeseregno,,nessuna-email
https://www.mamesteakhouse.com/,mameratosrl@gmail.com,statico
https://www.instagram.com/tigellabella.como,,nessuna-email
https://www.tokuramen.com/,info@mysite.com,render
https://www.tokuramen.com/,info@tokuramen.com,render
https://www.tokyostation.it/,tokyostationmilano@gmail.com,statico
http://www.tokyosondrio.it/,helpdesk@eroom.it,statico
https://www.instagram.com/tigellabelladesenzano,,nessuna-email
https://www.tigellas.it/,,nessuna-email
https://www.alchemistbergamo.it/it/,,irraggiungibile
https://www.tommasimilano.it/,info@tommasimilano.it,statico
https://tomoyoshiporpora.com/,contact@joinoko.com,statico
https://tomoyoshiporpora.com/,online@www.cnil.fr,statico
https://tomoyoshiporpora.com/,privacy@joinoko.com,statico
https://www.brisketmilano.com/,,irraggiungibile
https://www.toastocoast.it/,amministrazione@toastocoast.it,statico
https://www.thedhaba.it/,,irraggiungibile
http://flavorfulgroup.it/grancaffe,,irraggiungibile
https://todobien39.com/,,nessuna-email
https://www.fondazioneprada.org/torre/,career@torreristorante.com,render
https://www.fondazioneprada.org/torre/,reservationtorre@fondazioneprada.org,render
https://www.tiportorestaurant.com/,,nessuna-email
https://m.facebook.com/tntbirreria,,nessuna-email
https://sharemenu.it/tokyo-258,,nessuna-email
https://instagram.com/todomundopub,,nessuna-email
https://www.thefriendspubmilano.it/,,irraggiungibile
https://www.thekingbistrot.it/,,irraggiungibile
https://www.thegrill.it/,,irraggiungibile
https://theoremaristorantepizzeria.it/,,nessuna-email
https://ristorantetoyama.it/,stefanowbl@gmail.com,render
https://tonybistro.altervista.org/,,nessuna-email
https://www.titemilano.it/,info@titemilano.it,render
https://eltombon.it/,,nessuna-email
https://www.toscanino.com/,infomilano@toscanino.com,render
https://www.toscanino.com/,prenotazioni.milano@toscanino.com,render
https://www.toscanino.com/,prenotazioni.rinascentefirenze@toscanino.com,render
https://www.toscanino.com/,prenotazioni.themallfirenze@toscanino.com,render
https://www.tonorestaurant.it/,info@tonorestaurant.it,render
https://www.tramvai.eu/,info@tramvaigroup.eu,render
https://theolly.it/,,irraggiungibile
https://www.thepolohub.it/,,irraggiungibile
https://www.venetiantrame.it/,server@www.venetiantrame.it,statico
https://www.therisingbakery.it/,,irraggiungibile
https://www.instagram.com/toto_pizza_al_trancio,,nessuna-email
https://touromilano.it/,,nessuna-email
https://www.facebook.com/cafetralerighe,,nessuna-email
https://www.tiffany-caffe.it/,,irraggiungibile
https://tranciosiciliano.it/,,nessuna-email
https://www.allepiante.it/,info@allepiante.it,statico
http://www.topgourmet.it/self-services.php,,irraggiungibile
https://www.trattoriaborgovecchio.it/,info@trattoriaborgovecchio.it,statico
https://www.ristorantitijuana.com/,,irraggiungibile
https://sushitomi.it/monza-2/,,nessuna-email
https://pizzeria-al-91.vercel.app/,,nessuna-email
https://tikitacos.it/,,irraggiungibile
https://m.facebook.com/Locanda-Adamello-810874949107693/,,nessuna-email
https://www.toasteriaitaliana.com/,,irraggiungibile
https://www.facebook.com/pages/category/Diner/Trattoria-Al-Fontanone-149986498368987/,,nessuna-email
https://amicimieimilano.it/,info@amicimieimilano.it,render
https://www.facebook.com/trattorialportichetto/,,nessuna-email
https://www.facebook.com/Trattoria-bar-sport-da-Ignazio-165686133783251/,,nessuna-email
https://www.tokyosushi.it/,,irraggiungibile
https://stradella.toshirestaurant.it/,,nessuna-email
https://www.bellavistabistro.com/competitor-analysis/trattoria-consolini,,nessuna-email
https://www.facebook.com/groups/382608620534/,,nessuna-email
https://www.trattoriasantuario.it/,,nessuna-email
https://it-it.facebook.com/TrattoriaCanalino/,,nessuna-email
https://www.trattoriadacarla.com/,info@trattoriadacarla.com,statico
https://www.trattoriadafabio.com/,angelo.ballabio@tin.it,statico
https://www.trattoriadagianni.com/,razzamarco@live.it,statico
https://www.trattoriadagianni.com/,trattoriadagianni@hotmail.it,statico
https://www.trattoriadagianni.com/,trattoriadagianni@legalmail.it,statico
https://toshisommalombardo.it/,,nessuna-email
http://www.paginegialle.it/trattoriacave,,nessuna-email
https://m.facebook.com/pages/category/Diner/Trattoria-Caprese-Busto-Arsizio-114352216657958/,,nessuna-email
https://www.topgourmet.it/,,irraggiungibile
https://www.trattoriacontemporanea.it/,,nessuna-email
https://trastevereromano.it/,,nessuna-email
https://m.facebook.com/Trattoria-Cascina-Bombaglio-592272297476807/,,nessuna-email
https://www.toscaninirozzano.it/,,irraggiungibile
https://www.trattoriabuongustaio.it/,ginaelenaciolacu19@gmail.com,statico
https://www.facebook.com/trattoriacrocebiancaa,,nessuna-email
https://trattoriaesalumeriabenzoni.eatbu.com/,trattoria.benzoni@gmail.com,statico
http://www.trattorialarondinella.it/,,irraggiungibile
https://trattoria26aprile.it/,,irraggiungibile
https://www.bartrattoria395.it/,,irraggiungibile
https://www.allaghett.it/,,irraggiungibile
https://ristoranteannovazzi.it/,,irraggiungibile
https://www.trattoriaandrea.it/,,irraggiungibile
https://www.trattoriacaricatore.com/,,nessuna-email
https://www.facebook.com/trattoriadamarta/,,nessuna-email
https://www.daoscar.it/,,nessuna-email
https://trattoriadagiove.it/,trattoriadagiove@gmail.com,statico
https://m.facebook.com/pages/Trattoria-Da-Pino/134375419943240,,nessuna-email
https://www.trattoriadapanciroli.it/,,nessuna-email
https://trattoriaduestelle.com/,,nessuna-email
https://www.trattoriailmelograno.it/,robertamarelli27@gmail.com,statico
https://www.trattoriaedda.it/,,nessuna-email
https://www.ristorantegirasoli.com/,info@ristorantegirasoli.com,statico
https://www.trattoriafaballaloeucc.it/,,nessuna-email
https://www.anticoborgocremona.it/,,irraggiungibile
https://www.trattoriacamozzi.it/,,irraggiungibile
https://www.trattoriagiovannellaincanto.it/,,irraggiungibile
https://www.trattoriaburlagio.it/,,irraggiungibile
https://facebook.com/ilcircolinosantangelo/,,nessuna-email
https://www.trattorialaruota.it/,info@trattorialaruota.it,statico
https://www.trattoriacapolinea.it/index.php,,irraggiungibile
https://www.trattoriaceraunavolta.it/,,irraggiungibile
http://www.trattoriaelsorbir.it/,,irraggiungibile
https://www.trattoriadellastampamilano.it/,,nessuna-email
https://www.larossaduepuntozero.com/,trattorialarossa2@gmail.com,render
https://laconcaverde.it/,almirabile@orobianet.it,render
https://trattoria-gin-gin.it/,info@trattoriagingin.it,render
https://trattoriailquadrifoglio.base44.app/Home,,nessuna-email
https://www.trattoriadellastampacupole.it/,,nessuna-email
https://www.locandaleno.it/,,nessuna-email
https://www.facebook.com/TrattoriaIlPonteSulloStretto,,nessuna-email
https://trattoriamettiticomodo.eatbu.com/,saraarcole@gmail.com,statico
https://www.cortefiorina.it/,,nessuna-email
https://www.trattoriacampagnola.com/,,nessuna-email
https://pizzeriapergola.webnode.it/,contatto@esempio.it,statico
https://pizzeriapergola.webnode.it/,lapergolacastelgoffredo@gmail.com,statico
https://www.trattoriapaola.it/,info@trattoriapaola.it,statico
https://www.facebook.com/trattorialonato,,nessuna-email
https://www.trattoriadagiulia.com/,,irraggiungibile
https://www.labassa.it/,info@labassa.it,statico
https://www.trattoriadeicacciatoribrugherio.it/,,irraggiungibile
https://trattoriadellavalera.com/,,irraggiungibile
http://www.trattoriaguallina.it/,,irraggiungibile
https://www.trattoriadelmoro.com/,,irraggiungibile
https://www.trattoriadelbrugo.it/,,irraggiungibile
https://www.trattoriafalconi.com/,,irraggiungibile
https://www.iolmo.it/,,nessuna-email
https://itplaces.me/trattoria-la-rosa-676134-it,contact@bizsite.link,statico
http://www.milanis.com/,info@milanis.com,render
https://mamma-roma.it/,,nessuna-email
https://www.lavecchiaguardia.it/,,nessuna-email
http://www.instagram.it/trattoriagrazzine,,nessuna-email
http://www.trattoriapizzeriadalbergomi.com/,,nessuna-email
https://www.trattorianoe.com/,info@trattorianoe.com,render
https://trattoriafilograna.it/,,nessuna-email
https://m.facebook.com/pages/Trattoria-Novegro-11/554145275038828,,nessuna-email
http://www.trattoriatriangia.it/,,irraggiungibile
https://www.visitnembro.it/trattoria-merelli/,,nessuna-email
https://trattoriamastini.it/,,nessuna-email
https://trattoriaparietti.it/,,nessuna-email
https://m.facebook.com/trattoriaborgovecchio/,,nessuna-email
https://www.trattoriavaltellinese.it/,v.bertolini76@gmail.com,statico
https://trattoriasanpietrobariola.it/,,nessuna-email
https://www.trattorialequattrostagioni.com/,,nessuna-email
https://trattoriarosymontichiari.it/,,nessuna-email
https://www.trattoriasorriso.altervista.org/,,nessuna-email
https://trattoriasanfilipponeri.it/,,nessuna-email
https://www.trattoria-sole.it/,,nessuna-email
https://www.altrip.it/,impallari@gmail.com,statico
https://www.altrip.it/,tripristorante@gmail.com,statico
https://www.trattoriadarsena.it/,,irraggiungibile
https://www.lanuovarustica.it/,,irraggiungibile
https://www.trixyristopub.it/,trixyristopub@gmail.com,statico
https://www.libertycremona.it/,,irraggiungibile
https://www.facebook.com/trattoriavillarossa,,nessuna-email
https://www.facebook.com/lapiadineriadelgenio/,,nessuna-email
https://www.quattropiantoni.it/,trattoria4piantoni@gmail.com,render
https://www.facebook.com/trerepizzeria/,,nessuna-email
https://www.trattorialosfizio.it/,,irraggiungibile
https://www.tulipmonza.it/,nicolo.chinaglia@gmail.com,statico
https://www.trattoriaressi.com/,trattoria.ressi@gmail.com,statico
http://www.trattoriatorredipisa.it/,,irraggiungibile
https://www.facebook.com/share/17yN8xMYU2/,,nessuna-email
https://trattoriatuttidallanonna.it/,,nessuna-email
https://www.trattoriapizzeriainborgovico.eu/,,irraggiungibile
https://gustodoner.istanbul-kebab.website/home,,nessuna-email
https://deliveroo.it/menu/castiglione-delle-stiviere/castiglione-delle-stiviere/turkish-kebabery-istanbul-via-cesare-battisti-88,hello@deliveroo.fr,statico
https://www.facebook.com/Troppo-Napoletani-Limbiate-106349330801144/,,nessuna-email
https://www.facebook.com/iltuofoodhouse/,,nessuna-email
http://justeat.com/,,nessuna-email
https://www.menu2020.it/ristoranti,info@lanzi2020.it,render
https://www.tropicalcoffee.it/,,nessuna-email
https://turkishkebapcassano.it/,,nessuna-email
https://www.instagram.com/troppofresco/,,nessuna-email
https://www.trattoriapizzeriamoderna.it/,,irraggiungibile
https://www.trattoriapodazzera.it/,,irraggiungibile
https://www.unabetulla.com/,bottegadelfiordaliso@gmail.com,statico
https://www.unabetulla.com/,unabetulla@gmail.com,statico
https://www.trattoriasantamaria.it/,,irraggiungibile
https://www.terraetavola.it/,,irraggiungibile
https://untavolinosullostretto.com/,untavolino.sullostrettobg@gmail.com,render
https://unmondodipizza.eatbu.com/,angelo.mentasti@gmail.com,render
https://www.trattoriatorretta.it/,,irraggiungibile
https://www.instagram.com/rezzato27_46,,nessuna-email
https://www.facebook.com/monzaturne,,nessuna-email
https://www.instagram.com/baffo_doro_kebap,,nessuna-email
https://www.urgnanoistanbulkebap.com/,mymail@mailservice.com,statico
https://www.urgnanoistanbulkebap.com/,urgnano.istanbulkebap@gmail.com,statico
https://trattoriatoscanak2.it/,,irraggiungibile
https://turnaindre.it/,,nessuna-email
https://trevigliofastfood.it/,andreamarino.1991@hotmail.it,statico
https://trevigliofastfood.it/,info@localweb.it,statico
https://trevigliofastfood.it/,orjon.nallbati@onlawoffice.com,statico
https://trevigliofastfood.it/,privacy@localweb.it,statico
https://www.trattoriavantini.it/,,irraggiungibile
https://www.pizzeriatuttogiusto-milano.it/,,nessuna-email
https://ukiyosushi.com/,,nessuna-email
https://www.trattoriavecchiafornace.it/,,timeout
https://www.trereluino.it/,,irraggiungibile
https://tretempi.com/,,irraggiungibile
https://www.trentase.it/,,irraggiungibile
http://www.tuttaltrosuono.it/,,irraggiungibile
https://www.tunavoghera.it/,,irraggiungibile
https://ungaro1956.it/,,nessuna-email
https://vecchiomulinomilano.com/,nvecchiomulinomilano@gmail.com,statico
https://vecchiomulinomilano.com/,vecchiomulinomilano@gmail.com,statico
http://www.facebook.com/UrbanCafeTreviglio/,,nessuna-email
https://www.instagram.com/leopard.4277302,,nessuna-email
https://www.tuttanatastoriamilano.it/pizzeria-napoletana/,,irraggiungibile
http://www.v2latrattoria.it/,,irraggiungibile
https://www.ristorantetwister.it/,,irraggiungibile
https://www.tewine.it/,,irraggiungibile
https://www.uglybgy.it/,,irraggiungibile
http://vegami.it/,info@vegami.it,statico
https://www.facebook.com/Usaghirestaurant/,,nessuna-email
http://www.vecchiariva.com/,info@vecchiariva.com,statico
https://www.uptowncafe.it/,cozzi.niccolo@gmail.com,statico
https://shop.tuttocapsule.it/negozio-caffe-cialde-capsule/15-tuttocapsule-suzzara,,timeout
https://m.facebook.com/V-caf%C3%A8-624286378204220,,nessuna-email
https://vitaprive.it/,,nessuna-email
https://www.vecchiatrattoriadellapesa.com/,info@vecchiatrattoriadellapesa.com,render
https://instagram.com/valtrompiakebab,,nessuna-email
https://www.instagram.com/vibesss.cafe,,nessuna-email
http://www.verdesalviagourmet.it/,info@verdesalviagourmet.it,statico
http://verdeacaffe.eatbu.com/,zanchi.giulia@me.com,statico
https://www.ramenbrescia.it/,,timeout
https://www.viabrasil.it/,base.srl@hotmail.it,statico
https://m.facebook.com/pages/Van-Gogh-Pub-Cafe-Di-Garavaglia-Felice-C/134438309937538,,nessuna-email
https://vannigourmet.it/,,nessuna-email
http://verace.metro.rest/,antonioacanfora666@gmail.com,render
https://www.vesulecco.com/,vesu.lecco.srl@gmail.com,statico
https://www.facebook.com/Pizzeria-Vecchia-Napoli-Cantu-220376701368541/,,nessuna-email
https://ristorante-veranda.it/,veranda.milano.ristorante@gmail.com,statico
https://www.facebook.com/VecchiaStatale36/,,nessuna-email
https://www.facebook.com/VecchioPozzoAlbinoBG,,nessuna-email
https://www.pizzeriavespucci.it/,barpizzeriavespucci@virgilio.it,statico
https://www.pizzeriavespucci.it/,contatto@esempio.it,statico
https://vecchiocaffedellacotica.shop/,,nessuna-email
https://www.vittoriacafe.com/,,nessuna-email
https://www.vicoloanticoristorante.it/,oscar.redolfi@gmail.com,statico
https://www.urbanbergamopub.it/,,timeout
https://www.vikpellicootto.com/,restaurant@galleriavikmilano.com,render
https://veniceristorantepizzeria.shop/,,nessuna-email
https://www.hotelpalazzolo.it/,info@hotelpalazzolo.it,statico
https://villa22-legnano.it/,,nessuna-email
https://www.verosaporegreco.com/,,nessuna-email
https://www.villacantonimarca.it/,info@villacantonimarca.it,statico
https://villasantespedito.it/,info@villasantespedito.it,statico
https://www.salutehospitalitygroup.com/it/villa-porro-pirelli/index/,info@salutehospitalitygroup.com,statico
https://vikand.it/,marioss.78@icloud.com,statico
https://www.villagualdina.it/,,nessuna-email
https://www.ristorantetradizioneitaliana.com/,brian.poggi@live.it,statico
http://www.vinunavigli.com/,info@vinunavigli.com,statico
http://www.villasantantonio.eu/,info@villasantantonio.eu,render
https://www.veganfruttariano.it/,,irraggiungibile
https://www.ristorantevedetta.it/,,irraggiungibile
https://www.vineriatrigu.it/,vineriatrigu@gmail.com,render
https://www.villarealetta.it/,,nessuna-email
https://velmilanoristorante.it/,,irraggiungibile
https://itplaces.me/versace-salvatore-658067-it,contact@bizsite.link,statico
https://www.ristorantevelavevodetto.it/ristoranti/milano-duomo/,,nessuna-email
http://www.dimoredelgusto.it/ville-location-matrimoni-monza-brianza/,grafica@dimoredelgusto.it,statico
http://www.dimoredelgusto.it/ville-location-matrimoni-monza-brianza/,info@dimoredelgusto.it,statico
http://www.facebook.com/villagecafe.cesate,,nessuna-email
https://m.facebook.com/villagepeoplecyberpub/,,nessuna-email
https://vip-pizzeria.sigital.io/,,nessuna-email
http://www.vineriadolcevite.it/,,nessuna-email
https://www.vvverde.it/,info@vvverde.it,statico
https://vibecusanomilanino.it/,info@localweb.it,statico
https://vibecusanomilanino.it/,leanzaloris@gmail.com,statico
https://vibecusanomilanino.it/,orjon.nallbati@onlawoffice.com,statico
https://vibecusanomilanino.it/,privacy@localweb.it,statico
https://www.visini.it/,info@visini.it,render
https://www.instagram.com/vini_e_pecorini/,,nessuna-email
https://wabirestaurant.com/,wabicrema@gmail.com,render
https://www.vineriadelvicolo.it/,,nessuna-email
http://www.vogliadipizzacernusco.it/,,nessuna-email
http://www.wamara.it/,wamarabrescia@gmail.com,statico
https://pizzeria-weekend-bresso.eatbu.com/,pizzeriaweekend@yahoo.it,statico
http://www.volemosebenemilano.it/,,nessuna-email
https://www.worldsushi.it/,,nessuna-email
https://m.facebook.com/pages/category/Local-Business/ViVa-Caffe-2218931834989039/,,nessuna-email
https://www.facebook.com/vogliadipizza01/,,nessuna-email
https://www.ristorantealvesuvio.com/,,irraggiungibile
https://welovetigella.it/,,nessuna-email
https://www.volemosebene.it/,,nessuna-email
https://my.ristoe.com/#/lON2IBEIxq/menu/launch,,nessuna-email
https://www.vivacorvetto.it/,,irraggiungibile
https://wildmariano.it/,,nessuna-email
https://wabyristorante.com/,,nessuna-email
https://www.victor-steakhouse.com/,,irraggiungibile
https://bit.ly/MenuWEMA,alessio.bertolinomp@gmail.com,render
https://voglia-di-pizza.it/,,nessuna-email
https://www.wemapizzeria.com/,milano.wema@gmail.com,render
https://www.wemapizzeria.com/,wema.torino@gmail.com,render
https://wasabi-milano.it/,,nessuna-email
https://www.winecoffeesound.com/,,nessuna-email
https://www.villacanton.com/,,irraggiungibile
https://www.villamanzonibergamo.it/,,irraggiungibile
https://www.villamoroni.it/,,irraggiungibile
https://www.villafiorita.org/,,irraggiungibile
http://www.vulkania.org/,,irraggiungibile
https://yangsushi.it/,info@ninjamailtrap.com,render
https://www.yoisushi.it/,,nessuna-email
https://yusushi.it/,info@yusushi.it,statico
https://m.facebook.com/Watami-Sushi-Restaurant-Varese-176462416260502/,,nessuna-email
https://www.villavecchia1865.eu/,,irraggiungibile
https://wen.restaurant/ristorante/bergamo/,,nessuna-email
https://www.instagram.com/why_not_bistrot/,,nessuna-email
https://www.vineriadellecorti.it/,,irraggiungibile
https://yumigoramen.myrestoo.net/it/reservar,privacy@stripe.com,statico
https://www.yuanristorante.com/,info@mysite.com,render
https://instagram.com/workinprogressbar,,nessuna-email
https://pnssm.pro/ea5un76,,nessuna-email
https://www.viniepiu.it/,,irraggiungibile
https://www.ristoranteyoshi.it/,,nessuna-email
https://wesmashburger.it/,,nessuna-email
http://www.winebartavernetta.com/,,irraggiungibile
https://www.yoshijapaneserestaurant.it/,,nessuna-email
https://www.yoshirestaurant.it/,,nessuna-email
https://www.yintao.com/,,nessuna-email
https://www.pizzeriazei.it/,info@pizzeriazei.it,statico
https://www.pizzeriazei.it/,pizzeria.zei@gmail.com,statico
https://www.youkeristorante.it/,,nessuna-email
https://qrco.de/ZestLoungeBar,info@tognetti.ch,statico
https://instagram.com/yoyogurt_luino,,nessuna-email
https://m.facebook.com/YuHuaSanGiuliano/,,nessuna-email
https://www.yuanzihotpot.com/,,nessuna-email
https://www.ristorantewarsa.com/,,irraggiungibile
https://www.zero75enotecaconcucina.it/,zero75srl@icloud.com,statico
https://sushiyuzu.it/,,nessuna-email
https://milano.yushoku.drmenu.it/read,,nessuna-email
https://zenitoggiono.wixsite.com/zenit,,nessuna-email
https://zaiqaristorante.it/,,nessuna-email
https://vulcanomilano.com/,,timeout
http://www.ziofrenk.it/,ziofrenk@ab-food.it,statico
http://ziaesterina.company.site/,,nessuna-email
https://www.mcsmultiservizi.com/,,irraggiungibile
https://www.instagram.com/zapoi_bar/,,nessuna-email
https://whitemoda.it/,,irraggiungibile
https://www.wishpub.com/,,irraggiungibile
https://yumiristorante.it/,,nessuna-email
https://www.ziamariamare.it/,,nessuna-email
https://itplaces.me/yun-quick-538844-it,contact@bizsite.link,statico
https://www.zushi.eu/,hello@arketingstudio.com,statico
https://www.zushi.eu/,info@agaweb.it,statico
https://www.zushi.eu/,info@zushi.eu,statico
https://www.zushi.eu/,job@zushi.eu,statico
http://www.yumiisushi.it/,,irraggiungibile
https://www.zenzero-cannella.it/,server@zenzero-cannella.it,statico
https://instagram.com/zerobyfranco,,nessuna-email
https://zushi.eu/en/4096/bergamo/delivery,bergamo@zushi.eu,statico
https://zushi.eu/en/4096/bergamo/delivery,hello@arketingstudio.com,statico
https://zushi.eu/en/4096/bergamo/delivery,info@agaweb.it,statico
https://zushi.eu/en/4096/bergamo/delivery,info@zushi.eu,statico
https://zushi.eu/en/4096/bergamo/delivery,job@zushi.eu,statico
https://instagram.com/_zephyr_bar_,,nessuna-email
https://zibedesign.it/,,nessuna-email
https://m.facebook.com/pages/category/Restaurant/Zia-Nicoletta-102763684753210/,,nessuna-email
https://m.facebook.com/DalloZioMichele/,,nessuna-email
http://www.zushi.eu/Brescia/it/page/index1,brescia@zushi.eu,statico
http://www.zushi.eu/Brescia/it/page/index1,hello@arketingstudio.com,statico
http://www.zushi.eu/Brescia/it/page/index1,info@agaweb.it,statico
http://www.zushi.eu/Brescia/it/page/index1,info@zushi.eu,statico
http://www.zushi.eu/Brescia/it/page/index1,job@zushi.eu,statico
https://www.ziopizza.it/,info@ziomariano.com,render
https://www.ziopizza.it/,info@ziopizza.it,render
http://ilberin.com/,ilberinvinobistro@gmail.com,statico
https://linktr.ee/geneeventi,online@www.aaa.com,statico
https://linktr.ee/geneeventi,only@savagex.com,statico
https://linktr.ee/geneeventi,only@www.gobble.com,statico
https://ristoranteargentinozotto.it/,,nessuna-email
https://www.yumifusionrestaurant.it/,,irraggiungibile
https://www.zonagioco.it/,,nessuna-email
https://www.ziobovisio.it/,%20info@ziomariano.com,statico
https://www.ziobovisio.it/,%20info@ziopizza.it,statico
https://www.ziobovisio.it/,info@ziomariano.com,statico
https://www.ziobovisio.it/,info@ziopizza.it,statico
https://www.i-sushi.net/,,nessuna-email
https://www.zonsteakhouse.it/,,nessuna-email
http://www.bahotpot.com/,,nessuna-email
https://www.yummycremona.it/,,irraggiungibile
https://www.yummyrestaurant.it/,,irraggiungibile
https://www.facebook.com/cafelattedirighini/,,nessuna-email
https://civicodiecicafe.com/,,nessuna-email
https://istanbulturkishkebab.taacdelivery.it/,info@taacdelivery.it,render
https://m.facebook.com/Bistr%C3%B3-BAR-1495814437155338/,,nessuna-email
https://www.facebook.com/Gandalf-Caf%C3%A8-452867244834100/,,nessuna-email
https://ristorantemadreterra.com/,,nessuna-email
https://www.instagram.com/ilmassimocaffe/,,nessuna-email
https://m.facebook.com/migamilano,,nessuna-email
https://www.zoirestaurant.it/,,nessuna-email
https://www.zerounoristorante.it/,,irraggiungibile
https://www.zero3nove.com/,,irraggiungibile
https://zibocuochiitineranti.it/,,irraggiungibile
https://www.zyurestaurant.it/,,irraggiungibile
https://www.alvitaristorante.it/,,irraggiungibile
https://www.xiongmao.it/,,irraggiungibile
