Nome;Sito
""" Lazza's Bar "" Cafè & Bistrot";https://instagram.com/lazzas_bar
"""da Claudio"" - Ristorante E Pizzeria";http://daclaudioristorantepizzeria.wordpress.com/
"""i Soliti"" Pizzeria, Birreria";https://www.birreriaisoliti.it/
"""il Ragazzo Di Campagna"" Restaurant";https://www.ilragazzodicampagna.it/
"""pizza & Kebap"" Il Trevigliese";https://www.pizzakebapiltrevigliese.com/
060 Coffee House;https://www.zero60.it/
10-58;https://m.facebook.com/Pizzeria-1058-418537325281/
111 Bar & Pizzeria Napoletana;https://www.111barpizzeria.it/
1158.lodi;https://www.1158.lodi.it/
125 Centoventicinque;https://instagram.com/centoventicinque125
14 Art Gallery Café;https://www.instagram.com/14artgallerycafe/
14 Grani Pizza Experience;https://14graniexperience.it/
15 Gelateria Caffetteria;https://www.facebook.com/15gelateriacaffetteria
1862 Ristorante Della Posta;https://www.grandhoteldellaposta.eu/it/hotel-4-stelle-con-ristorante-sondrio-lombardia
2 Brothers Restaurant;https://2brothersrestaurant.it/
2 Morsi Food & Drink;https://2morsi.it/
2. Zero Paullo;https://2zeropaullo.it/
200Caffè;https://www.200caffe.it/
250 Grammi;https://250gr.it/
2note cafè;https://www.2note.it/
3 Italian Pizza;https://3italianpizza.com/
34. Bar á Vin;https://www.34baravin.com/
360gradi Ristorante-pizzeria- Sushi;https://itplaces.me/360gradi-ristorante-pizzeria-sushi-567764-it
3no beach café;http://www.instagram.com/3nobeachcafe/
412 Cafe;https://www.412cafe.it/
45 Parallelo Pizzeria Contemporanea;https://45-parallelo.it/
5 Colonne;https://m.facebook.com/Ristorante-Cinque-Colonne-San-Donato-218259638218898/
6 In Famiglia - Pizza House;https://pizzeria6infamiglia.it/
667 Cucina Caveja Piadineria;https://www.cucinatidanoipervoi.it/
69cafe';https://website-69caffe.eatbu.com/
7's Joe Cermenate;https://www.7sjoecermenate.com/
70sette Sapori;https://www.instagram.com/70settesapori/
80 Pizza;http://www.80pizza.it/
81 Pizza;https://www.81pizza.it/
911 Café Beer & Food;https://www.facebook.com/bar911brescia/
A Ca 'del Zep;https://www.acadelzep.it/
A Casa Di Mimi Di Emanuela Fabbri;https://acasadimimi.com/
A Casa Mia Di Riva Egidio Sas;https://www.facebook.com/acasamiainzago
A Casa Nostra A San Donato Milanese;https://www.spera-federico.it/HOMERESTAURANT/
A Iosa;https://www.a-iosa.com/
A L'aldea Antigua;https://www.aldeaantigua.com/
A Livella Pizza & Restaurant;https://www.lalivellacorsico.it/
A Modo Mio;https://amodomio.it/
A Modo Mio Da Diego;https://www.amodomiodadiego.it/
A Santa Lucia;http://www.asantalucia.it/
A Tutta Ciccia;https://www.atuttaciccia.it/
A Tutta Teglia;https://www.atuttateglia.it/
A'riccione Bistrot & Restaurant;https://www.ariccionemilano.it/ariccione-bistrot/
A'riccione Ristorante;https://www.ariccionemilano.it/ariccione-ristorante/
A'riccione Terrazza12;https://www.ariccionemilano.it/terrazza12/
AKAN KEBAP E PİZZA Dİ MAGENTA;https://www.facebook.com/APeKmagenta20013/
AMODO CAFFÈ E BISTROT;https://www.amodocaffe.it/
Abinaya Ristorante Indiano;https://abinayamilano12.my.canva.site/
Acqua Sempione;https://www.facebook.com/ristorantemaltobacco/
Acquacheta;https://www.acquacheta-milano.com/
Acquasanta;https://www.instagram.com/_acquasanta_
Acquolina - Pizzeria & Gastronomia;https://m.facebook.com/AcquoLina-363033007234121/
Acumè;https://acumelegnano.it/
Ada Spazzini - Cooking-class & Personal Chef In Garda Lake;https://www.adaspazzini.com/
Adoro La Pizzeria Con Cucina;https://www.adorolapizzeriaconcucina.it/
Adulis Restaurant;https://adulis-restaurant.it/
Aero Club Milano Lounge;https://aero-club-milano-lounge.eatbu.com/
Affinatore;https://www.affinatore.com/
Agerolese Ristorante Pizzeria;http://www.agerolese.com/
Agnes Bakery;http://www.instagram.com/agnes_bakery_luino
Agora Cafe And Ice Cream;http://www.facebook.com/agoracafepessano/
Agorà Bar Pizza & Restaurant;http://www.agora.ory.it/
Agorà Bar Snc;https://www.agoradabarca.com/
Agorà Café dalla Mari;https://agoracafesalo14.wixsite.com/agoratakeaway
Agribirrificio Luppolajo;https://lataproom-luppolajo.it/
Agriturismo Agrodolce;https://www.agriturismoagrodolce.com/
Agriturismo Al Roccolo;https://alroccolo.it/
Agriturismo Cascina Palazzo;https://www.agriturismocascinapalazzo.it/
Agriturismo Cascina Resta;https://www.cascinaresta.com/
Agriturismo Corte Belfiore Elio Bresciani;https://www.cortebelfiore.it/
Agriturismo Corte Gaia;https://cortegaia.it/
Agriturismo Cà Fenile;http://www.agriturismocafenile.com/
Agriturismo Da Antonio;https://agriturismodaantonio.com/
Agriturismo Da Mario E Rosa;https://viewit.cyou/agriturismo-da-mario-w9aaxe
Agriturismo Fossa Lupo;https://www.agriturismofossalupo.it/
Agriturismo L' Unicorno;https://www.unicorno.eu/
Agriturismo La Cascina;https://www.agriturismolacascina.it/
Agriturismo La Fattoria;https://www.lafattoriagriturismo.it/
Agriturismo La Galizia;https://www.agriturismolagalizia.it/
Agriturismo La Gasparina;https://www.agriturismo-la-gasparina.online/
Agriturismo La Scalera;http://www.agriturismolascalera.com/
Agriturismo La Selva;https://laselva-agriturismo.it/
Agriturismo Locustione;http://www.facebook.it/agriturismolocustione
Agriturismo Ortesida;https://www.agriturismoortesida.it/
Agriturismo Perli;https://www.agriturismoperli.it/
Agriturismo Ristorante Voeuja;https://www.voeuja.it/
Agriturismo Sangallo;https://www.sangalloagriturismo.it/
Agriturismo Tenuta Urbana;https://www.tenutaurbana.it/
Agriturismo Tura'a;https://www.agriturismoturaa.com/
Agriturismo “il Contado del Gobbo”;https://www.ilcontadodelgobbo.it/
Ai Balestrari Sul Naviglio Pavese;https://aibalestrarimilano.it/
Ai Due Orsi;https://trattoria2orsi.wixsite.com/trattoria
Ajo Blanco;https://www.ajoblanco.it/
Akiba Asian Fusion Japanese Restaurant;https://www.akibasushionline.it/
Al 115;https://www.ristoranteal115.com/
Al 23 Bar;https://www.al23rho.it/
Al 27;https://m.facebook.com/pages/category/Pizza-Place/Al-27-Ristorante-Pizzeria-Ristoranti-E-Pizzerie-105052499570429/
Al 36;https://www.al36caratebrianza.com/
Al 50 Cafè;https://www.facebook.com/al50cafe/
Al 60 Bistrò Ristorante Pinseria;http://instagram.com/al60bistro
Al 7 bistro • Gio & Bianca;https://www.al7bistrocafe.it/
Al Baratello;https://www.baratello.it/
Al Baretto San Marco;https://www.albarettosanmarco.com/
Al Bistrot - Specialità di Pesce;https://www.albistrot.it/
Al Bistrot Forno Con Cucina;https://www.albistrotcurno.it/
Al Boccaccio;https://www.facebook.com/pizzeriaalboccaccio
Al Borducan Boutique Hotel;https://www.borducan.com/
Al Borgo Antico - Ristorante & Bed And Breakfast;http://www.alborgoantico.info/
Al Borgo Antico Di Mai Roberta & C. Sas;http://www.borgoantico.it/
Al Caminetto;https://alcaminetto-monza.com/
Al Canevone 2.0 • Wine & Lounge Bar;https://www.alcanevone.it/
Al Cantinone;https://www.alcantinone.it/
Al Cantinone Luino;https://cantinoneluino.com/
Al Cardinale Ristocatering;https://ristocatering-alcardinale.eatbu.com/
Al Castelletto;http://www.facebook.com/Pizzeria.Al.Castelletto
Al Chioschetto Fazfamily;https://alchioschettofazfamily.shop/
Al Chiosco Snack Bar;https://www.alchioscobar.it/
Al Circolo;https://alcircolo.shop/
Al Circolo Da Giorgio;https://www.trattoriaalcircolo.com/
Al Conte Ugolino Da Marino;https://conteugolino.it/
Al Convivio Enosteria;https://www.alconvivio.it/
Al Corbara Ristorante & Lounge Bar;https://www.corbara-adda.com/
Al Dopolavoro;https://www.facebook.com/dopolavoro.crespidadda/
Al Dragone;https://aldragonemilano.it/
Al Fattore;https://www.alfattoreristorante.com/
Al Frate Osteria;https://www.alfrateosteria.it/
Al Fresco;https://www.alfrescomilano.it/
Al Gambero Da Patrizia;https://pizzeriagambero.it/
Al Garghet;https://algarghet.it/
Al Giardino Da Adry E Gabry;https://www.algiardinodaadryegabry.it/
Al Glicine Trattoria Con Vista;https://www.alglicine.it/
Al Godereccio;https://www.instagram.com/pizzeria_algodereccio/
Al Less;http://www.alless.it/
Al Madina Bar & Restaurant Halal Foods;https://www.almadinabar.com/
Al Magna Magna Pizzeria;https://linktr.ee/ALMAGNAMAGNA
Al Mago;https://www.almagoristorante.com/
Al Matarel;https://www.almatarel.it/
Al Mattarello;https://www.ristorantealmattarello.it/
Al Mazzini Sedriano;https://m.facebook.com/almazzinibar/
Al Mercato Atomico;http://noodlebarmilano.com/
Al Molo sull’Adda - Cucina Pizza Griglia;https://www.ristorantealmolosulladda.com/
Al Monastero;https://almonastero.it/
Al Morso - Pala Romana;http://linktr.ee/almorsopalaromana
Al Morso Pala Romana - Gussago;https://url.velocissimo.app/so/944
Al Mozzo;https://almozzo.com/
Al Noor Ristorante Grill Cucina Indiana E Pakistana;https://alnoor.it/
Al Nostro Bar;http://www.alnostrobar.eatbu.com/
Al Padellone;https://alpadellone.it/
Al Panciotto - Food & Wine;https://www.alpanciotto.it/
Al Paradiso Della Pizza;https://www.facebook.com/pages/Paradiso-Della-Pizza/163805353634795
Al Pedrieu;https://scavazzinisilvia.wixsite.com/alpedrieu
Al Peperoncino Pizzeria & Streetfood;https://www.facebook.com/alpeperoncinocuggiono
Al Portico 2;https://m.facebook.com/ristorantepizzeriaalporticopiazzaovideo/
Al Portico Dei Pensieri;https://www.facebook.com/Al-Portico-dei-Pensieri-Antico-posto-di-ristoro-con-pizza-e-griglia-1432699823711041/
Al Posticino;https://www.alposticino.it/
Al Posto Giusto;https://www.facebook.com/alpostogiustobruzzano/
Al Presidente;https://www.pizzeriaalpresidente.it/
Al Quintoquarto;https://www.facebook.com/Al-QuintoQuarto-636420983458375/
Al Ritrovo;https://al-ritrovo-paullo.eatbu.com/
Al Santa Giulia;https://www.alsantagiulia.it/
Al Sesto Gusto - Ristorante E Pizzeria;https://www.instagram.com/alsestogusto
Al Solito Posto;https://www.facebook.com/AlSolitoPostoInzago/
Al Sottobosco;https://www.alsottobosco.org/
Al Tagliere Di Nese;https://www.altaglieredinese.com/
Al Trancio;https://itplaces.me/al-trancio-759903-it
Al Tredici;https://www.instagram.com/al_tredici13/
Al Vecchio Forno Di Sorbello Maria Luisa;https://www.facebook.com/AlVecchioFornooo
Al Vecchio Porco;http://www.alvecchioporco.it/home.php
Al Vicolino;https://www.vicolino.it/
Al Vignoli;https://alvignoli.weebly.com/
Al dì Vino Bistro;https://aldivinobistrobar.com/
Al-lub;https://www.allubcafe.it/
Al-tino 838;https://al-tino.it/
Al76 Ristorante Pizzeria;https://www.trattoriapizzeria76.com/
Alabama;https://www.pizzeria-alabama.com/
Aladino Restaurant;https://www.ristorantealadino.it/
Alba Gastronomia Con Chef;https://albagastronomia.it/
Albergo Dimora Storica Ristorante Tre Re;http://www.albergotrere.it/
Albergo Motel Dei Laghi;https://www.albergodeilaghi.com/
Albergo Ristorante - Valle D' Oro;https://albergoristorantevalledoro.it/
Albergo Ristorante Al Duca Sabbioneta;http://www.albergoalduca.com/
Albergo Ristorante Della Torre - Wine Bar, Enoteca In Val Cavallina;http://www.albergotorre.it/
Albergo Ristorante Forte Cherle;https://www.albergofortecherle.it/
Albergo Ristorante Il Griso;https://www.albergoristoranteilgriso.it/
Albergo Ristorante Quadrifoglio;http://www.hotelquadrifoglio.it/
Albergo Ristorante S.michele Di Giovanni Della Bosca;https://sanmichelealbergoristorante.it/
Albergo Ristorante San Rocco;https://www.sanroccoristhotel.it/
Alberto Milano Ristorante;https://www.albertomilano.it/
Albertone | Fraschetta Romana Milano;https://albertonemilano.com/
Alchimia - Dal 2003;https://www.alchimia-milano.com/
Aldo E Maria Ristorante Pizzeria D'autore;https://www.aldoemaria.it/
Ale's;https://bitlocal.it/ales/
Ale's Coffee - Lounge Bar;http://www.alescoffee.com/
Alessi Trattoria Pizzeria Enoteca;https://www.hotelalessi.com/
Alex Pub Ristorante Pizzeria Grill;https://www.alexpub.it/
Alexander Club;https://www.facebook.com/Alexanderclub.official/
Ali Baba Di Mostafa Il Maestro;https://pizzeriaalibaba.wordpress.com/
Ali Baba Pizzeria Kebap Grill Bar;https://pizzeriaalibaba.it/
Ali Baba Ristorante;https://innovalabitaly.wixsite.com/ali-baba-ristorante
Alibi Cocktail Bar;https://www.alibicocktailbar.it/
Alice Pizza;https://pizzerie.romanticapizza.it/romantica-mazzano-ba37e00c67d4
Alis Focacceria;https://m.facebook.com/alisfocacceria/
Alkimia Food & Drink;https://www.alkimiafoodedrink.it/
All Blue Restaurant;https://www.allbluerestaurant.it/
All'angolo;https://allangolo.shop/
Alla Bettola Fiorentina;https://bettolafiorentina.it/
Alla Cucina Delle Langhe;https://www.allacucinadellelanghe.com/
Alla Goccia;https://www.allagoccia.com/
Alla Pinsa Non Si Comanda;https://www.allapinsanonsicomanda.com/
Alla Toscana...pizzeria Milano Pizza Al Trancio Ristorante Toscano Cucina Tipica Corso Lodi Brenta;https://www.pizzeriaallatoscana.it/
Allegri Caffe';https://www.allegricaffe.com/allegri-caffe-villa-carcina/
Alma 66;https://www.alma-66.com/
Aloha Poké Palazzolo;https://www.facebook.com/alohapoketakeaway
Altamarea Pizza & Seafood;https://www.altamareagarlasco.it/
Alter Ego;https://www.alteregobar.it/
Alternative Cafe;https://www.facebook.com/Alternative-Caf%C3%A8-1597302847196472/
Altoke;https://www.instagram.com/altoke.official
Altrove;https://it-it.facebook.com/AltroveMonza/
Altrove Cucina & Bistrot - Il Viaggiator Goloso;https://www.altrove-vg.it/
Aluura Focacceria E Alimentari;https://www.instagram.com/aluurafocacceria
Alzaia 26;https://www.ristorantealzaia26.com/
Ama Ramen;https://www.instagram.com/amaramen.vigevano
Amale Pizzeria Contemporanea;https://www.amalepizzeria.com/
Amalfitana;https://ristoranteamalfitana.it/
Amami Ristorante Pizzeria Caffè;https://www.amamiristorante.com/
Amandla - Birreria Con Cucina;http://www.instagram.com/pubamandla
Amandus Ristorante;https://amandusristorante.com/
Amante;https://www.amantebrescia.it/
Amarcord - Premiata Piadineria Artigianale;http://www.linktr.ee/amarcordpiadineria
Ambar Bistrot;https://www.ambarrestaurant.it/
Ambrogino Cantina Lattica - Cantù;https://www.instagram.com/ambroginogelateriacantu
Ambrosia - Il Bistrot Di Joe Scarpetta;https://ambrosiabistrot.it/
Ambrée By Night - Cocktail Bar;https://www.ambree.it/ambree-by-night-aperitivo-eventi-agrate-brianza/
America Graffiti - Brescia;https://www.americagraffiti.it/
America Graffiti - Milano San Siro;https://www.americagraffiti.it/it/ristoranti/dettaglio-ristorante/ag_milano-san-siro
American Bar Manhattan;https://linktr.ee/Manhattanamericanbar
American Loft Bar;https://www.loftamericanbar.it/
American Road Saloon;https://www.americanroad.it/
Amici Miei;https://facebook.com/pages/category/Pizza-Place/Pizzeria-dasporto-Amici-Miei-Milanino--100783091698460/
Amira Ristorante Marocchino;https://linktr.ee/Amirarestaurant
Amiramen;https://www.amiramen.it/
Ammare - Bistrot Di Puglia;https://www.instagram.com/ammare_bistrotdipuglia/
Ammo Sushi;https://www.ammosushi.it/
AmmuìnA;https://www.ammuinapizzerianapoletana.com/
Ammó Pizza Napoletana;https://www.ammopizzanapoletana.it/
Amo Blu;https://amoblu.it/
Amor Pokè Gallarate;http://facebook.com/amorpokegallarate
Amore Pinsa Group;https://www.amorepinsa.com/
Ampere 57;https://ristoranteampere57.it/
Amunì - pizzeria rosticceria siciliana;https://www.amunipizzeria.it/
Amunì Trattoria e Pizzeria Sicula;https://linktr.ee/amuni_milano
Amy Sushi Parabiago;https://amysushi.it/
Amy's pizzeria D’ Asporto;https://m.facebook.com/Amys-easy-food-burger-pizza-2322057714682933/
Andry;http://www.ristoranteandry.com/
Aneti' Osteria;https://www.aneti.it/
Angel Coffee & More;https://angelcoffeemore.it/
Angolo 7b - Pizzeria Gourmet E Fusion;https://www.angolo7b.it/
Angolo Della Pizza;https://m.facebook.com/Angolo-della-Pizza-786911938072141/
Angolo Trentuno;https://angolotrentuno.com/
Anima & Fuoco;https://www.animaefuoco.com/
Anima Milano | Enrico Bartolini;https://www.enricobartolini.net/i-ristoranti/milano-verticale
Anima Ristorante & Pizzeria;http://www.animaepizza.it/anima-pizzeria-lounge-bar-muggio-monza-brianza/
Anima&cuore Bar Caffetteria;https://www.instagram.com/animaecuore_bar
Animo Cucina Naturale;https://www.instagram.com/animocucinanaturale/
Anji Sushi Fusion Experience - Cesano Maderno (mb);https://www.anjisushi.it/
Annie's Piadineria Artigianale;https://www.piadineriadesenzano.it/
Antep Sofrasi Pizza Kebap Grill;https://www.instagram.com/antep.sofrasi_
Antica Boqueria;https://www.anticaboqueria.com/
Antica Corte;https://www.anticacorte.eu/
Antica Focacceria S. Francesco - Milano San Paolo;http://anticafocacceria.it/it/
Antica Focacceria San Francesco;http://www.anticafocacceria.it/dove-siamo/
Antica Gelateria Maccabiani Laura;https://www.facebook.com/pages/Antica-Gelateria-bar-Pasticceria-Maccabiani/866140720083000
Antica Hostaria Cavallino;https://www.ristorantecavallino.it/
Antica Hosteria Bettoletto;https://www.bettoletto.it/
Antica Locanda;https://www.albergoanticalocanda.it/
Antica Locanda Del Villoresi;https://locandavilloresi.com/
Antica Napoli;https://www.anticanapolicarugate.com/
Antica Osteria Ai Ranari;http://www.ranari.it/
Antica Osteria Del Previ | Ristorante A Pavia;https://anticaosteriadelprevi.it/
Antica Osteria Del Progresso;https://anticaosteriadelprogresso.com/
Antica Osteria Dell'angelo;https://www.osteriadellangelo.com/
Antica Osteria Il Gargano - Ristorante Pugliese;https://www.anticaosteriadelgargano.com/
Antica Osteria Il Ronchettino;https://www.ronchettino.it/
Antica Osteria Rapella 1886;https://anticaosteriarapella.com/
Antica Osteria San Bernardino;https://www.anticaosteriasanbernardino.it/
Antica Osteria Sibilla;https://osteriasibilla.it/
Antica Osteria Spargiott;https://www.osteriaspargiott.it/
Antica Osteria d'La Scúa;https://www.osteriadellascua.com/
Antica Pizza;https://www.anticapizza.it/
Antica Pizzeria Leone;https://www.pizzerialeone.it/
Antica Risotteria Braceria;https://www.anticarisotteriamerate.it/
Antica Trattoria Bagutto Dal 1284;https://www.ristorantebagutto1284.com/
Antica Trattoria Del Ponte;https://www.anticatrattoriadelponte.net/
Antica Trattoria Dell'isola;http://www.anticatrattoriadellisola.it/
Antica Trattoria Della Pesa;https://www.anticatrattoriadellapesa.com/
Antica Trattoria Di Redecesio;https://www.anticatrattoriaredecesio.it/
Antica Trattoria Lampugnano;http://ray-crane-em6l.squarespace.com/
Antichi Sapori;https://www.instagram.com/antichi__sapori
Antico Macello Bistro';https://www.anticomacellobistro.it/
Antico Ristorante;https://www.anticoristoranteparabiago.it/
Antico Ristorante Boeucc Milano- Dal 1696;https://www.boeucc.it/
Antico Valtellina;https://www.instagram.com/anticovaltellina/
Antigua Carugate - Ristorante E Pizzeria;https://www.antiguacarugate.it/
Antopizza;https://antopizza.it/
Aomori Sushi Gavirate All You Can Eat;https://aomori.it/
Aperityme;https://infoaperityme.my.canva.site/aperityme
Apuliami;https://www.facebook.com/apuliami/
Aracataca;https://www.instagram.com/aracataca.it
Aragostallegra;http://www.aragostallegra.com/
Arda Steakhouse Ristorante & Bar;https://www.ardasteakhouse.it/
Area Cocktail Bar;https://www.areacocktailbar.it/
Area Dima Caffè & Eventi;https://www.areadima.com/
Aria Cilento 3.0 Pizzeria;https://www.ariatrepuntozero.com/
Arigatò;https://www.arigatobovisio.it/
Armani/ristorante;https://locations.armani.com/restaurants-cafes-and-clubs/italy/armani-ristorante
Armonia;https://armoniaristorante.com/
Armonia Music Bar;http://www.armoniacentromusicale.it/armonia-music-bar/
Arnold's Restaurant & Pizza;https://arnoldsrestaurantpizza.it/
Aroma;http://www.aromabrescia.it/
Arte & Pizza;http://www.arte-e-pizza.it/index.php
Arte Del Gusto;https://artedelgusto.space/
Artica;https://articagelateria.com/
Artisan Gelateria La Fontanella;http://www.facebook.com/gelaterialafontanella
Artéteca Bistrot;https://www.artetecabistrot.it/
Arwa;https://www.facebook.com/Pizzeria-Arwa-1526760710961835/
As Hotel Dei Giovi;http://www.ashoteldeigiovi.it/
As Hotel Limbiate;http://www.ashotelimbiate.it/
Asaditos Lambrate;https://www.facebook.com/Asaditos-Lambrate-107473144345972
Asahi;https://asahipavia.com/
Asahi Japanese Restaurant - Cernusco Sul Naviglio;https://www.ristoranteasahi.net/
Asahi Ristorante Giapponese • Cologno Monzese;https://www.ristoranteasahi.it/
Asialy – Asian Street Food;https://lp.asialy.it/lp_offerte
Asian Flavor;https://www.ramendimsum.it/
Asso Di Pizza;https://m.facebook.com/pg/Asso-di-Pizza-161222737610950/about/
Associazione Pensionati;http://www.associazioni.milano.it/pensionatip/
Assonica;https://assonica.it/
Asu Mare Ristorante;https://www.facebook.com/Restaurante-ASU-MARE--1443686065726839/
Atelier Pasticceria;https://www.atelierpasticceria.it/
Atelier Sushi;https://www.ateliersushi.it/
Atipico Lissone | Ristorante Pizzeria E Hamburger;https://atipicoofficial.it/
Atmosfera Bistrot;https://www.atmosferabistrot.it/
Atmosfera Ristorante;https://atmosferaristorante.it/
Atmosphère;https://www.atmosphere.plateform.app/
Audax;https://audax-ristopub.business.site/
Aunty Nelly's Mil;https://m.facebook.com/Il-Pub-Arluno-937400853019625/
Aura Experience;https://www.auraex.it/
Aura Restaurant;https://aurarestaurant.it/
Aurora Bar;https://m.facebook.com/MassimilianoCuomoAuroraBar/
Autentiko - Brescia;https://www.autentiko.it/
Auum (piazzale Susa);https://www.auum.it/
Avenue Bistrot;https://avenuebistrot.it/
Aware Poké e Sushi takeaway;https://awarecrema.com/
Aya Sushi Ristorante;https://www.facebook.com/ayaurgnano/
Aʟ Kᴀʀɪᴍ;https://al-karim.metro.bar/
B&b La Casa Rossa;https://www.lacasarossagavirate.it/
B'arte Food And Drink;https://www.barte.it/
B.b.meratebar;https://www.instagram.com/bb.merate
BIÖCH Milano;https://www.biochmilano.com/
Ba Restaurant;https://www.ba-restaurant.com/
Ba.gi. Di Bacuzzi Gianpietro;https://www.facebook.com/ba.gi.dibacuzzi/
Baba G Indian Restaurant;https://babagindian.shop/
Babi Como;https://www.babicomolake.com/
Babilonia Pub;https://www.facebook.com/people/Babilonia-Pub/100057469118989/
Bacaro Insolito;https://elbacaroinsolito.it/
Baccanale;https://www.baccanale.eu/
Bacco Matto;https://www.baccomatto.it/
Bacco, Wine And Tapas Restaurant;https://baccobrugherio.it/
Bad Monkey;https://www.facebook.com/Birreria-Bad-Monkey-264157236969790
Baja Sardinja;https://www.facebook.com/RistoranteBajaSardinjaMilano/
Baking Italia;https://www.bakingitaliabistrot.it/
Bam Brewery Brew Risto Pub;https://www.bambrewery.it/
Bambubar 2.0;https://m.facebook.com/bambubar2.0/
Bangkok Thai Restaurant Milano;https://www.bangkokthairestaurant.it/
Baozi Dumplings;https://instagram.com/baozi_streetfood
"Bar ""l'astoria "" Cucina Casereccia E Cocktail Molecolari";https://m.facebook.com/lastoriaLecco/
Bar - Tabaccheria - Ricevitoria - Paradiso;https://m.facebook.com/pages/category/Bar/Bar-Paradiso-Tabaccheria-Ricevitoria-Edicola-1752257805046659/
Bar Al 14;https://www.instagram.com/bar_al_14_
Bar Al Solito Posto;https://www.alsolitopostorho.com/
Bar Amici Paderno Dugnano;http://www.facebook.com/pages/Bar-Amici/150437034993757
Bar Angelo Dalla Mattina Alla Sera;https://barangelodallamattinaallasera.shop/
Bar Arco;http://www.winebararco.altervista.org/
Bar Aurora;http://fb.com/barauroraluino
Bar Bahya;https://negozi.sisal.com/my-sisal/canegrate-via-como-22-caffe-bahia
Bar Balsamico;https://www.instagram.com/invites/contact/
Bar Bellavista;https://bellavista.bar/
Bar Big Bang;https://m.facebook.com/pages/category/Cafe/Big-Bang-Maver-1491111934484178/
Bar Bistrot L'angolo Giusto;https://www.langologiusto.com/
Bar Bonbon;https://m.facebook.com/pages/category/Cupcake-Shop/Gelateria-Bon-Bon-103315951317126/
Bar Bubbar;https://instagram.com/bubbar_milano
Bar Cafe Portici;https://www.barcafeporticibresso.com/
Bar Cafe Rondo;https://www.instagram.com/rondocafe2024
Bar Cafe' & Shop Vulcano;https://www.barvulcano.it/
Bar Caffetteria Bistrot Del Centro;https://bistrotdelcentro.eatbu.com/
Bar Caffe’ Del Giglio;https://www.facebook.com/Caffe-del-Giglio-373235416213775/
Bar Caffè Coffee Shop Uncle Paul;https://unclepaulbar.it/
Bar Calma E Gesso;https://www.calmaegesso.it/
Bar Cataleya;https://www.facebook.com/bar.cataleya.7
Bar Cavour;https://www.instagram.com/barcavourvillasanta
Bar Centrale Sas Di Gian Luca Belli & C.;https://www.facebook.com/barcentralemozzate/
Bar Commercio;https://www.facebook.com/Bar-Commercio-Leno-573648116435601/
Bar Commercio Winelounge;https://www.winelounge.it/
Bar Company;https://www.companyenoteca.it/
Bar Cordialino;https://www.cordialino.com/
Bar Cristian;http://barcristianbresso.wixsite.com/cris
Bar Da Frenk;https://www.facebook.com/people/Bar-Frenk/100063562781000/
Bar Dal Della;https://g.co/kgs/EkuZGiq
Bar Dante Lissone;https://www.facebook.com/pages/New-Dante-Cafe/264080493608119
Bar Degustibus Dei F.lli Leo Snc;https://www.degustibuscafe.com/
Bar Dei Portici;https://www.facebook.com/Bar-dei-portici-1520470538265168/
Bar Del Ponte;https://www.instagram.com/bardelponte_groppello/
Bar Delizie;https://www.bardelizie.it/
Bar Della Piazzettta;https://www.facebook.com/bdpincirano/
Bar Della Zona;https://www.facebook.com/bardellazona/
Bar Delle Terme;https://albergoterminus.it/bar-delle-terme/
Bar Dello Sport;https://www.facebook.com/Bar-dello-sport-103396204859435/
Bar Derby Tavola Fredda Edicola;https://it-it.facebook.com/Bar-Derby-248965941963113/
Bar Dolcevita;https://m.facebook.com/dolcevita.montichiari/
Bar Dolomiti Cremona;https://www.facebook.com/dolomiticafe.dolomiticafe
Bar Dotti;https://www.facebook.com/Dotti-Caffetteria-679202215448313/
Bar Enoteca Castello;https://www.facebook.com/pages/BarCastello/50232224917
Bar Enotria;https://www.instagram.com/enotriak2morbegno/
Bar Far Niente;https://it-it.facebook.com/farnientemorbegno
Bar Garda;https://negozi.sisal.com/my-sisal/brescia-via-bligny-28-bar-garda
Bar Gelateria I Portici;https://bargelateriaiportici.it/
Bar Gelateria Incontri;http://www.barincontri.it/
Bar Gelateria Maggie's Cernusco Sul Naviglio;https://www.facebook.com/pg/gelateriamaggiescernusco
Bar Gelateria Regazzi;https://www.facebook.com/BarpasticceriagelateriaREGAZZI
Bar H 2.0;https://www.barh20.com/
Bar Hotel Ristorante Golfetto;https://www.hotelgolfetto.com/
Bar Il Baccanale;https://www.facebook.com/baccanalecastegnato/
Bar Il Cafferino;https://m.facebook.com/ilcafferinonovate/
Bar Il Cenacolo;https://barilcenacolomilano.com/
Bar Il Portico;https://www.newporticobar.it/
Bar Il Ritrovo | Bar A Carate Brianza;https://barilritrovo.it/
Bar Il Vice;https://www.ilvice.it/
Bar In Domi;https://instagram.com/bar_in_domi
Bar Italia;https://menu.caffeitalianomantova.com/
Bar Italia Di Yu Shaomin;https://www.instagram.com/baritaliamontichiari/
Bar Italia Milano;https://www.bar-italia-milano.it/
Bar Kappa;https://m.facebook.com/BarKappa2013/
Bar L'ecole;https://ecolebar.net/
Bar La Coccinella Tavola Calda;https://www.facebook.com/Bar-La-Coccinella-897665697076415/
Bar La Coincidenza;https://m.facebook.com/barlacoincidenza/
Bar La Fragola;http://cermenate.lafragolagelateria.it/
Bar La Piazzetta;http://www.sisalsmartpoint.it/
Bar La Torre;https://www.instagram.com/barlatorre_travagliato
Bar Le Plaisir Ospitaletto;https://www.facebook.com/pg/BAR-le-Plaisir-ospitaletto-129531590543413/about/
Bar Liberty;https://m.facebook.com/pages/category/Bar/Bar-Liberty-186472144748514/
Bar Lodi;https://www.barlodi.it/
Bar Magenta;https://barmagenta.it/
Bar Mezzo Pieno;https://www.facebook.com/pg/barmezzopieno/about/
Bar Motta By Luna Blu;https://www.ildomanidellautismo.it/
Bar Movida;https://instagram.com/bar_movida_
Bar New Jersey;https://negozi.sisal.com/my-sisal/canegrate-via-giuseppe-garibaldi-106
Bar Niro - Prodotti Artigianali;https://www.instagram.com/NIRO_LISSONE/
Bar Nuovo Portico (bar Portec);http://instagram.com/bar_nuovo_portico
Bar Oasi;http://www.facebook.com/oasi2009/
Bar Oasi Di Nuno Ferreira;https://www.facebook.com/bar.oasii/
Bar Osteria La Postale Di Esempio Giampiero&salvatore - Carpentino Ig;https://www.facebook.com/Posterla
Bar Osteria Torrazzo;https://m.facebook.com/Torrazzo.Bar.Osteria/
Bar Pan Caffe';http://instagram.com/pan_caffe_
Bar Pane E Salame Di Maesani Luca;https://www.facebook.com/BAR-PANE-E-Salame-103713358312289
Bar Paninoteca Al Palo;https://www.paninotecabaralpalo.com/
Bar Pasticceria Chocolat;https://www.instagram.com/chocolat_turate
Bar Pasticceria Dolce Forno;https://www.dolcefornomorbegno.it/
Bar Pasticceria Dolce Forno Morbegno;http://www.pasticceriadolceforno.it/
Bar Pasticceria Dolci Sogni;https://www.dolcisogniliberi.it/
Bar Piccadilly;https://wplace.top/bar-piccadilly
Bar Pizzeria Al Ghezz;https://www.instagram.com/nuovo_ghezz
Bar Pizzeria Da Gigi;https://pizzeriadagigi.myadj.it/
Bar Pizzeria Nello;https://www.barpizzerianello.it/
Bar Pizzeria Papillon;https://barpizzeriapapillon.it/
Bar Principe;https://instagram.com/barprincipepaullo
Bar Punto & Virgola;https://www.facebook.com/Punto-e-Virgola-111366274531926
Bar Punto Felice;https://it-it.facebook.com/pg/PUNTOFELICEdolcesalato
Bar Ristorante Duomo Di Oggioni Giovanna;https://www.ristorantebarduomo.it/
Bar Ristorante Lo Spino;https://bitly.cx/i0V4
Bar Riva - Tabacchi;https://www.barriva.it/
Bar Rolli Di Rolli Marina;https://itplaces.me/bar-rolli-di-rolli-marina-719215-it
Bar Roma;https://m.facebook.com/pages/category/Bar/Bar-Roma-219632038162161/
Bar Romano;https://instagram.com/_bar.romano
Bar Ruel;https://www.instagram.com/ruelbar
Bar Sala Drinks&coffee;https://www.instagram.com/bar_sala_agratebrianza/
Bar Salvi;https://www.barsalvi.yolasite.com/
Bar Scintilla;https://www.instagram.com/scintillamilano/
Bar Scorpion Calolziocorte;https://www.facebook.com/SCORPION-BAR-517545081755121/
Bar Segui La Scia;http://bar-segui-la-scia.business.site/
Bar Sport;https://www.facebook.com/Bar-Sport-105542648165603/
Bar Sport Di Lavetti Iuri;https://www.instagram.com/barsportlavetti
Bar Super Moka;https://www.instagram.com/caffedelcorsocr
Bar Sweet Caffè;http://www.facebook.com/sweetcaffeopera
Bar Tabaccheria Carma Cafè;http://www.instagram.com/carmacafe
Bar Tabacchi Jackpot;https://barjackpot.shop/
Bar Tartaglia Elisa Di Cervia;https://negozi.sisal.com/my-sisal/abbiategrasso-via-c-correnti-21-bar-cervia
Bar The Brothers;https://www.barbrothers.it/
Bar Touring;https://www.touringcomo.com/
Bar Trattoria Ai Tre Castagni;http://siti-internet.wixsite.com/ai-tre-castagni
Bar Trattoria Basilio;https://www.facebook.com/BarTrattoriaBasilio
Bar Trattoria Controsenso;https://controsenso.org/
Bar Trattoria Da Luciano E Stefano;http://www.facebook.com/trattoriapontelambro
Bar Trattoria Il Genio;https://www.trattoriagenio.com/
Bar Trattoria Jolly;https://www.trattoriajolly.com/
Bar Trattoria La Salita;https://www.facebook.com/Lasalita96/
Bar Tre / Colazioni, Brunch, Pranzi, Aperitivi;https://www.instagram.com/bar_tre/
Bar Viandante;https://www.facebook.com/barviandante
Bar Viceversa;https://www.facebook.com/bar.viceversa/
Bar Winner;https://m.facebook.com/pages/category/Pub/Bar-WinneR-158832631417400/
Bar Zero 7 Magenta;http://instagram.com/zerosettemagenta
Bar tychè;https://www.facebook.com/TYCHEcologno/
Bar-pasticceria Dolce Amaro;https://www.instagram.com/dolceamaroarcore/
"Bar-trattoria ""la Rocca """;https://www.facebook.com/larocca.trattoria/
Bar.it;https://m.facebook.com/bar.palazzolo/
Barbagianni osteria•bistrot;https://www.barbagianniosteriabistrot.com/
Barbagrill;https://www.barbagrill.it/
Barbecue Hooligans;https://m.facebook.com/barbecuehooligans/
Barbel;https://onlybarbel.com/
Barber Punch;https://barberpunch.com/
Barcicletta;http://www.barcicletta.it/
Barcollando;http://www.facebook.com/BARCOLLANDO-160689982652/
Bardelli Restaurant;https://www.ristorantebardelli.it/
Baretto;https://www.barettosanvigilio.it/
Baretto 1957;https://baretto1957.com/
Barley Bistrot Vegetariano/vegano;https://barleybistrot.it/
Barrino;http://www.instagram.com/barrino_2020
Barrio Café & Restaurant;https://barriocafe.it/
Barrito;https://www.instagram.com/il_barrito/
Bart Café;https://www.instagram.com/bartcafee/
Barzac • Tradizione Piacentina;https://www.barzacmilano.it/
Base Blu Bistrot;https://www.baseblubistrot.it/
Basili&co.;https://wa.me/message/LGTJ5PTE5WMIB1
Baviello Cafè;https://www.baviellocafe.it/
Bayrisch (pub);https://www.facebook.com/bayrishpubvittuone
Bbq-1 Filipino Style Bbq & Cuisine;https://www.bbq-1.it/
Be Italian Restaurant;https://www.beitalianrestaurant.it/
Be Up Bergamo;https://beupbergamo.it/
Be Wild Carenno;https://www.facebook.com/Be-WILD-102007781996013
Beard Bq Low & Slow;https://beard-bq.it/
Bebel;https://www.bebel.it/
Bee Happy (by Happy Poke);https://www.happypoke.it/
Beef Cafè di Lomazzo;https://www.beefcafe.it/
Beer Garage;https://www.beergarage.it/
Beer Shop 33cl;https://linktr.ee/33cl
Beerstrò;https://linktr.ee/beerstro
Beides Restaurant;https://www.beidesrestaurant.com/
Beija Flor;https://instagram.com/beijaflor_como
Beirut;https://www.ristorantebeirut.it/
Bella Napoli;https://instagram.com/bar_pizzeria_bella_napoli
Bella Napoli Orzinuovi;https://www.facebook.com/Bella-Napoli-Orzinuovi-162479963849717/
Bella Vita Caffevinobirra;https://www.barbellavita.it/
Bellavista Restaurant;https://bellavistalimbiate.com/
Bellavita;https://ristorante-bellavita.it/
Belle Donne Bistrot;https://www.belledonnebistrot.com/
Belli Di Mamma;https://bellidimamma.it/
Belluccio's;https://www.belluccio.it/
Belussi Caffè;https://instagram.com/belussi_cafe
Belvedere Pizza;https://belvederesenago.it/
Bem Brasil;https://www.bembrasilmilano.it/
Benaco 119;https://www.benaco119.com/
Benigni Ambulatorio Gastronomico;http://www.ambulatoriogastronomico.it/
Benvenuto Family Restaurant - Milano;https://www.benvenutofamilyrestaurant.it/
Beretta Il Fornaio;http://www.beretta1950.com/
Bergamo Guest House-self Check In;https://wa.me/message/BVCR45KQR2OWG1
Berghem Love - Piatti Tipici Bergamaschi;https://berghemlove.com/
Best Sushi;https://www.bestsushi.it/
Bialetti;https://www.bialetti.com/
Bianca Relais, By R Collection Hotels;https://biancarelais.com/
Biancavilla Pub & Pizzeria;https://www.instagram.com/biancavilla_pub/
Bianco Art Cafe;https://www.facebook.com/BiancoArtCafe/
Bianco Vesuvio;https://www.instagram.com/gelateriabiancovesuvio
Biancomilla Gelateria;https://www.tiktok.com/@biancomilla_gelateria
Biba;https://linktre.ee/bibasegrate
Bice Restaurant;https://www.bicemilano.it/
Bier Stube Da Mauro Sant'eufemia;https://www.bierstube.it/
Big Ben;http://www.bigbenpub.it/
Big Murphy’s;https://www.facebook.com/murphys.colognomonzese
Biga Pizza Sapori E Salute;https://bigasestocalende.com/
Biggie - Burger Bar & Cocktails;https://instagram.com/biggielegnano
Bigoleria Al Torchio;https://m.facebook.com/pages/category/Restaurant/Bigoleria-Al-Torchio-1670143573012058/
Bik Cafè;https://www.facebook.com/bikcafe
Billy Burger;https://billyburger.it/
Billy's Pub;https://www.instagram.com/billys.pubmeda
Bim's Barbecue;https://www.bimsbarbecuepizza.com/
Binario Zero;https://negozi.sisal.com/my-sisal/vittuone-via-volontari-della-liberta-46-binario-zero
Binomio - L' Aperitivo Che Diventa Cena!;https://www.binomio.wine/
Bioesseri Milano Brera;https://www.bioesseri.it/
Biogelateria artigiana dal Gelatér;https://www.instagram.com/dal_gelater_casalmaggiore
Birra E Birre - Di Massimo Angelo Zacchi;https://www.birraebirre.it/
Birra Inn Pogliano;https://www.birrainn.it/
Birra Le Corti Di Porana (iria Di Dio);https://m.facebook.com/100040042218095/
Birra Virgilius;https://www.birravirgilius.it/
Birra Wasi;https://www.instagram.com/birrawasi
Birreria Birre Vive;https://www.beerinba.com/
Birreria Cassina;http://menubirreriacassina.altervista.org/
Birreria Della Torre - Beershop;https://m.facebook.com/birreriadellatorre/
Birreria Due Spade;https://birreriaduespade.it/
Birreria La Bastiglia;http://www.labastiglia.it/
Birreria La Pulce;https://www.facebook.com/BirreriaLaPulce/
Birreria Majnoni;https://m.facebook.com/deborah.davide.majnoni/
Birreria Mountain Brew;https://mountainbrew.it/
Birreria Sul Provinciale;https://birreriasulprovinciale.altervista.org/index.html
Birrificio Di Ringhiera;https://birrificiodiringhiera.com/
Birrificio Lambrate Golgi;https://birrificiolambrate.com/
Birrificio Maspy;https://maspy.it/
Birrificio Sociale Di Malnate;https://www.birrificiosocialemalnate.com/
Birroteca Sopra La Media;https://m.facebook.com/pages/category/Beer-Bar/La-Tana-Del-Luppolo-2177973849084979/
Bissa Basta;https://www.wikipedia.it/
Bisteccheria Non Convenzionale;https://bisteccherianc.it/
Bistro La Petite Boite;https://bistrolapetiteboite.com/
Bistro' Terrazze;https://bistroterrazze.it/
Bistronomia;https://www.bistronomia.it/
Bistrot 1882 Arcore;https://bistrot1882arcore.it/
Bistrot 28;https://www.bistrot28.it/
Bistrot A Casa Ristorante Di Cucina Brasiliana;http://bistrotacasa.it/
Bistrot Al 33;https://bistrot33legnano.wordpress.com/
Bistrot Bar Ristorante - Corbetta;https://www.facebook.com/BistrotCorbetta/
Bistrot De Angelis;https://bistrotdeangelis.com/
Bistrot Pedol Portanuova;https://www.bistrotpedol.it/
Bistrot Rosa Dei Venti;https://www.bistrotrosadeiventi.it/
Bistrot Tirano | Pizzeria Ristorante Ai Portici;https://www.bistrotirano.com/
Bistrot Volée Tennis Salò;https://lacucinadelbenessere.it/
Bistrot@ Agriturimo Dolce Luna;https://www.agriturismodolceluna.it/
Bistrò;https://www.viadallaspigamilano.it/
Bistrò 23 La gastronomia naturale;https://www.mensasana.it/
Bistrònapoletano;https://bistrot-napoletano.eatbu.com/
Bitter Pub;https://bitterpubluino.it/
Black Horse Pub;https://www.blackhorsepub.it/
Black Sheep Birreria;https://www.blacksheepbirreria.it/
Black'n Black Rock Drink;https://m.facebook.com/NewOrchidea/
Blanco Art Cafè;http://facebook.com/Blancoartcafecogliate
Blanco Gourmet Bar;https://www.blancogourmetbar.it/
Blow Up Enoteca & Cafè Bistrot;https://www.blowuplainate.com/
Bob Milano;https://www.bobmilano.it/
Bocachica 2 Ristobar Pizzeria Lounge;https://bocachica2.it/
Bocciofila Caccialanza;https://wa.me/message/COQWQGFDTXP6E1
Bokok Ristorante;https://www.instagram.com/bokok.sarpi/
Bolle Pizzeria Monza;https://www.pizzeriabolle.com/
Bollicine;https://sites.google.com/view/bollicine20-sanvittoreolona/home
Bombyx;https://bombyx-menu.vercel.app/categories
Bonacasa 21 Trattoria Mediterranea;https://www.instagram.com/bonacasa21cremona/
Bonnie Piadineria;https://itplaces.me/bonnie-piadineria-393119-it
Bonsai;https://www.ristorantebonsai.it/
Bontà di Paese;https://bontadipaese.it/
Bopo;https://www.bopoponteranica.it/
Bordo Alto Pizzeria Contemporanea;https://pizzeriabordoalto.it/
Borghetto;https://borghettobergamo.com/
Borghi Luigino S.r.l;https://www.borghiluigino.it/
Borgo 109;https://wa.me/390222223473
Borgo 43 Costa Volpino;https://www.borgo43.it/
Borgo Marinaro - Ristorante Di Pesce - Pizzeria;https://www.ristoranteborgomarinaro.com/
Borgo Pasticceria;https://instagram.com/borgopasticceria
Borgo San Lorenzo;https://www.borgolorenzo.it/
Borgo Selvapiana;https://www.borgoselvapiana.com/
Borriello | Pizza & Cucina;https://linktr.ee/borriello
Boss Taurus Burger Store;https://www.bosstaurus.it/
Botega Caffe Cacao Sesto Calende;https://www.caffebotegacacao.it/it/
Botero;https://www.ristorantebotero.it/
Bottega 920;https://it-it.facebook.com/bottega920/
Bottega Ibérica;https://www.bottegaiberica.com/
Bottega Ristobar;https://www.bottegaristobar.it/
Bottega del Caffè;https://www.instagram.com/bottega_del_caffe13
Bottega del caffè - SPECIALTY COFFEE;https://instagram.com/bottegadelcaffe.sdm
Bourbon Est2016;https://www.instagram.com/bb.bourbon/
Bowling Leonessa;https://www.bowlingleonessa.it/
Box Restaurant & Cocktailbar;https://www.instagram.com/boxcarmine/
Braceria Del Crotto;http://www.braceriadelcrotto.com/
Brachata;https://brachata.it/
Braci E Taci - Steakhouse Pizzeria;https://www.bracietaci.it/
Braciamibraciami;https://www.braciamibraciami.it/
Brand;https://www.facebook.com/share/swLUxWpPLmLquoDt/
Bravo Cafè&Bistro;https://www.bravobistrot.it/
Breakfast At Ginny's;https://www.instagram.com/ginny.bakery
Brescia;https://www.facebook.com/Bar-Quarantasei-167028879993065/
Brescia A Tavola (ristoadvisor);https://www.bresciaatavola.it/
Bresciabar Travagliato;https://bresciabar.com/
Bressorì;https://www.neohotel.it/ristorante-lounge/
Brezzamarina;https://brezzamarinamariano.it/
Brianteo Ristorante Self Service;https://www.brescianigiovannisrl.it/
Brianza Bakery;https://www.brianzabakery.it/
Bridge Pub & Restaurant;http://bridgepub.it/
Brillo Osteria;http://www.instagram.com/brillo.osteria/
Brol;https://www.facebook.com/Broldrinkandfood/
Bros Self Service;https://ristorantibros.it/
Brugola E Pachino - Oasi Bistrot;http://www.brugolaepachino.it/
Bruma Restaurant;https://www.instagram.com/bruma.restaurant/
Brut Merate;https://www.brutmerate.it/
Bu Cheese Bar;https://www.facebook.com/bucheesebarbergamo/
Bucataria De Acasa;https://bucatariadeacasa.com/
Bucatini Drink&restaurant;https://www.instagram.com/bucatini_restaurant/
Buena Vida Cafe';http://buenavidacaffe.altervista.org/
Buffalo Grill & Pub;https://buffalogrill-c5jfyrky.manus.space/
Bugigattolo;https://m.facebook.com/Bugigattol0
Bulaluhan Sa Milan;https://www.facebook.com/bulaluhansamilan/
Bullaccia Brescia;https://www.bullacciabrescia.it/
Bulldog;https://www.facebook.com/Bulldog-pub-876690595726289/
Bun&smash;https://www.instagram.com/bunesmash
Buns Mantova;https://burgerloversclub.com/
Buona Pizza Di Harizi Hamid;https://www.buona-pizza.it/
Burger House;https://www.burgerhousecorsico.it/
Burger Italy;https://instagram.com/burger__italy
Burger Room 23;https://burgerroom23.com/
Burghers Buns;https://burghersbuns.com/
Burmet;https://www.burmet.it/
Burra-tå - Mastro Casaro;https://www.mastrocasaro.it/
Burro;https://www.burrorestaurant.it/
Bussarakham;https://www.bussarakham.com/
Butekinho;https://butekinho.it/
By It;https://it-restaurants.com/it/byit-milano/
Byblos Milano: Lebanese Restaurant And Shisha Lounge;https://byblosmilano.carrd.co/
Bù Bistrot in Carrara;https://bubistrotincarrara.com/
C HOUSE CAFÉ;https://www.chouseitalia.com/
C'e Pizza Per Te;http://201.226.42.215/
C'est La Vie Bar-ristorante;https://www.facebook.com/CestlavieCaravaggio/
C.r.e.p.;https://it-it.facebook.com/pages/CREP/228454533927355
CRU Enocaffè;https://www.cruenocaffe.it/
Ca' Puccini;https://www.capuccinicesate.it/
Ca' Uberti Trattoria;https://linktr.ee/caubertitrattoriacafe
Cabi Bar;https://www.facebook.com/Cabi-Bar-159801080865816/
Cactus Milano;https://cactusmilano.it/
Cadrega E Sgabel;https://www.cadregaesgabel.com/
Cafe Bar 51;https://www.cafe51.it/
Cafe Fuoriporta;https://fuoriportahousebar.it/
Cafe' Villa;https://cafevillamilano.com/
Cafeteria;https://cafeteriatreviolo.it/
Cafe’ Caterina;https://www.gastronomiacaterina.it/
Caffe Centrale;https://www.facebook.com/Bar-Centrale-1690061191231277/
Caffe Del Viale;https://caffedelviale.shop/
Caffe Grande - Kafja Madhe;https://caffe-grande-kafja-madhe.myshopify.com/
Caffe San Giovanni Herri Snc;https://m.facebook.com/SangioMelegnano/
Caffe' Agust;https://www.agust.it/
Caffe' Dragoni;https://negozi.sisal.com/my-sisal/lodi-corso-roma-15-caffe-dragoni
Caffelatte 2;https://m.facebook.com/Caffelatte-859422404073422/
Caffenice;https://www.instagram.com/caffenice/
Caffetteria Belle Epoque;https://barbelleepoque.shop/
Caffetteria Bistrot;https://www.instagram.com/mdv.caffetteria_bistrot
Caffetteria Bistrot Il Solito Posto;https://m.facebook.com/pages/category/Tea-Room/Bar-il-solito-posto-132748727436542/
Caffetteria Buon Caffè;https://www.instagram.com/caffetteriabuoncaffe/
Caffetteria Chez Moi;https://m.facebook.com/pages/category/Coffee-Shop/Chez-Moi-Parabiago-431460097195505/
Caffetteria Gesiö;https://m.facebook.com/pages/category/Bar/Caffetteria-Gesi%C3%B6-309883289475618/
Caffetteria Hashtag Villa;https://instagram.com/hashtag__villa
Caffè Archinti Lodi;https://www.instagram.com/caffearchintilodi/
Caffè Broletto;https://caffebrolettovarese.it/
Caffè Casati;https://www.instagram.com/caffecasati
Caffè Cellini, Cairoli M1;https://zero.eu/en/luoghi/362999-caffe-cellini-cairoli-m1,milano/
Caffè Centrale;https://www.centraleviadana.com/
Caffè Clerici;https://www.facebook.com/caffeclericiluino
Caffè Colleoni;https://caffecolleoni.it/
Caffè Dalmine;https://instagram.com/caffedalmine
Caffè Degli Artisti;https://www.caffedegliartistisesto.com/
Caffè Del Parco;http://www.caffedelparco.it/
Caffè Della Piazza;https://www.caffedellapiazza.com/
Caffè Divino;https://www.caffedivino.site/
Caffè Emilio;https://www.facebook.com/baremilio.loungewine
Caffè Gallery;https://www.facebook.com/share/15i8kyc5Nd/
Caffè Garibaldi;https://m.facebook.com/caffegaribaldi.desio/
Caffè Macò;https://www.instagram.com/maco.wine
Caffè Marini;https://www.facebook.com/caffemarinicrema/
Caffè Matteotti Rho;https://instagram.com/caffematteottirho
Caffè Novantanove;https://www.caffenovantanove.com/
Caffè Orologio;https://m.facebook.com/Caffeorologio/
Caffè Rimembranza;https://www.instagram.com/cafferimembranzatreviglio/
Caffè San Lorenzo di Mossa Erika;https://m.facebook.com/caffesanlorenzo/
Caffè San Marco;https://venere.pw/caffe-san-marco-fwhuzi4.html
Caffè Vistarini;https://www.facebook.com/caffevistarini/
Caffè del Borgo;https://caffedelborgolurate.it/
Caffè del Corso;https://www.facebook.com/susycaffdelcorso/
Caffè del Lupo;https://www.caffedellupo.it/
Caffè dell'Adda;https://www.facebook.com/Caff%C3%A8-dellAdda-102218771654856/
Caffè per Tutti San Donato Milanese;https://www.caffepertuttimilano.it/
Caffè​ dei Portici snc di Sorrentino Gilda;https://caffedeiportici.wordpress.com/
Caffé Mickey;https://caffemickeymenu.wixsite.com/my-site
Cafè Antique;https://www.cafeantique.it/
Cafè Cervinia;https://m.facebook.com/cerviniacafe/
Cafè Gourmand;https://www.cafegourmand.it/
Cafè La Flûte;https://instagram.com/cafelaflute
Cafè Vivaldi;https://caffevivaldi.wixsite.com/caffe-vivaldi-bgy
Cafè del Corso;https://m.facebook.com/cafedelcorso
Cafè&Bistrò Re di Sapori Castenedolo;https://www.redisapori.it/it/
Café Lumiére;https://m.facebook.com/Caffe-Lumiere-Oreno-854008617981143/
Café Poeme;https://instagram.com/caffe_poeme
Cairo Pizza Corsico;https://itamaps.me/cairo-pizza-corsico-543682-it
Cala Vida - Paella Y Tapas;https://calavida.it/
Calabreat;https://calabreat.it/
Calabrone 2;https://www.facebook.com/pg/calabrone2/posts/
Cali.bra.to - Ristorante;https://ristorantecalibrato.it/
Calianna Ristorante E Affittacamere;https://www.calianna.it/
California Grill;https://californiagrill.it/
Camin Hotel Luino;https://www.caminhotelluino.com/
Caminetto;https://www.instagram.com/caminettonovate
Camm - Ristorante & Pizza Gourmet;https://www.cammristorantepizza.it/
Canda L'uga;https://www.ristorantecandaluga.it/
Cantarana;https://www.ristorantecantarana.it/
Canter;https://www.canter1920.it/
Cantina E Coscienza Enoteca Osteria Spaccio;https://www.cantinaecoscienza.it/
Cantina Meridionale;https://cantinameridionale.it/
Cantina Piemontese;https://www.cantina-piemontese.it/
Cantine A Mare - Ristorante Di Pesce;https://cantinemilano.com/
Cantuccio Verde Di Noris Maurizio;https://instagram.com/cantuccio_verde
Cao's Grill;https://www.caosgrill.it/
Caos Café Agrate Brianza;http://www.facebook.com/caoscafeagrate
Capovento Restaurant, Cocktail & Wine;https://www.piccolavela.it/ristorante-capovento/
Cappery Bakery;https://www.lacappery.it/
Capriccio Caffè;https://m.facebook.com/gelateria.ilcapriccio.16/
Capriccio Wedding & Events;https://www.capriccioeventi.it/
Caprizza Brescia;https://www.caprizza.it/
Capsule Caffelatte - Market - Natural;https://capsulecaffelatte.com/
Carini Bistrot;https://itplaces.me/carini-bistrot-500787-it
Carisma Burger;https://www.instagram.com/carismaburger/
Carlotta Café;https://www.carlottacafe.it/
Carlsberg Italia S.p.a.;https://carlsbergitalia.it/
Carmen*town;http://www.carmentown.it/
Carne And Co.brescia;https://carneandco.it/
Carnero;https://ristorantecarnero.it/
Carozzi Cafe;https://carozzicafe.shop/
Carpe Diem;https://www.instagram.com/carpe.diemlounge
Cartoon Village - Il Parco Giochi, Bar E Tavola Calda Per Famiglie A Nerviano;https://www.mycartoonvillage.it/
Casa Bistrot;https://instagram.com/casabistrotbrescia
Casa Caprese;https://casacapresemonza.it/
Casa Curci;https://www.instagram.com/casacurci/
Casa Del Formaggio;https://www.casadelformaggio.eu/
Casa Del Giovane;https://www.casadelgiovanebergamo.it/
Casa Della Pizza;https://www.facebook.com/Casa-della-Pizza-108315110842022
Casa Juan;https://www.casajuan.it/
Casa Lucia;https://www.ristorantecasalucia.it/
Casa Mia;https://casamiabesana.it/
Casa Portofino Brera;https://casaportofinobrera.it/
Casa Romana;https://www.casaromanalegnano.it/
Casa Sapore Crudo - Raw Home Restaurant;https://www.saporecrudo.it/
Casa Savini Tartufi;https://www.casasavinitartufi.it/
Casa Vittoria;https://www.instagram.com/casavittoria_milano/
Cascina Bianca;https://www.cascinabianca.it/
Cascina Bressanella | Agriturismo | Ortofrutta Km0;https://www.cascinabressanella.it/
Cascina Grande;https://www.cascinagrandecaffe.it/
Cascina Leva - L'agriturismo;https://cascinaleva.it/
Cascina Paradiso;https://tender-shark.10web.cloud/
Cascina Reina;https://www.agriturismocascinareina.com/
Cash42 - Pizzeria Steakhouse Panuozzo & Pranzi Di Lavoro;https://www.cash42.it/
Casottel;https://www.casottel.it/
Castello;https://m.facebook.com/pages/Castello-Ristorante-Pizzeria-Ristoranti-E-Pizzerie/158648504184649
Castigo;https://www.ristoranteilcastigo.it/
Castle Rock;https://m.facebook.com/pages/Castle-Rock-Pub/158332420862135
Cat l’é Bon - Ristorante a Castelleone;https://linktr.ee/catlebon
Catering Cimadoro Gabriele;https://www.cateringcimadoro.com/
Cavourlifestyle Pub;https://instagram.com/cavourlifestyle
Ca’ shilia - sushi mediterraneo;https://www.cashilia.it/
Ce Piace Osteria Romana;https://www.cepiace.it/
Celebrations Area Cassano Magnago;https://maggiolonesocialpark.it/maggiolone-social-park/
Cenacolo Dei Pittori;https://www.cenacolodeipittori.com/
Central Bar Di Mistri Maicol;https://instagram.com/central__bar_
Central Park;https://central-park-restaurant.eatbu.com/
Central Perk;https://www.facebook.com/CentralPerkSeveso/about/
Centro Mood;https://www.centromood.it/
Ceylon Restaurant Sri Lankan & Indian Cuisine Milano Piazza Firenze;https://www.facebook.com/Ceylonristorante/
Chalet Castello Brescia;http://linktr.ee/chalet_castello_brescia
Chalet Degli Amici;http://www.facebook.com/ChaletDegliAmici/
Champ Of Pizza;https://champofpizza.com/
Chapeau Bistrot | Ristorante Bistrot Bergamo;https://bgfood.it/
Chaplin Café – Karaoke, Musica Live, Varedo;https://www.chaplincafe.it/
Chariot;https://www.facebook.com/ristorantechariot
Charlie Brown Pizzeria D'asporto;https://www.facebook.com/Charlie-Brown-10-107640054475667/
Charlie Cafe’;https://www.charliecaffe.com/
Chatwin Bar;https://www.chatwinbar.it/menu-bustoarsizio/
Che Comunque Cafè;https://instagram.com/checomunquecafe
Chef Express West Campagnola;https://www.chefexpress.it/poi/campagnola-ovest/
Chef Giusy Greco | Personal & Private Chef Bergamo Milano;https://giusygrecochef.it/
Chef Table;https://cheftable.it/
Chepizza;https://www.instagram.com/chepizza_cesano/
Chicco Di Grano;https://www.ristorantechiccodigrano.it/
Chick & Pizza Bollate;https://www.chickandpizza.com/
Chik - Pizza,burger& Fun;https://www.facebook.com/chikcusano/
China Town - Ristorante Cinese;https://www.facebook.com/chinatownsondrio/
Chinese Restaurant Family;https://www.familyristorantecinese.it/
Chiosco By Il Faro;https://www.instagram.com/chioscobyilfaro
Chiosco Cafè;http://www.chioscocafe.it/
Chiosco Noma;https://www.facebook.com/chiosconoma/
Churrascaria Porcão;https://www.porcao.it/
Ci Asian Restaurant;https://ristoranteci.it/
Ci Pensa Sara - Gastronomia E Cucina Come A Casa Tua;https://www.instagram.com/cipensasara/
Ciambottaria Gastronomia & Catering;http://ciambottaria.wordpress.com/
Cibus104;https://www.cibus104.it/
Cibù Pizza & Griglia;https://www.cibupizzaegriglia.it/
Ciccus;https://www.enodivinus.it/
Ciciarà;https://www.ciciara.it/
Cik Fried Chicken;https://www.cikchicken.com/
Cinquesapori Sondrio;https://go.ordelivery.shop/
Cipiace;https://www.cipiacesano.com/it/
Circo Loco;https://www.facebook.com/Circo-Loco-Restaurant-1829221787394529/
Circolo Parrocchiale Di Pontevecchio;https://www.facebook.com/groups/ilcircolinodeldaniele
Circolo Sempre Avanti Angelo Airaghi;https://circolosempreavanti.org/
Circus;https://instagram.com/bar.circus.sedriano
Cirò Cafè;https://www.instagram.com/ciro.cafe_/
Cittadella Pub;https://www.facebook.com/cittadellapub/
Città Dei Mille - Restaurant & Lounge;https://ristorantecittadeimille.it/
City Istanbul;https://m.facebook.com/pages/category/Pizza-Place/By-Salman-City-%C4%B0stanbul-Voghera-Via-Emilia-218-947879811972944/
City Istanbul Kebap-pizza-grill;https://cityistanbulkebap.it/
Citypride;https://www.citypridepub.it/
Civico 20;https://civico20.shop/
Civico 27 Pizzeria Romana;https://civico27.pomoai.it/
Civico 3;https://m.facebook.com/Civico3Cafe/
Civico 88 Montichiari;https://www.facebook.com/groups/755577523457565/
Civico Brugherio;https://civicobrugherio.it/
Clash City Rockers Cafè;https://www.clashcityrockerscafe.it/
Clepizza Di Pietro Rossetti;https://www.instagram.com/clepizzaa/
Climat Ristorante;https://www.climatristorante.it/
Clipper Cafe';https://www.clippercafe.it/
Clock Bar Di Pozzi E D'amore S.n.c. Di Laura Pozzi & C.;https://www.facebook.com/Clockbar.villasanta
Cloud Restaurant & Coffee;https://www.cloudrestaurantandcoffee.it/
Clover Cocktail Bar;https://www.facebook.com/clovercocktailbarlodi/
Clubs - Mangia - Bevi - Festa. Ripeti.;https://clubspizzeria.it/
Cochita Caffé;https://cochita.it/
Coco Pazzo;https://www.ristorantecocopazzo.it/
Coco Torrefazione & Tropical Bar;https://www.facebook.com/COCO-Torrefazione-Tropical-Bar-244563293065142/
Coe Sushi;https://www.coebergamo.it/
Coffee Hour;https://m.facebook.com/pages/category/Dive-Bar/Coffeehour-751607334893603/
Coffee Outlet;https://coffeeoutlet.it/
Coffee Time;https://www.facebook.com/pages/category/Coffee-Shop/Coffee-Time-1379302929060363/
Colibrì Dinner Show;http://www.colibridinnershow.it/
Colombo 1933;https://www.colombo1933.it/
Colombo7 Prontopizza;https://instagram.com/colombo7__
Come 'na Vorta Pasta E Vino - Milano;https://pastaevinoroma.it/
Come A Casa;https://comeacasalaveno.it/
Come Una Volta;https://trattoriacomeunavolta.it/
Come Una Volta - Veri Sapori Della Nostra Terra;https://www.comeunavoltaverisaporidellanostraterra.it/
Con Le Mani;https://pizzeriaconlemani.it/
Concreto;https://www.concretoristorante.com/
Confine 1913;https://confine1913.it/
Controluce;https://www.ristorantecontroluce.it/
Cookiamoci Pizzeria Ristorante Bar;https://m.facebook.com/cookiamoci/
Cookies Bar & Restaurant;https://pro-bee-beepro-messages.s3.amazonaws.com/183171/641698/1254252/6125398.html
Cookingarage;http://cookingarage.com/
Cordiale American Bar;https://cordialeamericanbar.com/
Core De Roma;https://ristorantecorederoma.eatbu.com/
Core Meu;https://coremeu.eu/
Corner 58;https://www.corner58.it/
Corner Pizzeria Ristorante;https://ristorantepizzeriacorner.it/
Corso 62 Pavia;https://m.facebook.com/Corso62Pavia/
Corso Como 52;https://www.corsocomo52.it/
Corte Cola;https://www.matrimonio.com/location-matrimoni/corte-cola--e106140
Corte Di Zuccarini;https://www.lacortedizuccarini.it/
Corte Rustica Borromeo;https://www.corterusticaborromeo.it/
Corte Visconti;https://www.cortevisconti.it/
Cosmopolitan Food'n Drink;https://www.instagram.com/cosmopolitan_leno/
Costantino Crudo Re | Ristorante Di Pesce;https://www.costantinocrudore.it/
Crazy Driver Diner;https://www.crazydriverdiner.it/
Crazy Pizza;https://www.instagram.com/crazypizzabygiuliani/
Crazy Pizza Gurone;https://m.facebook.com/pages/category/Restaurant/Crazy-Pizza-Malnate-109801427030628/
Crazy Point - Non Solo Osteria;https://www.crazypoint.it/
Cream And Cacao By Confalonieri Roberta;https://www.facebook.com/pannacacao/
Crema & Cioccolato Taccona;https://crema-cioccolato.it/
Cremamore;https://it-it.facebook.com/pages/category/Company/Gelateria-CremAmore-107131432651432/
Cremeria Manzoni Di Battista Rosa;http://cremeriamanzoni.myadj.it/
Crep Mi;https://crepmi.com/
Cristal Café;https://www.facebook.com/Cristal-Caf%C3%A8-498295260298519/
Cristall;https://www.facebook.com/Pizzeria-Cristall-264922330191537/timeline
Croccami Castellanza;https://croccami.it/
Crocky & Co;https://it-it.facebook.com/Pizzeria-Crocky-Co-296646860490401/
Crossing Cafè;https://m.facebook.com/Crossing-Caf%C3%A9-1895736454057193/
Crotto Del Sergente;http://www.crottodelsergente.it/
Crotto Valtellina;https://www.crottovaltellina.it/
Crowne Plaza Milan - Linate By Ihg;https://www.ihg.com/crowneplaza/hotels/gb/en/san-donato-milanese/milsd/hoteldetail
Cru.cant;https://crucant.it/
Crudo Fritto & Bollicine;https://www.crudofrittoebollicine.it/
Cruó;https://www.cruopizzaburger.it/
Cucina Cereda;https://www.cucinacereda.com/
Cucina Di Campagna;http://cucinadicampagna.com/
Cucina Garibaldi - Ristorante Con Giardino;https://www.instagram.com/cucinagaribaldi
Cucina Kappa;https://www.cucinakappa.it/
Cucina Normale;https://www.cucinanormale.it/
Cucina Romana Ponte Milvio;https://cucinaromanapontemilvio.it/
Cuore Ristopizza;https://www.facebook.com/cuore.ristopizza
Curry Twist Ristorante Indiano;https://www.currytwist.it/
Cut Ristorante;https://www.cutristorante.it/
Cvv Bistrot;https://www.instagram.com/cvv_bistrot
Cyclery;https://cyclery.it/
Cà De Le Rane;https://www.osteriacadelerane.com/
Córi...Altre Storie del Sud!;https://www.corimilano.com/
C’era una volta Nonna Maria;https://www.ceraunavoltanonnamaria.com/
D&D Pancaffè;https://m.facebook.com/DD-pancaff%C3%A9-117127472195494/
D.o.t. Chianti Street Food.;https://dotchianti.it/
DAMA Ristorante&Cafè;https://www.facebook.com/share/1DZ84vtR1d/
DAUDA CAFÈ;http://www.dauda-cafe.eatbu.com/
"Da Angelo ""the Social Brunch And Pasta Bar""";https://daangelosocialbar.my.canva.site/
Da Box Birrificio & Cucina;https://www.dabox.it/
Da Cadeo;https://www.instagram.com/bar.da.cadeo/
Da Ciro;https://ristorantepizzeria-daciro.com/
Da Dantas - Ristorante Brasiliano;https://www.ristorantebrasilianodadantas.com/
Da Denis Oggiono;https://da-denis-oggiono.eatbu.com/
Da Elide Ristorante Pizzeria;https://www.daelideristorantepizzeria.it/
Da Fafa | Pizza & Kebab;https://dafafa.it/
Da Franco;https://dafranco.menu/
Da Frank;https://www.dafrank.it/
Da Giannino L'angolo D'abruzzo;https://da-giannino-langolo-dabruzzo.it/#/
Da Giulia;https://www.ristorantedagiulia.it/
Da Giulia | Ristorante | Bar;https://www.instagram.com/bar_ristorante_da_giulia/
Da Giuseppe;https://www.facebook.com/Pizzeria-Dasporto-Di-Ruocco-Giuseppe-112349605493050/
Da Hakim;https://ristorantehakim.com/
Da Ilaria Ristorante;https://www.dailariaristorante.it/
Da Leon;https://www.facebook.com/pages/Ristorante-da-Leon/1385620961679957
Da Mamma Pia;https://itplaces.me/da-mamma-pia-862969-it
Da Manfri Gastronomia E Pasta Fresca;https://damanfri.it/
Da Marco Restaurant;https://ristorantedamarco.it/home/#
Da Mario Pizzeria;https://www.damario-pizzeria.it/
Da Massimo Ristorante;https://www.damassimoristorante.it/
Da Max Hamburger House;https://www.damaxhamburgerhouse.com/
Da Michele - Pizzeria D'asporto;https://www.instagram.com/damichele_vigevano/
Da Michele 2.0;https://damichele2p0.com/
Da Morris - Vineria E Cucina;https://m.facebook.com/damorrisvineriaecucina/
Da Nonna;https://danonnamilano.it/
Da Paoletto Pizzeria Napoletana;https://www.instagram.com/dapaoletto_montichiari
Da Pier;https://itplaces.me/da-pier-422083-it
Da Salvatore;https://trattoriasiciliana.it/
Da Silvia;https://www.pizzadasilvia.com/
Da Spiaggia Pizzeria;https://www.daspiaggiapizzeria.it/
Da Tano - Pizzeria D'asporto;https://instagram.com/pizzeria.dasporto.datano
Da Victor;https://www.ristorantedavictor.it/
Da Vincenza | Pizzeria Settimo Milanese;https://www.davincenza.com/
Da Vinci;https://www.facebook.com/Pizzeria-da-vinci-94-100702652485246/
Da quelli là;https://instagram.com/daquellila
Da'je Peppo - Pizza & Pasta;https://www.dajepeppo.it/
Daema Pizzeria Italiana;https://www.instagram.com/daemapizzeriaitaliana
Dahlak Restaurant;https://ristorantedahlak.it/
Daimyo Restaurant Milano;https://ristorantedaimyo.it/
Dal Maestro Pizza & Kebab Maestro Fry Chicken;https://www.instagram.com/maestro.frychicken/
Dal Pizzero;https://dalpizzero.wordpress.com/
Dalu Sushi Ristorante;https://www.dalusushi.it/
Dalì gintoneria & pizzeria;https://www.instagram.com/daligintoneria
Dam bistró;https://www.dambistro.it/
Dama Lounge Bar;https://www.instagram.com/bar.dama
Danil Bar;https://danilbar.shop/
Darko' Cafe';https://www.instagram.com/darkocafegiussano/profilecard/
Daste Bistrò;https://www.dastebistrobergamo.com/
Dastefano;http://dastefano.metro.rest/
Dav By Da Vittorio Louis Vuitton;https://louisvuitton.ristorantedav.com/reservation/
Dav Milano;https://www.davmilano.com/
Dawali;https://www.dawali.it/
Dburgers - Bollate;https://www.dburgers.it/
De Jordano Di Giordano Monica;https://itplaces.me/de-jordano-di-giordano-monica-237045-it
Dea Bakery Bistrot;https://www.deabakerylab.it/
Decimo Pizzabistrot;https://www.decimopizzabistrot.it/
Dedans;https://www.dedansbistrot.com/
Dedicata;https://pizzadedicata.com/
Deg Ristorante;https://www.ristorantedeg.it/
Delicious Baobing;https://www.instagram.com/deliciousbaobing/
Deliverypizzaburger;https://deliverypizzaburger.wixsite.com/deliverypizzaburger
Delizia Bistrot;https://www.deliziapasticceria.com/
Delizie di Marilù;http://viaggiareapois.it/2015/11/25/1000sfumaturedibrescia5-bar-pasticcerie-dove-far-colazione-a-concesio-e-dintorni/
Delo's Pizza Al Padellino E Street Food;https://www.facebook.com/delospizzavittuone
Demi-sel Bistrot;https://www.demiselbistrot.com/
Demyan;https://hypeblocstore.wixsite.com/demyan
Dennys Cafe;https://www.dennyscafe-assago.it/
Derecò Pasticceria;https://dereco.it/
Deros Restaurant;https://www.derosmilano.it/
Desi Junction Karahi & Grill Restaurant;http://209.73.28.209/
Devastante;https://www.instagram.com/devastante.milano
Devil Kiss - Osteria Ribelle & Birrificio;https://www.devilkiss.it/
Dezzo Pizzeria Napoletana;https://www.dezzopizzerianapoletana.com/
Dica Milano;https://dica.milano.it/
Difforme - Ristoro Con Cantina E Whisky House;https://www.instagram.com/difformecusano
Dilena' Cafe';https://www.facebook.com/dilenacafe
Dim Sum;https://dimsummilano.com/
Dimora Pizzeria;https://www.instagram.com/dimorapizzeria
Dining Club Monza;https://www.diningclubmonza.com/
Dinner The Mode;https://dinner.themode.it/
Diodona Spazio & Ristorante;https://diodona.it/
Disiu | Home Restaurant;https://www.disiumilano.com/
Diva Caffè Gussago;https://www.instagram.com/diva_caffe_gussago
Divin Peccato;https://www.facebook.com/DIVIN-PECCATO-Staff-Oasi-degli-animali-350761874969648/
Dodicivolte Trattoria Contemporanea;https://www.dodicivolte.com/
Dolce & Amaro;https://www.facebook.com/pages/Dolce-Amaro/231365430373172
Dolce Amaro Caffetteria Winebar;http://dolceamaro.eatbu.com/
Dolce Far Niente;https://www.facebook.com/dfn2017/
Dolce Nero Caffè;https://m.facebook.com/dolcenerocaffe/
Dolce Notte;https://www.facebook.com/DolceNotteBrescia/
Dolce Vita Magenta;https://q-r.to/dolcevitamagenta
Dolcevita Ristorante;https://www.dolcevitaristorante.it/
Dolcezze e Caffè - Casalmaggiore;https://www.dolcezzecaffe.it/
Dolci Ad Arte Caffetteria Pasticceria;https://www.dolciadarte.it/
Dolci Tentazioni;https://www.dolcitentazionigorgonzola.it/
Doma Cafè;https://www.instagram.com/doma_valtesse
Dominioni Pasta;https://www.dominionipasta.com/
Domò Sushi Milano;https://domosushi-milano.myrestoo.net/it/reservar
Don Luis Ristorante;https://www.ristorantedonluis.it/
Don Nippon Taste;https://www.donnippontaste.com/
Don Panzerotto Trezzo;https://www.donpanzerotto.it/
Don Peppino 'a Pizza- Ristorante;https://don-peppino.com/
Don Peru;https://ristorantedonperu.it/
Don Tony Griglieria Rosticceria;https://www.dontonygriglieria.com/
Don'cola Brera;https://www.doncola.com/store/milano-brera/
Donburi House 丼 Zumbini - Ramen Izakaya;https://www.donburihouse.it/
Donna Carmela;https://www.pizzeriadonnacarmela.it/
Donut's Pop;https://www.instagram.com/donutspop2020/
Dooko;http://www.dooko.diytrade.com/
Dop - Pizzeria Contemporanea;https://dopcontemporanea.com/
Dopolavoro;https://dopolavororestaurant.shop/
Doppio Malto;https://www.doppiomalto.com/it/ristoranti/lentate-sul-seveso/
Doppio Malto Brescia;https://www.doppiomalto.com/it/ristoranti/brescia/
Doppio Malto Brew Restaurant;https://www.doppiomalto.com/it/ristoranti/erba/
Doppio Malto Como;https://www.doppiomalto.com/it/ristoranti/#/m/Como
Doppio Malto Legnano;https://www.doppiomalto.com/it/ristoranti/legnano/
Doppio Malto Lonato;https://www.doppiomalto.com/it/ristoranti/lonato-il-leone/
Doppio Malto Magenta;https://www.doppiomalto.com/it/ristoranti/magenta/
Doppio Malto Milano Bicocca Village;https://www.doppiomalto.com/it/ristoranti/milano-bicocca/
Doppio Malto Monza;https://www.doppiomalto.com/it/ristoranti/monza/
Doppio Malto Scalo Milano - Locate Triulzi;https://www.doppiomalto.com/it/ristoranti/scalo-milano/
Doppio Malto Vigevano;https://www.doppiomalto.com/it/ristoranti/vigevano/
Doppio Morso;https://www.doppiomorso.it/
Dorelli Gelateria Caffetteria;http://www.facebook.it/gelateriacaffetteriadorellii
Dory Caffè & Bistrot;https://flavorfulgroup.it/
Dou;https://www.douasian.com/
Dream cafe’;https://dreamcafeseriate.it/
Dream's Cafè;https://www.facebook.com/dreamcafebarlafus/
Dreamer Bar;https://www.facebook.com/Dreamer-BAR-135455391684117
Due Chef;https://www.ristoranteduechef.it/
Due Fratelli;https://www.facebook.com/DUE-Fratelli-892008737536798/
Due Fratelli U & P S.r.l.;https://instagram.com/duefr_atelli
Due Gusti;https://tfpmarketing.my.canva.site/ristorante-due-gusti
Due Spade;http://www.ristoranteduespade.it/
Due Tradizioni | Italian & Lebanese Restaurant (via Borsi);https://www.duetradizioni.it/
Duelire Gastronomia Pizzeria Campana;https://dueliremilano.it/
Duemila14 Di Testa Tiziano E Ferrario Roberto;https://locandacrotti.it/
Dukka;https://www.nonsolohummus.it/
Dulcamara Cafe;https://m.facebook.com/Dulcamara-caf%C3%A8-514870458560837/
Duomo 67;https://m.facebook.com/Duomo-67-760004354108399/
Duomocafe;http://www.duomocafe.it/
Durante Bistrot&bar;https://www.facebook.com/share/1ANmPPzX8t/
Duse Al Lago Moro;https://duselagomoro.com/
D~amare Fish Bar;https://www.instagram.com/damare_fishbar
Dù Cesari Ristorante Romano Monza Brianza Lissone;https://ducesari.com/
E' Arrivato Paolino;https://www.paolino.it/
E.c.fo.p. - Bakery Cafe;https://www.ecfop.it/
EMPORIO ARMANI RISTORANTE & CAFFÈ MILAN;https://locations.armani.com/restaurants-cafes-and-clubs/italy/emporio-armani-ristorante-milano
Easy;https://www.instagram.com/easy_treviglio/
Easy Café;https://www.instagram.com/easy_cafe_vimercate
Easy Drink And Food;https://www.easydrinkandfood.it/
Eat & Drink;https://www.ristorante-in.it/bistrot
Eat Happy Besozzo;https://www.eathappy.it/
Eat To Molise;https://bizbar.it/
Eatvolve;https://www.eatvolve.life/
Eclettico Molecular Bar;https://ecletticobar.it/
Ecosteria Cortemanlio;https://www.ecosteria.it/
Eden;https://www.instagram.com/eden_restaurant_trezzano/
Eden Bar - Arrigo & Figli S.r.l.;https://edenbarmilanofiori.weebly.com/
Eden Fruit;https://www.instagram.com/eden_fruit2025
Eden Green Bar;https://edengreenbar.it/
Egyturck Pizza & Kebap;https://itplaces.me/egyturck-pizza-kebap-228214-it
El Baloss;https://elbaloss.it/
El Barrio Bistrot E Braceria;http://el-barrio-bistrot-e-braceria.eatbu.com/
El Barrio Latino;https://elbarriolatinobrescia.it/
El Barrio Loco;https://www.elbarrioloco.it/
El Butighet | Antica Trattoria In Franciacorta;https://elbutighet.it/
El Carbón;https://elcarbon.it/
El Encuentro;https://www.elencuentromilano.it/
El Forajido;https://m.facebook.com/ELFORAJIDO97/
El Galactico - Taqueria Messicana;https://instagram.com/galacticotruck
El Galet;https://www.elgalet.it/
El Hornero;https://www.facebook.com/RistoranteElHornero/
El Kasbah Ristorante;https://instagram.com/elkasbah_ristorante_shisha
El Licinsì Ca' Lenga;https://www.licinsi.com/
El Merendero;http://www.elmerenderocomo.it/
El Michelas;https://elmichelas.it/
El Mora;https://www.el-mora.it/
El Mè Cafè;https://www.elmecafe.it/
El Patio Del Gaucho, Javier Zanetti;https://www.elpatiodelgaucho.com/
El Pecà;https://elpecabistrot.it/
El Porteño Prohibido;https://www.elporteno.it/location/milano/el-porteno-prohibido/
El Sabor De La Vida;https://elsabordelavida.eu/
El Sabrosito - Steak House - Asado;https://www.elsabrosito.it/
El Taco Azul - Taqueria Mexicana;https://www.eltacoazul.it/
El Taller Cappellini;https://eltaller.it/
El Tridente;https://eltridente.it/
Elcarajod'sumare;https://www.facebook.com/dsumarerestaurante/
Eli's House;https://elishouse.eu/
Elsa;https://elsabicocca.it/
Emblema Beach;https://instagram.com/cafeemblema
Emerald - Cocktail Wine Bar;https://www.facebook.com/Emerald-Castegnato-105313838186479
Emotion Cafè;https://www.emotioncafe.it/
Emporio Mo.Ca.ffè - Vendita macchine caffè, capsule e cialde, originali e compatibili;https://www.facebook.com/emporiomocaffe/
Enjoy Coffee & Drink Nembro;https://www.enjoycoffeedrink.it/
Enogastronomia Fratelli Rusconi;https://www.fratellirusconi.com/
Enosteria Di Nicoletti Luca;https://enosteriagallarate.com/
Enoteca & Wine Bar “da 8tto”;https://www.enotecadaotto.it/
Enoteca Antico Vinaio Cernusco;https://www.anticovinaio.net/
Enoteca Bartolora;https://www.instagram.com/enotecabartolora
Enoteca Centrale;http://instagram.com/enotecacentraleorzinuovi
Enoteca Ciocco Bacco;https://www.deli-wine.com/
Enoteca Da Guido;https://www.instagram.com/enoteca_da_guido/
Enoteca Dalla Valle;https://enotecadallavalle.it/
Enoteca Dei 100 Barolo;http://www.100barolo.it/
Enoteca Enoclub;https://www.paginegialle.it/enoclubmantova
Enoteca Eredi Di Rocco Boggini;https://www.facebook.com/ERBenoteca/
Enoteca Il Mulino;https://ilmulinomonza.it/
Enoteca In Vena Di Vino;https://www.invenadivino.com/
Enoteca Italvini Di Giorgio Pellicioli;https://www.enotecaitalvini.it/
Enoteca La Bidule;https://labidule.it/
Enoteca La Cantinetta Di Ferraro Giuseppe;https://www.la-cantinetta.net/
Enoteca La Càneva;https://lacanevaenoteca.it/
Enoteca La Passione Del Vino;https://lapassionedelvino.it/
Enoteca Legnani;https://www.enotecalegnani.com/
Enoteca Raiteri Snc Di Raiteri Luigi Mario;http://www.enotecaraiteri.it/info-contatti.php
Enoteca Sormani Cologno Monzese;https://enotecasormani.it/
Enoteca Terra Vino;https://www.facebook.com/TERRA-VINO-412087352281292/
Enoteca Vineria Perbacco Bergamo;https://www.vineriaperbacco.it/
Enoteca Vinograd;https://www.vinograd.it/
Enrico Bartolini;http://www.enricobartolini.net/
Enzo Puccio Wine Bar;https://enzopuccio.it/
Epiko;https://instagram.com/epiko.laveno
Epoca Grill & Pizza;https://epocagrillpizza.it/
Eratocafe;https://www.eratocafe.it/
Erika Pizza E Cucina;https://www.erikapizzaecucina.it/
Ermete & Laura;https://barermetelaura.it/
Eros Srl;https://www.macchinecaffeprofessionali.it/
Errevi Cafe;https://www.instagram.com/bar_errevi/
Esmeraldina;https://www.facebook.com/esmeraldina.soresina
Esperidi - Caffetteria, Pasticceria, Prodotti Da Forno;https://m.facebook.com/esperidibar/
Esse Burgers;https://www.instagram.com/esseburgers
Estivo Goisis;https://www.facebook.com/EstivoParcoGoisis/
Estratto;https://www.instagram.com/estratto.brescia/
Estrobar;https://www.facebook.com/groups/277467639009144/
Etablí;https://instagram.com/etabli_seregno
Etereo;https://www.etereorooftop.com/it/
Etna Cafè;https://www.instagram.com/etnacafe_sovico/profilecard/
Euro Pizza;https://www.facebook.com/Euro-Pizza-Cant%C3%B9-1589499857811888/
Evò95;https://www.facebook.com/evo995
Express Sushi;https://expresssushi.carrd.co/
Extra Time;https://extratimepub.it/
Extro Pizza Trescore;https://extropizza.it/
FAFAeat – Pollo Fritto Mantova;https://www.fafaeat.com/
Fabbrica Del Grano - Grani Antichi;https://www.fabbricadelgrano.it/
Fabbrica Del Gusto | Restaurant & Grill;https://www.fabbricadelgustobg.com/
Fabbrica Di Grill;https://www.fabbricadigrill.it/
Fabbrica Di Pedavena Cesate;https://www.fabbricadipedavenacesate.com/
Fabbrica In Pedavena Lissone;https://fabbricainpedavenalissone.it/
Fabbrica Pizzeria;https://www.fabbricapizzeriamilano.com/
Fabbro Paneria Cafè;https://fabbropaneriacafe.it/
Fabric Cascina Carlinga;http://fabricbergamo.com/
Fainà - il fast food ligure;https://www.fainafarinata.it/
Fairouz;https://www.fairouzmilano.com/
Fairouz Bistrot;https://www.instagram.com/ristorante_fairouz
Falegnameria Design&living;https://www.designeliving.it/
Fam Ristorante | Pizza | Cocktail Bar | Beach Club;https://famlifestyle.it/
Fame;http://www.facebook.com/fAmepizzeria
Fanari Pub;https://fanaripub.wixsite.com/fanaripubtradate
Fantasy Cafe;http://www.centrocommercialeopera.com/it/negozi/10-fantasy-cafe.htm
Farhan Donner Jimmy;https://farhanfastfood.it/
Farinella;https://www.farinellarestaurant.it/
Farm Brusignone;https://agricolabrusignone.com/
Farmhouse Cascina Baracca;https://www.agriturismobaracca.com/
Farmhouse Il Fontanile;http://www.agriturismofontanile.com/
Faro - Caffe' E Cucina;https://www.instagram.com/faro_vita_cucina_vino/
Fashion Cafe' Di Gennari Walter & C. Snc;https://www.facebook.com/Fashion-Caf%C3%A8-100164073387165/
Fassushi Como;https://como.fassushi.it/
Fastrestaurant;https://www.fastrestaurantmilano.it/
Fatto Bene Burger;https://www.fattobeneburger.it/
Fattoria Del Casaro;https://www.fattoriadelcasarocologno.com/
Feel Como;https://www.feelcomo.com/
Feel Fusion;https://www.feelfusion.it/
Feel Party Restaurant;https://feelpartyrestaurant.it/
Feelings - Fried Chicken & Cocktails;https://www.feelings.bar/
Fei Yun Ge;https://www.ristorantefeiyunge.it/
Felice A Testaccio | Milano;https://www.feliceatestaccio.com/
Felix Navigli;https://felixnavigli.it/
Fenicità;http://fenicitaristorante.wixsite.com/fenicita
Fer - Forneria Artigiana;https://ferpizza.it/
Fermes Chi;https://fermeschiosteria.it/
Ferrari's Bar;https://www.ferrarisbar.it/
Festina Lente Bistrot;https://festinalentebistrot.it/
Fetta Street;https://www.instagram.com/fettastreet
Fette Pizza Opera - Consegna Pizza A Domicilio;https://www.fettepizza.it/
Feudi;https://ifeudimantova.it/
Fiamma Nera;https://pizzeria-builder-4.emergent.host/#home
Fiasco Vineria Friulana;http://www.instagram.com/vineria_fiasco/
Ficus;http://www.ficusbarbistrot.it/
Filippo Fiorini Pasticceria & Caffetteria;https://filippofiorini.it/
Finger's Garden;https://fingersrestaurants.com/location/fingers-milano
Fiordalì bar;https://www.instagram.com/fiordalibar
Fiori A Merenda;https://m.facebook.com/FioriaMerenda/
Fiori Di Zucca Ristorante Pizzeria;https://pizzeriafioridizucca.com/
Fish & Drink Pescheria Ettore;https://www.fishanddrink.it/
Fish Art Restaurant;https://dngfishart.wixsite.com/bollate
Fish Club;https://www.facebook.com/fishclubrestaurant
Fish Fusion Bistrot - Sushi & Fusion Vimercate;https://www.fishfusionbistrot.it/
Fishbar De Milan;https://www.fishbar.it/
Five Star - Irish Pub;https://irishpubfivestar.it/
Flavours Bistrò;https://flavoursbistro.it/
Floof;https://floof.it/
Flow Caffè Carate Brianza;https://www.flowcaffe.it/
Flower Bistrot Seregno;https://www.instagram.com/flowerbistrot_seregno/
Fm Pizzeria Food & Wine Fm;https://www.instagram.com/foodwine_pizzeria
Focacceria By Taste;https://www.instagram.com/focacceria_taste
Focacceria Ligure Milano Bicocca;https://www.instagram.com/focaccerialiguremilanobicocca
Focaccerie Giobatta;https://focacceriegiobatta.it/
Fonda 56;https://fonda56.com/
Fontana Ristorante Pizzeria;https://www.ristorantepizzeriafontana.com/
Food Dept 184;https://dept184.com/
Food Factory Crema;https://www.foodfactorygourmet.com/
Food Truck Da Benji;https://www.justeat.it/restaurants-food-truck-da-benji-lomazzo/menu
Foppa 16;https://www.ristorantefoppa16.it/
For Life Wine & Lounge Bar;https://www.instagram.com/forlifebar/
Forest Monza;https://forestmonza.it/
Forlanini;https://www.pizzeria-forlanini.it/
Formaggi E Salumi D'italia;https://www.bottegacremonese.it/
Formato Gusto;https://gusto-formato.emergent.host/
Forneria Caffetteria Bellini & C. S.n.c.;https://www.facebook.com/forneriabellini/
Forneria Frigerio Edoardo Maria;https://m.facebook.com/pages/Panificio-Frigerio/2388565834516929
Forno Paradiso;https://www.fornoparadiso.com/
Fortaleza;https://www.ristorantefortaleza.com/
Forte Garden - Milano;https://fortemilano.com/
Found Restaurant - Castellanza;https://foundcastellanza.com/
Found Restaurant - Vigevano;https://www.foundvigevano.com/
Four Roses Pub;https://www.facebook.com/Four-Roses-Pub-1181283291891950/
Francesco Muzio Pizzart;http://www.pizzart-fm.com/
Frankie's;https://frankiesitalia.it/
Franky Pizza;https://www.instagram.com/dafrankypizza
Fratelli La Bufala;https://www.fratellilabufala.eu/
Free Spirit;https://m.facebook.com/FreeSpiritClub.it/
Fresco & Cimmino;https://www.frescocimmino.it/
Fresco - Locanda Pesce E Pizza;https://www.frescolocandabrescia.it/
Fresh Ramen;https://www.freshramen.it/
Freshbar;https://www.freshbar.it/
Friccico Hostaria Romana - Biassono;https://www.friccicohostariaromana.it/
Friends The Hidden Corner;https://www.instagram.com/pizza_friends01_brugherio/profilecard/
Frog Cafe' S.r.l.;https://www.frogcafe.it/
Frulleria cafè;http://www.frulleriacafe.it/home.asp
Fuji Restaurant;http://www.ristorantefuji.it/
Fuji X;https://www.fujijapaneserestaurant.it/
Fujiyama (via Vodice);https://www.fujiyamasushi.it/
Fujiyama Hot;https://www.fujiyamahot.it/
Fum0ronivie Del Lago Maggiore - Sasso Del Ferro - Laveno;https://www.funiviedellagomaggiore.it/
Fumo E Brace 2 Fratelli - Ristorante - Burger - Steak House - Pizzeria;https://fumoebrace.it/
Fumo Italian Restaurant;https://fumomilano.com/
Funiculì Funiculà;http://www.funiculifunicula.it/
Fuori Di Pizza;https://www.facebook.com/Fuori-DI-Pizza-190556067744368/
Fuori Di Pizza Dal 1996;https://www.fuoridipizza.it/
Fuori Modena;https://www.fuorimodena.com/
Fuori Orario;https://www.facebook.com/Caf%C3%A9-Fuori-Orario-875613065832446/
Fuori Orario Muggiò;https://www.instagram.com/fuoriorario_muggio/
"Fuori Porta Pub ""la K""";https://www.fuoriportapub.it/
Fuorifusto Birrosteria Milano;https://www.fuorifusto.com/
Fuorilodi S.a.s.;https://www.fuorilodi.com/
Fuorimano Vigevano;https://www.fuorimanovigevano.it/
Fuorionda;https://www.fuoriondaristorante.com/
Furutuki;https://www.instagram.com/furutuki_luino
Fusion Restaurant;https://www.fusionrestaurant.it/
Futtitinni Bistrot;https://www.futtitinnibistrot.com/
G.a.porteri;https://www.porteri.it/
GUD • Milano CityLife;http://www.gudmilano.com/gud-city-life.asp
Galaxy Grill;https://www.galaxygrill.it/
Gallizioli Mazzano;https://www.galliziolipasticceria.com/molinetto-di-mazzano/
Gallo Rosso;https://it-it.facebook.com/Pizzeria-Ristorante-GALLO-ROSSO-419980131458235/
Gallo Take Away;https://www.facebook.com/gallotakeaway
Galpa Beach | Bar Bistrot | Gavirate | Aperitivo;https://www.instagram.com/galpabeach/
Gamba De Legn Bistrot;https://gambadelegn-castanoprimo.it/
Gambarina Alta;https://www.gambarinaalta.com/
Games Café;https://www.danielepiazzola.com/design/retail/games-cafe-10/
Gamila Panini;https://gamilapanini.it/
Gao Dynasty's Sushi Restaurant Mozzate;https://www.gaodynasty.it/
Garda Restaurant & Pizza;https://cyberiainformatica.com/gardaristo&pizza/
Garden Ristorante Pizzeria Kebap Legnano;https://www.facebook.com/Garden-Ristorante-Legnano-100623295134236/
Gasoline Café & Sta Pizza;https://itplaces.me/gasoline-cafe-sta-pizza-642552-it
Gasometro Pub - Vino, Birra, Cucina;http://www.facebook.com/GASOMETROpub
Gastronomia Charly Casalmaggiore;https://www.gastronomiacharly.com/
Gastronomia Da Giuliano;https://gastronomiadagiuliano.it/
Gastronomia Maja E Tas;https://www.majaetas.it/
Gastronomie Vittoni;https://www.gastronomie-vittoni.it/
Gastrò Lecco;https://gastrolecco.it/
Gate110 (Coffee Food and Drink) - Bar bistrò Sesto San Giovanni;https://instagram.com/gate110_
Gatsby Magenta;https://www.gatsbymagenta.it/
Gatto Bianco Rooms 42;https://gattobiancorooms42.it/
Gattopardo 3;https://www.gattopardotre.it/
Gauguin Ristorante Pizzeria;https://www.ristorantegauguintrezzano.it/
"Gelateria ""la Dolce Vita""";https://it-it.facebook.com/Gelateria-La-Dolce-Vita-565066833514612/
Gelateria Ai Portici;https://instagram.com/gelateria_ai_portici
Gelateria Artigianale La Volta Buona;https://www.facebook.com/GelateriaArtigianaleLaVoltaBuona/
Gelateria Artigianale Ottavo Senso Cernusco Sul Naviglio;https://www.instagram.com/gelateriaottavosenso
Gelateria Bahia;https://www.gelateriabahia.it/
Gelateria Bar Hope;https://gelateriahope.eatbu.com/
Gelateria By Manu And Gigi;https://www.gelateriadamanuegigi.com/
Gelateria Caffetteria Bar Sottozero Desio;https://gelateria-sottozero.com/desio/migliore-pasticceria-gelateria-desio.html
Gelateria Capolinea;http://facebook.com/gelateriacapolinea/
Gelateria Capriccio;https://instagram.com/capriccio.gelateria
Gelateria Copacabana;https://www.gelateriacopacabana.com/
Gelateria Costantin;https://gelateriacostantin.it/
Gelateria Cremeria Imbarcadero 2;https://www.gelateriaimbarcadero.com/
Gelateria Creperia Briz;https://m.facebook.com/pages/Gelateria-Briz/114642018614875
Gelateria Cuore;https://www.gelateria-cuore.it/
Gelateria Danesi;http://www.gelateriadanesi.it/#/
Gelateria Dolce Vita Opera;https://www.facebook.com/Dolce-Vita-Opera-117601894272246/
Gelateria Duetto;https://gelateriaduetto.it/
Gelateria Emandi;https://www.bargelateriaemandi.it/
Gelateria Estate;https://www.instagram.com/gelateriaestate
Gelateria Favalli;https://itplaces.me/gelateria-favalli-945633-it
Gelateria Ferrighetto Dal 1961 Rho;https://www.facebook.com/gelaterialatteriaferrighetto/
Gelateria Garibaldi;https://www.facebook.com/GelateriaGaribaldiCasalmaggiore
Gelateria Gelatiamo;https://www.ilovegelatiamo.it/
Gelateria Gioia;https://it-it.facebook.com/Gelateria-Gioia-1709642982671030/
Gelateria Il Ranocchio;https://it-it.facebook.com/pages/category/Ice-Cream-Shop/Gelateria-IL-Ranocchio-145866899411961/
Gelateria Infinito;https://www.gelateriainfinito.com/
Gelateria La Fonte;https://www.facebook.com/gelaterialafonte
Gelateria La Nuova Cascina;https://www.gelaterialanuovacascina.com/
Gelateria La Volta;https://facebook.com/gelaterialavolta/
Gelateria Lapecoranera;https://www.facebook.com/LapecoraneraMompiano/
Gelateria Latte E Cacao;http://www.facebook.com/GelateriaLatteCacao
Gelateria Lollipop - Viale Italia, 11 Tirano;https://www.instagram.com/lollipoptirano
Gelateria Mastro Lampone;https://www.facebook.com/gelateriamastrolampone
Gelateria Materica;https://it-it.facebook.com/matericagelato/
Gelateria Melaverde Lissone;http://www.gelateriamelaverde.it/
Gelateria Mia;https://www.gelateriamia.net/
Gelateria Once Upon A Time ...;https://www.ceraunavoltagelato.it/
Gelateria Pasticceria Caffetteria Brina Treviglio;http://www.gelateriabrina.it/
Gelateria Peccati Di Gola;https://www.facebook.com/Gelateria-Peccati-di-Gola-230917777263403/
Gelateria Pierrot;https://www.facebook.com/pages/Pierrot/158288944192870
Gelateria Pirotta;https://www.instagram.com/gelateriapirotta_/
Gelateria Solstizio;http://www.gelateriasolstizio.it/
Gelateria The Frog;https://m.facebook.com/pages/category/Ice-Cream-Shop/Gelateria-Il-Ranocchio-Melzo-207999582674743/
Gelateria Torteria White Lady Sondrio;https://www.gelateriawhitelady.it/
Gelateria Tradizionale Voghera;https://linktr.ee/gelateriatradizionale
Gelateria Voglia Di Gelato;https://www.facebook.com/Gelateria-VOGLIA-DI-GELATO-110007845688370/
Gelateria, Pasticceria, Caffetteria Dolcidea;https://www.facebook.com/Dolcidea-Gelateria-Pasticceria-Caffetteria-252022211645034/
Gelatisneakers;https://www.gelatisneakers.com/
Genesi Cafe;https://instagram.com/genesi_cafe
Genki Sushi Boutique - Sesto San Giovanni;https://www.genkisushiboutique.it/
Gennaro Rapido A' Rot E Carrett Milano;https://www.gennarorapido.it/
George Lobster;https://georgelobster.it/
Gerry Pizza & Co;https://bitlocal.it/pizzeriadagerry/
Ghatas;https://www.instagram.com/thepizzagoat93
Gherim Societa' Cooperativa Sociale;https://www.gherim.it/
Ghido's Bar;https://www.instagram.com/ghidosbar/
Gianna & Renato | Gelati Buonissimi;http://www.osteriadelgelato.com/
Giannino Dal 1899;https://www.gianninoristorante.it/
Giardini Cocktail Bistrot;https://www.giardiniviadana.it/
Giardino D'oriente;https://m.facebook.com/pages/Giardino-Doriente-Di-Lin-Xiuxue/147895138586228
Giardino Funtanin;https://www.funtanin.com/funtanin-giardino-funtanin/
Giardino Ortica 10;https://www.giardinortica10.it/
Gigi Gastronomia;https://www.gigi-gastronomia.it/
Gigi Pizza;https://www.gigipizzainduno.it/
Gino Sorbillo;https://www.sorbillo.it/
Giny;http://giny-bollate.it/
Ginza Sushi;https://www.ginzasushimilano.it/
Gioia cafè;https://gioia-caffe.eatbu.com/
Gipe Parabiago - Pizzeria Al Trancio;https://www.gipepizza.it/
Gipsy Milano;https://www.gipsy.fun/
Giugio Bar;https://www.facebook.com/pages/Bar-Giugio/117569165020100
Giuliani;https://www.bargiuliani.it/
Giuseppe Verdi;https://ristorantepizzeriagverdi.it/
Giò Pazzo bar;https://www.instagram.com/giopazzobar
Glamour Cafe;https://www.glamourcafe.it/
Glamour Cafè Bistrot;https://glamourcaferestaurant.it/
Glass Music Restaurant;https://www.glasscube.it/
Glume;https://www.glumepizzeria.it/
Goat Bistrot;https://www.goatbistrot.it/
Godo - Sostanza Italiana;https://www.mygodo.com/
Gohan Asian Restaurant (martin Pescatore);https://www.gohanasianrestaurant.it/
Gohan Di Curno(bg);https://www.gohanrestaurant.it/
Gold Plus Ristorante cinese - 金丰大酒楼;https://www.instagram.com/goldplus_brescia/
Golden Coffee & Kitchen Since 2009;https://www.goldencoffeekitchen.it/
Golden Sushi Milano Delivery&takeaway;https://www.ristorantepescheria.com/delivery-domicilio-golden-sushi
Golf Hotel Milano;https://www.golfhotelmilano.com/
Good;https://www.goodsenago.it/
Good Food .gluten Free .green Food |ristorante & Cocktail Bar Lodi;https://www.instagram.com/goodfood.concept
Good Vibes Bar;http://www.goodvibesbar.it/
Goraiko Izakaya;https://goraikoizakaya.it/
Gosdrinkwine;https://www.gosdrinkwine.it/
Goss Grill Burger Arcore;https://www.goss-grill-burgerarcore.it/
Gotha Experience;https://www.gothaexperience.it/
Gotico Treviglio;https://www.instagram.com/gotico_treviglio
Gourmall;https://www.facebook.com/Gourmall/
Gourmet Pesce;https://www.gourmetpesce.it/
Govinda ( Vegan & Vegetarian ) Restaurant;https://www.govindamilano.it/
Grace Cafe;http://m.facebook.com/martydero7
Gramsci & Co;https://www.gramsciandco.com/
Gran Aria Merate;https://www.grottaazzurramerate.it/
Gran Caffè Maugeri;https://www.facebook.com/GranCaffeMaugeri/timeline
Gran Forno F.lli Zanaletti;http://www.granfornozanaletti.it/
Gran Galà Milano;https://www.grangala-milano.com/
GranPiàda Piadineria;https://www.facebook.com/granpiadalume/
Granaio Duomo - Ristorante & Cafè;https://www.granaioduomo.it/
Granaio Monza - Authentic Italian Restaurant;https://www.granaiomonza.it/
Grani In Bottega;https://www.graninbottega.it/
Grano E Oro;https://granoeoro.com/
Grappoli E Luppoli Enoteca Birreria;https://www.grappolieluppoli.it/
Grappolo D'oro Castiglione - Pizzeria | Ristorante | Griglieria;https://www.algrappolodoro.com/
Grappomagno;https://www.grappomagno.it/
Gravity Lounge & Food;https://www.gravitylounge.it/
Gravità;https://gravitafoodlab.it/
Grazie Italia;https://www.pizzeriagrazieitalia-milano.it/
Greek Taverna;https://www.greektaverna.it/
Greekkeria - Greek Food & Pizza;http://greekkeria.plateform.app/
Green - Cocktail House;https://greencocktailhouse.my.canva.site/menu-web
Green And Grey Gelateria;https://www.instagram.com/greenandgrey.gelateria/
Green Bar;http://www.sportolistico.it/
Green Pizza Pinsa Poke & Grill;https://www.green-poke-grill.com/
Green Pub Rho;https://www.greenpubrho.it/
Grill Inn Store;http://www.grillinnstore.it/
Grillo Fuoco E Materia;https://grillofuocoemateria.it/
Grillo Orzi;https://www.ilgrilloparlanteorzinuovi.it/
Grillo Verde;https://www.facebook.com/GrilloVerdeMottaVisconti
Gusport;https://www.facebook.com/gusport.gussago/
Gustando Di Marra Giulio;https://ristorantegustando.it/
Gusto;https://www.gusto-food.eu/
Gusto Da Roma;https://www.trattoriagustodaroma.com/
Gusto Italian Taste;https://www.instagram.com/gusto_italiantaste
Gusto | Pasticceria Bar Caffetteria;https://gustoofficial.it/
Gyrosteria Da Yorgo;https://m.facebook.com/pages/Gyrosteria-da-Yorgo/119949808082117
Ha Chiuso;https://www.facebook.com/Caffettiamo-bar-desio-912863432136676
Habibi Libanese Originale;https://www.yahabibi.it/
Haikky Sushi & Noodle Bar Pavia;https://www.haikky.com/sushinoodle-bar
Haiku Fusion Restaurant;https://www.haikurestaurant.it/
Haki Asian Restaurant;https://www.hakicrema.com/
Hakka;https://hakkarestaurant.it/
Haldi Ristorante Indiano;https://www.instagram.com/ristorante.haldi
Hall Pub Brasserie - Crema;https://www.hallpub.it/
Hambery;https://www.hamberytreviglio.it/
Hamburgeria Bio A Brescia - Pollicino;https://www.ristobiopollicino.it/
Hamburgeria Corso Strada Nuova 5;https://corsostradanuova.com/
Hamburgeria Gold Pizzeria;https://hambugheriagoldpizzeria.it/
Hana Restaurant;https://www.hanarestaurant.it/
Hanami Fusion Restaurant;https://www.hanamipogliano.com/
Hanami Ristorante Giapponese;https://www.ristorantehanami.it/
Hanedan;https://www.hanedanitalia.com/
Hao Sushi Bar;https://kansaisushiasianic.wixsite.com/my-site/men%C3%B9
Happy Moments Restaurant;https://www.ristorantehappymoments.net/
Happy Ola;https://www.facebook.com/Happy-Ola-884821911588468/
Happy Pizza Di Ahmed Tanveer;https://instagram.com/happy_pizza_cantu
Happyeasy Cesate;https://www.happyeasy.it/
Haru Asian Fusion Restaurant - Baggio;https://www.harurestaurant.it/
Hayami;https://www.hayami-milano.it/
Hayashi Restaurant;https://www.ristorantehayashi.it/
Hazama;https://www.ristorantehazama.com/
Hedoné Ristorante & Lounge Cocktail Bar;https://www.hedonevimodrone.it/
Heguì - Taste of Asia;https://wa.me/message/ZYERJJ6VTG2NG1
Hellas - Rosticceria;https://www.facebook.com/Ellas.Rosticceria.Greca/
Hello Concept Store;https://www.helloconcept.it/
Hello Sushi - Sushi Bar;https://www.facebook.com/hellosushisondrio/
Hemingway Lecco;https://www.hemingwaylecco.it/
Hennesimo Bar;https://www.hennesimo.com/
Home Restaurant Laurafoodandmood;https://www.laurafoodandmood.com/
Homu;https://homusushimilano.wixsite.com/homu-sushi
Honey Badger Pub Restaurant;https://www.honeybadgerpub.it/
Hong Kong;http://www.ristorantehongkong.eu/
Hong Kong Crossover;http://www.hkcrossover.it/
Honoré;https://honore.it/honore-desenzano/
Honoré Lonato;https://www.honore.it/
Hony Sushi Restaurant;https://honysushirestaurant.com/
Hoopsbeer;https://hoopsbeer.com/
Hopduvel Milano - Birreria Artigianale Pub;https://www.facebook.com/hopduvelmilano/
Hortus Bergamo;https://barbergamo.it/
Host - Un Bel Posto;http://host.unbelposto.it/
Hostaria Cascina La Costa;https://www.hostarialacosta.it/
Hostaria Del Golfo;https://www.hostariadelgolfo.com/
Hostaria Del Teatro;https://www.hostariadelteatro.it/
Hostaria Il Cupolone;https://hostariailcupolone.it/
Hostaria La Carbonara;https://www.hostarialacarbonara.com/
Hostaria Mediterraneum;https://hostariamediterraneum.com/
Hostaria Terza Carbonaia;https://www.hostariaterzacarbonaia.it/
Hostaria Viola;http://www.hostariaviola.com/
Hosteria Aria;https://instagram.com/_hosteriaaria_
Hosteria Brescia;https://www.hosteriabrescia.com/
Hosteria Croce D'oro;https://www.facebook.com/share/1BdiEBGSsy/
Hosteria Girasole;https://www.facebook.com/Hosteria-Girasole-377431966221074/
Hosteria Sauris & Borc Da Bria;https://hosteriasauris.it/
Hot Road 50's Diner;https://hotroad50sdiner.it/
Hotel Albergo Trattoria Il Leone;https://www.trattoriailleone.it/
Hotel Bar Giambellino;https://hotel-bar-giambellino.migliorhotel.top/
Hotel Diana;https://www.hoteldianadarfoboarioterme.com/
Hotel Ferretti Majestic House;https://www.majestichouse.it/
Hotel Industria;http://www.lavelabs.it/
Hotel Industria & Ristorante La Nuova Vela;https://hotelindustria.com/ristorante
Hotel La Bergamina;https://www.hotelbergamina.it/
Hotel Locanda Primavera;https://www.locandaprimavera.it/
Hotel Ristorante 3 Re Srl Di Silvera Silvia E Raffaella & C.;http://www.hotel3re.it/
Hotel Ristorante Castello;https://hotel-ristorante-castello.migliorhotel.top/
Hotel Ristorante Trieste;http://www.hotel-trieste.com/
Hotel San Carlo;https://www.sancarlohotel.net/
Hotel Santa Barbara;http://www.hotelsantabarbara.it/
Hotel Vita: Ristorante, Pizzeria & Bar;https://www.vitasalo.it/
Hua Cheng;https://instagram.com/huacheng_milano
Hub - Good Food & Gaming Zone;https://hubgoodfood.it/
Hub Garibaldi;https://hubgaribaldi.it/
Hub Spa & Wellness Milano;https://www.hubspamilano.it/
Hygge;https://www.hyggecorner.com/
I 5 Campanili;https://www.5campanili.com/
I Baldi - Dal Forno Alla Cantina;https://www.daibaldi.it/
I Bracieri Parabiago;https://www.ibracieri.com/
I Bravi Ragazzi Pizzeria;https://alvolo.app/irp31b003361
I Compari;https://instagram.com/icomparidipioltello
I Cubetti;https://instagram.com/i_cubetti_milano
I Gelsi Ristorante;https://www.igelsigallarate.it/
I Marinai Di Napoli;https://imarinaidinapoli.it/
I Nostrani;https://www.inostrani.com/
I Peruvià.;https://www.xn--iperuvi-fwa.com/
I Poeti Del Gusto;https://www.ipoetidelgusto.net/
I Professori Della Pizza;https://www.instagram.com/iprofessori_dellapizza/
I Ricevimenti;https://www.i-ricevimenti.it/
I Sapori Del Sud;https://www.pizzeriamanuno.it/
"I Segreti Del Caffè ""Il Bar Dei Bimbi""";https://www.facebook.com/segretidelcaffe/
I Taglieri Del Re;https://www.taglieridelre.it/
I Testardi Mediterranean Soul;https://www.itestardi.net/
I Tre Denari;https://www.ristorantetredidenari.it/
I loft bistrò;https://linktr.ee/iloftbistro
IL FORNO Bakery & Café;https://instagram.com/piccolofornocaffetteria
IQOS RESELLER - Eni Cafè di via Padana Superiore;https://eniospitaletto.it/
ISTANBUL - KEBAB - PIZZA 🍕;https://www.instagram.com/istanbulkebabpizzasuzzara
Idnal Pizza E Kebab;https://www.facebook.com/Idnal-Pizza-Kebab-dasporto-612639785506951/
Ieuu Bistrot;http://ieuubarbistrotevent.it/
Ih Gusto Restaurant Milano;https://ihgustomilanolorenteggio.it/
Ika Caffè;https://instagram.com/_ika.caffe_
Iki Japanese Restaurant;https://www.ristoranteiki.com/
Il Bar Dei Germani;https://www.instagram.com/ilbardeigermani
Il Bar Di Morbegno;https://giorgiapedranzini.wixsite.com/ilbardimorbegno
Il Barbarossa;https://www.ilbarbarossa.it/
Il Baretto 1982;https://www.instagram.com/ilbaretto1982
Il Baretto Del Mercato Di Varese;https://m.facebook.com/ilBarettodelMercato/
Il Binario 69 • trattoria | pizzeria | hamburgeria;https://www.ilbinario69rho.it/
Il Bistrot Della Conti;https://instagram.com/ilbistrotdellaconti
Il Bistrò de il Castello;https://ilcastelloeventi.com/bistro-del-castello/
Il Bistrò di Lory & Luca;https://www.ilbistrodiloryeluca.it/
Il Bosco Di Ul Caminett;https://instagram.com/ulcaminett
Il Botteghino Crema;http://ilbotteghino.weebly.com/
Il Brigantino Milano;https://www.facebook.com/Il-Brigantino-1499511773597224/
Il Broletto;https://m.facebook.com/Irish-Pub-Il-Broletto-125066770886181/
Il Buco Della Signora;https://www.facebook.com/Ilbucodellasignora/
Il Buongustaio “Macelleria con Ristorante “;http://www.ilbuongustaioditrezzo.altervista.org/index.html
Il Buono Della Pizza;https://www.ilbuonodellapizza.it/
Il Cafetero Specialty Coffee Milan;https://ilcafetero.it/
Il Caffettino;https://www.instagram.com/ilcaffettino.limbiate/
Il Caffè Ambrosiano;http://www.torrefazione.eatbu.com/
Il Caffè della Piazza;https://www.facebook.com/pages/category/Cocktail-Bar/Il-Caff%C3%A8-della-Piazza-1327017290712776/
Il Caffè delle Pine;https://www.facebook.com/Il-caff%C3%A8-delle-pine-868673269839811/about
Il Camino Di Motta;https://www.ilcaminoinnocenti.it/
Il Camioncino Del Gelato;https://www.ilcamioncinodelgelato.it/
Il Cantino;https://www.ilcantino.it/
Il Cantinon Della Divizia;https://il-cantinon-della-divizia.eatbu.com/
Il Cantinone;https://cantinoneabbiategrasso.it/
Il Cantuccio Di Felipe;https://www.ilcantucciodifelipe.it/
Il Capriccio;https://pizzeriadaasporto.wixsite.com/pizzeriailcapriccio
Il Casottino Ristorante Pizzeria;https://ilcasottino.it/
Il Cavaliere - Pizzeria Con Cucina;https://ilcavalierepizzeriaconcucina.it/
Il Cavatappi Muzzarè & Wine;https://www.facebook.com/Cavatappi.muzzareewine/
Il Ceppo S.r.l.;http://parcocampodeifiori.it/
Il Chioschetto Calabrese;https://www.instagram.com/ilchioschettocalabrese
Il Chiosco Di Cerro;https://www.instagram.com/meta.bistrot
Il Ciliegino;https://ristoranteilciliegino.com/
Il Ciocco Steakhouse;http://www.il-ciocco.it/
Il Circolo Di Tornavento;https://www.instagram.com/il_circolo_di_tornavento/
Il Circolo Vizioso;https://circolobogno.it/
Il Corriere Della Pizza;https://www.ilcorrieredellapizza.com/
Il Cortile Dei Sapori Da Francesco;https://www.ilcortiledeisapori.com/
Il Cortile Di Gabry Osteria E Bar;https://ilcortiledigabry.it/
Il Cortile Di Lorenzo;https://ilsitodilorenzo.com/
Il Covo;https://il-covo.com/
Il Desco;https://www.ristoranteildesco.com/
Il Desiderio;https://ildesideriotrattoriaepizzeria.it/
Il Diamante;https://www.ristoranteildiamante.it/
Il Dollaro;https://www.pizzeriaildollaro.it/
Il Duetto;https://ilduettobustoarsizio.it/
Il Fabbrikone;https://www.facebook.com/Il-Fabbrikone-ex-Gekocafe-222052938441/
Il Falco 332;https://www.ristoranteilfalco332.it/
Il Farcito;https://ilfarcito.shop/
Il Faro;https://www.facebook.com/pages/category/Pizza-Place/Trattoria-Pizzeria-IL-FARO-1456221801286901/
Il Faro Lounge & Bistrot;https://www.instagram.com/ilfaro.lounge/
Il Feudo Dei Sapori;https://www.facebook.com/pages/Il-Feudo-dei-Sapori/122230971185163
Il Focacciaro;https://www.facebook.com/Il-Focacciaro-Melegnano-500377183411865/
Il Fornaio Corbella;https://www.facebook.com/Ilfornaiodilomazzo/
Il Fornaio Dei F.lli Colombo;https://www.colombofratelli.it/
Il Fornaio Di Radice Carlo Antonio;https://www.ilfornaiodiradice.it/
Il Forno Dei Sapori;https://ilfornodeisapori.it/
Il Forno Di Mario Tresoldi;http://www.ilfornodimariotresoldi.it/
Il Gallo Con Gli Stivali;https://ilgalloparabiago.com/
Il Gambero Ristorante Pizzeria;https://ristoranteilgambero.it/
Il Garibaldi | Ristorante a Cantù;https://ristoranteilgaribaldi.com/
Il Gatto E La Volpe;https://www.ilgattoelavolpemelzo.com/
Il Gattopardo - Ristorante Pizzeria Dalmine;https://www.pizzeriagattopardo.it/
Il Gelatiere Di Morbegno Dal 1986;https://www.ilgelatieremorbegno.it/
Il Gelato Giusto;https://www.instagram.com/ilgelatogiusto
Il Gelato Tra Le Nuvole Sas;https://www.facebook.com/ilgelatotralenuvole/
Il Germoglio;https://www.ilgermogliomerate.it/
Il Ghiottone 2 Nova M;https://ilghiottone2.it/
Il Ghiottone Pizzeria;http://allyoucanthink.it/ghiottone
Il Giardinetto Ristorante;https://www.ilgiardinettobergamo.com/
Il Giardino Dei Segreti;https://www.ilgiardinodeisegreti.it/
Il Giardino Del Custode, Bar E Bistrot Con Cucina;https://www.ilgiardinodelcustode.com/
Il Giuggiolo;https://griglieriailgiuggiolo.it/
Il Golfo Di Mondello;https://ristorantegolfodimondello.it/
Il Grissino;https://www.ristoranteilgrissino.it/
Il Guscio Center - Store Opportunity;https://www.facebook.com/Store-Opportunity-Il-Guscio-Center-171957979630092/
Il Laboratorio Del Gelato;https://instagram.com/illaboratorio_delgelato
Il Liberty;https://www.il-liberty.it/
Il Mago Della Pizza;https://ilmagodellapizza-cantu.it/
Il Mansio Vegan Suites & Restaurant;https://www.ilmansio.net/
Il Mar Rosso;https://www.ilmarrossoristorante.com/
Il Marchese Del Grillo Ristorante;https://www.ristoranteilmarchesedelgrillo.it/
Il Marchese Milano;https://ilmarchese.it/
Il Mare 2;https://itplaces.me/il-mare-2-579892-it
Il Mediterraneo;https://itplaces.me/il-mediterraneo-717779-it
Il Modernista;https://www.facebook.com/ilmodernista/
Il Molo;http://www.ristorante-ilmolo.com/
Il Molo 1;https://www.ilmolomilano.it/
Il Momento - Mom - San Raffaele;https://www.instagram.com/ilmomento_restaurantcafe/
Il Moro;https://www.ilmororistorante.it/
Il Moro 3;https://ilmoro3.com/
Il Moro soul food & cafè;https://www.ilmorosoulfood.it/
Il Moscardino Innamorato;https://www.ilmoscardinoinnamorato.it/
Il Muretto - Bar E Gelateria;https://ilmurettogavirate.it/
Il Napoleone All'allea - Ristorante Pizzeria Ad Abbiategrasso;https://www.ristoranteilnapoleone.it/
Il Nuovo Caffè Mazzini;https://instagram.com/ilnuovocaffemazzini
Il Nuovo Circolo Mariano;https://circolomariano.it/
Il Nuovo Secolo;https://fusionrestaurantilnuovosecolo.it/
Il Pacchero 2.0;https://ilpaccheroduepuntozero.it/
Il Pane2.0;https://il-pane20.metro.bar/
Il Pashà | Ristorante Pizzeria - Fino Mornasco;https://pasharisto.com/pasha-ristorante-pizzeria-fino-mornasco/
Il Peperoncino;https://www.facebook.com/Peperoncinocasalpusterlengo/
Il Pescaluna;https://il-pescaluna.eatbu.com/
Il Pescatore Ristorante Di Pesce;https://www.ilpescatoreristorantedipesce.it/
Il Piccolo Bar;https://m.facebook.com/pages/category/Bar/Il-piccolo-bar-di-Enzo-236896156670866/
Il Piccolo Cuoco Pizzeria Al Trancio;https://ilpiccolocuocopizzeriaaltrancio.it/
Il Pioppeto;https://il-pioppeto.eatbu.com/
Il Pizzaiolo;https://www.ilpizzaioloitaly.com/
Il Pizzificio;https://www.facebook.com/Ilpizzificio-110823754083344/
Il Pizzorante;https://www.ilpizzorante.it/
Il Portico;https://m.facebook.com/pages/Il-Portico/104013819712510
Il Porticone Brescia;https://ilporticone.it/
Il Posto;https://www.ilpostodesenzano.com/
Il Povero Piatto;https://ilpoveropiatto.it/
Il Primo Ristorante;https://www.ristoranteilprimo.it/
Il Principe - Self Service Interaziendale;https://www.lombardaristorazione.it/
Il Punto D'incontro;https://www.puntodincontro.org/contatti.htm
Il Punto Giusto;https://ilpuntogiusto.com/
Il Punto Pizza;http://www.facebook.com/puntopizzagussago2
Il Quadrifoglio;https://www.facebook.com/Il-Quadrifoglio-635190816830492/
Il Regno Della Pizza;https://www.facebook.com/IlRegnoDellaPizzaRho/
Il Riccio Di Mare;https://www.ilricciodimare.com/
Il Ristangolo;https://www.facebook.com/ilristangolo/
Il Ristorante Di Paolo;https://m.facebook.com/ristorantedimelegnano/
Il Ritrovo;https://www.facebook.com/oratoriocarpenedolo/
Il Ritrovo 2.0;https://www.ilritrovoduepuntozero.it/
Il Rondò antica osteria con scrocchia;https://ilmenudelrondo.weebly.com/
Il Salumaio Di Montenapoleone - Since 1957;https://www.ilsalumaiodimontenapoleone.it/
Il Santo Bevitore;https://www.ilsantobevitoremilano.it/
Il Sorpasso Wine Bar;https://ilsorpassowinebar.com/
Il Tempio Del Cannolo;https://iltempiodelcannolo.it/
Il Tempio Gluten Free;https://iltempioglutenfreeshop.com/
Il Tortellino D'oro;https://iltortellinodoro.com/
Il Trancio Rosso Pizzeria Pinseria Di Botros (emad/hermina);https://iltranciorosso.it/
Il Vecchio Cotonificio;https://www.ilvecchiocotonificio.it/
Il Vero Gelato Brugherio;https://www.ilverogelato.com/
Il Vesuvio;https://1k2v.short.gy/ilvesuvio
Il Vicolino Del Paninaio;https://ilvicolinodelpaninaio.it/
Il caffè della peppina;https://www.instagram.com/ilcaffedellapeppina25
Imbarcadero;https://imbarcaderopv.com/
Imbarcadero Lecco;https://www.instagram.com/imbarcaderolecco
Imbufalita;https://www.imbufalita.it/
Immorale Osé - fine dining - restaurant - natural wines;https://www.immorale.org/
Imo Sushi Ristorante;https://www.facebook.com/share/1AexEcCDUg/
Impastix;https://www.impastix.com/
Imperator Ii Pizzeria Kebap Milano;https://imperator-kebap.com/
Impero Abbiategrasso - Ristorante Sushi;https://www.imperoristorante.it/
Impero del caffè;https://www.imperodelcaffe.it/
In & Out Pizzeria E Pasticceria;https://www.inouttradate.it/
In Bottega - Coffee Tea Food & Wine;https://www.instagram.com/la_bottega_caffe_and_more/
In Piadineria;https://linktr.ee/in_piadineria
In Piazza;https://www.inpiazzaaffori.it/
In The Right Place;https://www.alpostogiusto.net/
In-perfezione Bar Ristorante Chalet;https://www.granello-coop.com/servizi/cooperativatipob/barristorante/
Inari Sushi Restaurant;https://inarisushicantu.it/
Industrial 14;https://www.facebook.com/pages/category/Pizza-Place/Industrial-14-651016532024563/
Industrial Cafè;https://www.instagram.com/_industrial.cafe_
Inedito Pizzeria;https://www.ineditopizzeria.it/
Infinito club prive’;https://www.infinitoclubmilano.com/
Infinity Pizza No Stop Voghera;https://infinitypizzanostop1.com/
Infinity Ristorante Pizzeria;https://infinity.metro.biz/
Inoltre;https://inoltrecarugate.it/
Instant;https://www.instantlecco.it/
Into The Woods;https://www.intothewoods.it/
Intrecci Ristorante;https://www.intrecciristorante.it/
Invito Più;https://www.invitopiu.com/
Io Sono Bbq;https://www.iosonobbq.com/
Ipanema Ristorante Pizzeria;https://it-it.facebook.com/ipanema.cuggiono
Ipiros Greek Fast Food;https://www.facebook.com/Ipiros-Greek-Fast-Food-piazza-Della-Vittoria-8D-Pavia-176061553004270/
Irish Pub;http://www.irishpubsaronno.weebly.com/
Irori Sushi At Home And Restaurant;https://www.irorisushi.it/
Ishi Oji;https://www.ishifusion.it/
Isola Dei Sapori;http://www.isoladeisaporicassano.com/
Ispira / Il Miracolo 2;http://toctocfood.com/miracolo_2
Istanbul Kebab;https://www.istanbulkebappizza.com/
Istanbul Kebap Caronno;https://instagram.com/istanbulcaronnokebap
Istanbul Kebap Clusone;https://www.istanbulturkishkebapclusone.it/
Istanbul Kebap Pizza;https://www.istanbulpizzakebabcarpenedolo.com/
Istanbul Kebap Restaurant;https://istanbulkebap.shop/
Istanbul Kebap Turkish;https://instagram.com/istanbul_arcisate_kebap
Istanbul Melike Kebap Stazione Binario 1;https://m.facebook.com/Turkish-%C4%B0stanbul-Melike-kebap-Pizza-112520897210598/
Istanbul Pizza & Kebap;https://istanbulkebaplissone.it/
Istanbul Ravizza Kebap;https://m.facebook.com/kanbersaban/
Istanbul Stezzano Kebap Pizza;https://www.facebook.com/Turkish-City-Stezzano-1639064392904926/
Istanbul Turkish Kebap -terno D'isola;https://www.istanbulturkishkebap-ternoisola.it/
Istanbul Turkish Kebap Trescore;https://www.istanbulturkishkebaptrescore.it/
Istanbul Turkish Pizza Kebap Grill;https://deliveroo.it/menu/milano/oggiono-calolziocorte/istanbul-turkish-pizza-kebap-grill-corso-europa-17
Italcrockyfood;https://www.instagram.com/italcrockyfood
Italian Bakery;https://m.facebook.com/italianbakerymilano/
Italiano Verace;https://instagram.com/italianoverace
Italio;https://italiomilano.it/
Italy Pizza Kebab;https://italypizzakebab-vimodrone.it/
Ito Sushi_costa Volpino;https://www.facebook.com/itosushicostavolpino/
Itoi Asian Creative Experience;http://www.itoi.it/home
Itoya;https://www.instagram.com/itoya_varese
Izakaya By Fresh Ramen;https://www.izakayabyfreshramen.it/
Izumi;https://www.izumi.it/
J & D Bar Kebab Pizzeria Di Asporto;https://j-d-kebbab-pizzeria-bar.netlify.app/
Jacaré;https://info907667.wixsite.com/listajacare
Jamaica Milano | Home Restaurant;https://www.jamaicanchef.it/
Jd Ristorante Cinese;https://jdristorantecinese.it/
Je Suis Jambon;https://linktr.ee/jesuisjambon
Jhd Dunant Hotel;https://dunanthotel.it/
Jin Mai;https://www.jinmai.it/
Jin Yong;https://jin-yong.business.site/
Joe's American Smashburger - Mercato Centrale Milano;https://joesamericanbbq.com/
Jollof Lake Como;https://www.facebook.com/jolloflakecomo
Jolly;https://www.facebook.com/jollypizzeriaristorante/
Jolly Due;https://jollydue.it/
Julep;http://www.facebook.com/JULEP-490875800982989
Jun Oriental Taste;https://junorientaltaste.wixsite.com/website
June Collective;https://www.junecollectivemilano.com/
Just Hotel Lomazzo;https://www.justhotelgroup.it/just-hotel-lomazzo/
Just India Indian Restaurant;https://just-india.it/
Jìjì Cafè Momùs;https://massijiji7.wixsite.com/jijicafemomus
K2 Since 1983 Kebab E Pizza Tacos Chicken;https://www.k2since1983.com/
Ka'fe Maciao;https://m.facebook.com/Kafemaciao/
Kaikaya;http://leonardolascala9.wixsite.com/kaikaya
Kaioken;https://www.kaioken.it/
Kaisen;https://www.kaisenrestaurant.com/
KaixuánLóng;https://www.kaixuanlong.it/
Kaleidos Bar - Food, Drinks, Sound And Caffe;https://www.kaleidosbar.it/
Kalica Pizzeria della Solidarietà;https://kalica.it/
Kalispera Café;https://www.kalisperacafe.it/
Kami Sushi;https://m.facebook.com/kamisushi1/
Kammafà;https://itplaces.me/kammafa-627207-it
Kandoo Restaurant;https://www.kandoosushimilano.it/
Kaori Japanese Restaurant - Lissone;https://www.kaorisushi.it/lissone
Kaori Japanese Restaurant - Milano;https://www.kaorisushi.it/milano
Kappa Due Dalmine;https://kappaduedalmine.it/
Kappou Ninomiya;https://www.kappou-ninomiya.com/
Karadeniz Pizzeria-kebap Voghera;https://m.facebook.com/pages/category/Pizza-Place/Karadeniz-pizzeria-kebap-1801985966739652/
Kardmum Junction;https://www.kardmumjunction.com/
Karma Ristorante Pizzeria;https://www.karmaristorantepizzeria.com/
Kasama;https://www.instagram.com/tarasa.kasama
Kashmir Grill House;https://www.google.com/search
Kazan Sushi;https://www.kazansushibaggio.it/
Kebab;https://turkishkebapgrill.blogspot.it/
Kefakoffee, Kefa Coffee + Fusion&bio;https://www.facebook.com/kefakoffee/
Kenzu;http://www.kenzusushi.it/
Ker Restaurant;https://taacdelivery.it/
Kila Lounge Bar;https://instagram.com/kila_lounge_bar
Kimiya Sushi;https://www.kimiyasushi.it/
Kimos;https://www.facebook.com/Kimos-Pizzeria-1657398211184086/
Kimuya Japanese Restaurant;https://www.kimuyarestaurant.com/
Kindii Baan Thai;https://www.kindii.it/
King Doner Kebab Pizzria;https://wa.me/message/K6XZJYV2NPD3K1
King Flower Milano;https://www.instagram.com/king_flower_milano_
King Palace;https://www.kingpalace.it/
Kinka Cucina Peruviana;https://kinka.it/
Kino Bar Bistrot;https://www.kinobar.it/
Kiosko;https://www.facebook.com/kioskobarbustogarolfo/
Kiran;https://kiranristoranteindiano.it/
Kisen Milano;https://www.kisensushi.it/
Kisen Sushi - Busto Arsizio;https://www.kisenbusto.com/
Kiyo Sushi;https://wangsushi.wixsite.com/wangsushiliscate
Kiyomi Ristorante Sushi Giapponese Cinese - Castiglione D/s;https://castiglione.ristorantekiyomi.eu/
Kiyomi Suzzara;https://m.facebook.com/pages/category/Restaurant/Kiyomi-400004903830691/
Kizuna;https://www.sushikizuna.it/menu/
Klimo's Pub;https://m.facebook.com/klimospub/
Ko.bo Food;https://www.kobofood.com/
Kobe Sushi Restaurant;http://kobeticinese.it/
Koicha Room;https://www.koicharoom.it/
Kokoro Sushi Restaurant;https://www.kokorosushi.eu/
Komenn Thai;https://www.instagram.com/komennthai2008
Konnubio Milano;https://www.konnubiomilano.it/
Kopi Club;https://www.theoldkopiclub.com/
Korean Restaurant Sun Renshun;https://ristorante-coreano-sun-renshun.it/
Koukounari Cafè;https://koukounari.eatbu.com/
Kraken Factory;https://www.krakenfactory.it/
Kral Pizzeria Kebap Grill Bar;https://www.facebook.com/Alaturcakebapbarpizzeria/
Kristal Garden Restaurant;https://kristalgardenrestaurant.my.canva.site/
Ku Laveno Club By El Gaucho;https://www.kubyelgaucho.com/
Ku-cina;https://www.ku-cina.it/
Kujira Restaurant;https://kujirarestaurant.it/
Kujira Sushi Restaurant Viadana;https://kujira-suhi-viadana.eatbu.com/
Kusina Ni Lodi;https://www.facebook.com/franco.angulo2
Kyoto~sushi Restaurant;https://www.kyotomorbegno.it/
Kyubi;https://www.kyubi.it/
Kàles;https://www.kaleswine.it/
L'Amùri Sicilian Restaurant Milano;https://www.lamuri.it/
L'Angolo del Pane e del Caffè;https://m.facebook.com/langolodelpanedelcaffe/
L'agricola;https://www.l-agricola.com/
L'alambicco - New Management;https://www.facebook.com/alambicco.besozzo/
L'aldo - Brixiae - Food, Drink And More;https://www.laldo.it/
L'alternativa Pizza Wine & Food Mini Bistrot Di Colombo Mirko;https://www.facebook.com/groups/34321907940/
L'altra Pizzeria Da Federico;https://www.laltrapizzeria.it/
L'anadot;https://ristorantelanadot.it/
L'ancora - Ristorante Di Pesce E Pizzeria Forno A Legna Milano;https://www.ristorantelancora.it/
L'angolo Bar Ristorante;https://www.langoloristorante.com/
L'angolo Del Fuori Orario;https://www.facebook.com/pages/Langolo-Del-Fuori-Orario-Di-Carugo-Mauro/138059696240466
L'angolo Del Gelato;https://m.facebook.com/pg/Langolo-del-gelato-240456869498658/about/
L'angolo Del Gusto;http://langolo-del-gusto.metro.biz/
L'angolo Del Gusto - Pane Fresco, Torte Di Compleanno, Pizza Al Taglio, Salumi E Rinfreschi;https://angolodelgusto.shop/
L'angolo Della Fragranza;https://www.langolodellafragranza.it/
L'angolo Della Pizza;https://langolodellapizza-sedriano.it/
L'angolo Della Pizza - Pizzeria Da Asporto;https://iacoposcattolini.wixsite.com/website-1
L'angolo Pizzosteria;https://www.pizzosteria.com/
L'anlot E Oltre...;https://www.anloteoltre.com/
L'antica Pizza;https://www.lanticapizzavimodrone.it/
L'antica Salumeria Di Pagani Massimo;https://anticasalumeriapagani.it/
L'antica Vigna Brescia;https://www.facebook.com/LAntica-Vigna-1774289839534192/
L'apetito;https://www.lapetito.com/
L'appetito Vien Mangiando;https://www.appetitovienmangiando.com/
L'arcobaleno;https://www.arcobalenobrescia.it/
L'arte Del Trancio Rho;https://www.instagram.com/lartedeltranciorho/
L'artigiano Del Gusto;https://www.facebook.com/LartigianoDelGelato
L'artigliere Ristorante;https://artigliere.net/
L'artista Della Pizza;https://artistadellapizzamenu.netlify.app/
L'aurora Pizza E Cucina;https://www.pizzeriaaurorapavia.it/
L'ek Bistrot;https://www.lekbistrot.it/
L'hamburger Del Contadino Chiari;https://hamburgerdelcontadino.it/
L'impasto - Pasta, Pane E Cucina;https://limpasto.weebly.com/
L'imperfetto;https://www.facebook.com/Limperfetto-553591994652883/
L'insolita Pescheria;http://www.linsolitapescheria.it/
L'isola Del Tesoro;https://www.ristoranteisoladeltesoro.it/
L'oasi Del Gusto;https://oasidelgustoabbiategrasso.com/
L'oasi Del Gusto 2;https://www.loasidelgusto.it/
L'officina Dei Sapori;https://www.lofficinadeisapori.it/
L'oste;https://www.lostecremona.com/
L'osteria;https://www.losteriarizzi.it/
L'ottavo Nano;https://www.facebook.com/lottavonano.gelateria/
L'ottavo Nano (solo Pizza);https://www.facebook.com/LOttavoNanoBrescia
LAIM Bar - Salò;https://laimbar.it/
LANGELLA RISTORAZIONE- ÉLITE CAFÈ;https://www.langellaevent.com/
La Baia Casalmaggiore;https://www.baiacasalmaggiore.it/
La Baita Dei Sapori Del Sud;https://instagram.com/labaitadeisaporidelsud
La Bakery No Bakery;https://www.labakerynobakery.com/
La Bandiera;https://labandera.eu/
La Baracca;https://www.birrerialabaracca.com/
La Baracca Bresso;https://instagram.com/la.baracca.bresso
La Bella Napoli Pizzeria;https://www.labellanapolipizza.it/
La Bergamasca;https://www.labergamasca.it/
La Birreria;https://www.labirreriaconcucina.it/
La Boa;http://www.facebook.com/pages/Bar-La-Boa/187306664679109
La Bodega Argentina;https://www.labodegaargentina.it/
La Bodeguita Del Medio;http://www.labodeguitadelmedio.it/
La Boheme - Terrazza Avav;https://myboheme.it/
La Bottega - Lainate;https://labottegalainate.it/
La Bottega Del Gusto;https://labottegadelgusto-cerro-maggiore.it/
La Bottega Del Pane;https://labottega-morbegno.it/
La Bottega Del Pasteto;https://www.ilgrigio.org/
La Bottega Del Pesce;https://m.facebook.com/pages/category/Deli/La-bottega-del-pesce-789163804514709/about/
La Bottega Del Vino Enoteca Cusano Milanino;https://www.enotecalabottegadelvino.it/
La Bottega Della Pizza;https://labottegadellapizzasesto.com/
La Bottega Delle Ombre;https://www.bottegadelleombre.it/
La Bottega Di Norcia E Amatrice;https://www.labottegadinorciaeamatricegorgonzola.it/
La Bottega del Caffè;https://www.facebook.com/labottegadelcaffecorbetta/
La Bottega del Caffè Srl;https://www.facebook.com/pages/La-Bottega-Del-Caffe/112128795513378
La Bottiglieria Rabaja;https://www.bottiglieriarabaja.com/
La Brace;https://www.labracegriglieria.it/
La Braceria Di Romano;https://itplaces.me/la-braceria-di-romano-578452-it
La Brasa Osteria;https://labrasaosteria.com/
La Braseria;https://www.la-braseria.com/
La Briciola;https://www.labriciolavineriaprodottipugliesi.it/
La Bruschetta;https://www.ristorantelabruschetta.com/
La Buatta Del Kangaroo;https://www.labuattadelkangaroo.com/
La Buongustaia Caffetteria Pasticceria Di Naty Bernardo;https://www.labuongustaia1993.it/
La Cadrega 62 Pioltello;https://www.instagram.com/la.cadrega.62/
La Cafferia;https://www.instagram.com/lacafferia_como/
La Caffetteria;https://m.facebook.com/lacaffetteria.cantu/about/
La Caffetteria Di Gangarossa Franca;https://www.facebook.com/lacaffetteriadiDesio/
La Caffettteria Dell'orologio;https://negozi.sisal.com/my-sisal/arluno-via-vittorio-alfieri-8
La Cambusa Bistrot;https://ristorantelacambusa.eu/
La Campagnola Trattoria-pizzeria;https://www.lacampagnolainduno.it/
La Cantina;https://instagram.com/lacantinamilano
La Cantina Dei Piazza;https://www.instagram.com/lacantinadeipiazza/
La Cantina Del Giannone;https://www.lacantinadelgiannone.com/
La Cantina Di Lole;https://www.lacantinadilole.it/
La Cantina Paderno Dugnano;https://lacantinapaderno.com/
La Capsuleria Mantova;https://www.allegricaffe.com/
La Capsuleria Montichiari Di Barezzani Amelia;https://montichiari.info/
La Carbonaia 90;https://www.lacarbonaia90.it/
La Carnazza Grill;https://www.lacarnazzagrill.com/
La Casa Del Gelato;https://lacasadelgelatodicovellilaura.it/
La Casa Del Partigiano;https://www.facebook.com/ilcircolodirescaldina/
La Casa Nel Bosco;https://www.casanelbosco.it/
La Cascina Dei Sapori;https://www.lacascinadeisapori.it/
La Casetta;https://www.facebook.com/bar.lacasetta.bareggio/
La Casita Comfort Food;https://www.facebook.com/share/18aEx5iRQs/
La Cava Dei Sapori Como;https://lacavadeisapori.it/
La Caveja - Piadineria;https://www.inpiada.it/
La Chola;https://linktr.ee/lacholabustoarsizio
La Cialderia;https://www.lacialderia.it/
La Cina;https://lacinacernusco.it/
La Classe Dei Malti;https://m.facebook.com/pages/category/Bar/Bar-Clipper-1294336140740948/
La Collina D'oro;https://www.lacollinadoro.com/
La Combriccola Di Stefano Zani;https://www.facebook.com/lacombriccoladivico
La Compagnia Del Luppolo - Legnano;https://www.lacompagniadelluppolo.it/
La Conca D'oro;http://conca-doro-casorate-primo.eatbu.com/
La Conchiglia Magenta;https://www.facebook.com/Laconchigliamagenta/
La Cornucopia;https://www.osteriapizzerialacornucopia.it/
La Corte Dei Prim;https://lacortedeiprim.it/
La Costa Azzurra;https://www.facebook.com/100067676897399/
La Cucina Dei Frigoriferi Milanesi;https://www.lacucinadeifrigoriferimilanesi.it/
La Cucina Di Igor - Ristorante Di Carne Milano;https://lacucinadigor.it/
La Cucina Di Kalan;https://www.kalancentro.it/
La Cucina Di Nonna Lavinia;https://bistrotlavinia.wixsite.com/cucinanonnalavinia
La Cucina Di Villa Ghirlanda;https://lacucinadivillaghirlanda.it/
La Cueva Dei Pirati;https://it-it.facebook.com/lacuevadeipirati
La Cuoca E Il Poeta;https://www.lacuocaeilpoeta.it/
La Dama Del Porto - Ristorante E Camere;https://www.ladamadelporto.com/
La Dispensa;https://ladispensabistrot.it/
La Dispensa Toscana;https://www.ladispensatoscana.blogspot.com/
La Dolce Vita - Cucina Romana & Griglieria;https://www.ladolcevitabrugherio.it/
La Dolce Vita Bakery Cafè;https://barladolcevitalentate.it/
La Dolcelia;https://www.ladolcelia.it/
La Fabbrica Dei Sapori;https://www.lafabbricadeisapori.it/fabbrica-dei-sapori-sushi-buccinasco-wok/
La Fabbrica Dei Sapori Monza;https://www.lafabbricadeisapori.it/
La Falegnameria;https://www.falegnameriabrescia.com/
La Family;https://lafamilypizza.it/
La Favola;https://www.facebook.com/Pizzeria-La-Favola-Paderno-909613069056508/
La Fenice;https://lafenicechiari.top/
La Forneria Café;https://www.ilfornaiocanegrate.it/
La Fortuna;https://lafortunalodi.com/
La Fossa;https://www.nuovaosterialafossa.it/
La Freccia Nera;http://www.facebook.com/publaFreccianera/
La Garbatella;https://lagarbatella.wordpress.com/
La Gastronomia Di Tradate;https://lagastronomiaditradate.it/
La Gemma;http://www.facebook.com/pages/Osteria-La-Gemma/306549129435609
La Genuina;https://www.facebook.com/pizzerialagenuina/
La Gioia San Marco;https://www.lagioiasanmarco.com/
La Gioiosa;https://www.instagram.com/pizzerialagioiosaruginello/
La Gnammeria;https://lagnammeria.it/
La Grande Italia;https://lagrandeitalia.it/
La Griglia Da Italo;http://www.lagrigliadaitalo.it/
La Isla;https://islaitalomex.it/
La Lanterna;https://lanterna-bernareggio.com/
La Lanterna Ristorante Pizzeria;https://lalanternadilonato.it/
La Latteria Taverna;https://instagram.com/lalatteriataverna/
La Libera;https://lalibera.it/
La Locanda Armonia;https://www.locanda-armonia.it/
La Locanda Concesio;https://instagram.com/la_locanda_concesio
La Locanda Del Gianpy;http://www.lalocandadelgianpy.metro.rest/
La Locanda Del Pastaio;https://www.locandadelpastaio.it/
La Locanda Del Tempo Perso;https://www.lalocandadeltempoperso.com/
La Locomotiva;https://www.barlalocomotiva.it/
La Lucciola;https://www.facebook.com/Trattoria-La-Lucciola-103345471321232/
La Luppoleria;https://la-luppoleria-codogno.eatbu.com/
La Madonnina;http://www.lamadonnina.it/
La Maison D'andre;https://instagram.com/lamaisondandre
La Maison Des Delices;https://lamaisondesdelices.it/
La Margherita Pizza;https://www.lamargherita-sestosangiovanni.it/
La Marinara;https://www.lamarinararestaurant.it/
La Masseria Ristorante Pizzeria;https://www.ristorantelamasseriamilano.com/
La Mentuccia;https://www.ristorantelamentuccia.com/
La Meza;https://lameza.it/
La Mongolfiera;http://www.ristorantelamongolfiera.it/
La Mongolfiera Cotoletteria;https://lamongolfierabrugherio.it/
La Muraglia;https://www.facebook.com/share/18j3LHQox4/
La Muratella - La Location Per I Tuoi Eventi;https://muratella.com/
La Noodleria;https://lanoodleria.it/
La Nuova Bottega Delle Cialde;https://www.lanuovabottegadellecialde.com/
La Nuova Casetta Ristorante Pizzeria;https://www.lanuovacasetta.com/
La Nuova Mergellina;https://www.lanuovamergellina.com/
La Nuova Primavera;http://www.lanuovaprimavera.it/
La Nuova Toscana;https://m.facebook.com/pages/da-Pasquale-Pizzeria-La-Nuova-Toscana/121922151204047
La Nuvoletta Da Antonio Pensione - Trattoria - Pizzeria;http://lanuvoletta.metro.rest/
La Nùs Bistrot;https://it-it.facebook.com/lanusbistrot
La Pada;https://www.lapada.it/
La Padellaccia;https://www.lapadellacciavigevano.it/
La Pagoda;https://www.lapagodadalmine.it/
La Pagoda Lounge Bar;https://lapagodalounge.it/
La Pantera Rosa - Pizza E Burger;https://www.lapanterapizzaburger.it/
La Partenope;https://www.facebook.com/pages/Pizzeria-La-Partenope/1576185162667521
La Passeggiata La Vera Pizza Del Golfo;https://pizzerialapasseggiata.myadj.it/v/pizzerialapasseggiata
La Pasteria;https://lapasteriabesana.it/
La Pastorella;https://www.facebook.com/PizzeriaLaPastorella
La Patrona;https://www.lapatronaristorante.it/
La Pecora Nera Sondrio;https://m.facebook.com/La-Pecora-Nera-pagina-ufficiale-155246794568804/
La Pena;https://www.lapenavigevano.it/
La Pepita D'oro;https://www.facebook.com/roberto.longhi.16
La Perla Blu;https://ristorantelaperlablu.com/
La Pertegheta;https://lapertegheta.it/
La Piada;https://www.instagram.com/lapiadaditrava
La Piada Di Una Volta;https://www.lapiadadiunavolta.it/
La Piadina Della Pecora Nera;https://www.facebook.com/lapiadinadellapecoranera/
La Piadina Restaurant;http://www.facebook.com/lapiadinadiboario
La Piadineria Di Elena E Marco;https://www.instagram.com/piadineria_di_alele_e_marco
La Piana Ristorante;https://www.lapianaristorante.it/
La Pianta;https://www.facebook.com/LaPiantadiAffori/
La Piazzetta;https://www.lapiazzettaoggiono.it/
La Piazzetta Di Tornavento;https://lapiazzettaditornavento.eu/
La Piazzetta Pizzeria Con Cucina;https://instagram.com/lapiazzettapizzeriadal1985
La Piedigrotta Varese;https://www.piedigrottavarese.it/
La Pietra Bianca;https://ristorantelapietrabianca.com/
La Pineta;https://www.lapinetadilimbiate.it/
La Pinseria- La Vera Pinsa Romana (anche Gluten Free);https://instagram.com/lapinseria_brescia
La Piola;https://lapiola.it/
La Pizza A Modo Mio - Dario De Santis;https://www.dariodesantis.art/
La Pizza Dello Zio Sem;https://m.facebook.com/LaPizzaDelloZioSem/
La Pizza Di Davide Boschini;https://www.lapizzadidavideboschini.it/
La Pizza Di Federico;https://www.facebook.com/Pizzadifederico/
La Pizza Loca;https://www.lapizzaloca.it/
La Pizzicheria2;http://lapizzicheria.datadeo.it/
La Plancia;http://www.laplancia.it/
La Porta Antica;https://www.laportaantica.it/
La Porta Rossa Milano;https://ristorantepugliesemilano.it/
La Posta;https://www.facebook.com/La-posta-204475609997817/
La Posteria;https://www.laposteria.it/
La Posteria Di Nonna Papera;https://www.laposteriadinonnapapera.com/
La Primula;https://www.laprimulaloungebar.it/
La Puccia Di Poldo;https://facebook.com/francesco.francesco.965/
La Quiete Bistrot;https://www.ristorantecannealvento.it/
La Refezione;https://www.larefezione.com/
La Regina Pizzeria;https://www.facebook.com/Pizzeria-le-Regina-181334830239479/
La Rinascita;https://m.facebook.com/people/La-Rinascita/100063509956127/
La Rocca Di Rodengo;https://www.laroccadirodengo.it/
La Rosa Blu;https://www.instagram.com/la_rosa_blu_bar/profilecard/
La Rosa Blu Pizzeria Ristorante;https://www.ristorantepizzeriafossano.it/
La Rotonda Di Lomazzo;https://www.rotondadilomazzo.it/
La Ruota;https://www.laruotagallarate.it/
La Ruota* Pizzeria Ristorante;https://pizzeria-laruota.it/
La Rustica;https://www.pizzerialarustica.it/
La Rustica Ristorante Pizzeria Braceria;https://www.larusticapizzeria.it/
La Scala;https://m.facebook.com/pages/category/Pizza-Place/Ristorante-Pizzeria-La-Scala-1471363966256186/
La Scaletta Bistrot;https://www.instagram.com/lascaletta_bistrot/
La Scarpetta;https://www.facebook.com/Visconti22/
La Scarpetta Gastronomia;https://instagram.com/la.scarpetta.gavirate
La Schiaccinoteca Toscana;https://laschiaccinotecatoscana.it/
La Schiscetta;https://instagram.com/la.schiscetta
La Scommessa;https://pizzerialascommessa.it/
La Sesta Cornice By Valentina Ghiroldi;https://lasestacornice.it/
La Situa;https://www.instagram.com/lasitua.casti/
La Situazione;https://www.ristorantelasituazione.it/
La Sosta;https://www.lasostaristorante.it/
La Sprelunga;https://www.lasprelunga.it/
La Sprizzeria;https://www.lasprizzeria.it/
La Stella Di Rozzano;https://www.green-ict-safe.me/gdfwh893jkwsnbdAaw12hk7897'/index.html
La Stella | Pizza Da Asporto E Domicilio | Oggiono;https://pizzeria-stella.it/
La Stua Del John;http://www.johncaffe.it/stuadeljohn
La Suprême;https://www.facebook.com/groups/51096566905/
La Svolta;https://www.lasvoltaristorantepizzeria.it/
La Svolta Pizza Piadina;https://www.facebook.com/lasvoltacomo
La Tana;https://latanacomo.it/
La Tana Da Mario;https://m.facebook.com/pages/La-tana-da-Mario-Gianico/198239463629204
La Tana Del Lucio;https://www.latanadellucio.com/
La Tana Del Lupo Griglieria;http://latanadellupogriglieria.it/contatti.html
La Taskeria Bicocca;https://www.instagram.com/lataskeria_bicocca
La Tasteria Milano - Eccellenze Siciliane;https://latasteriagourmet.it/
La Taverna;https://www.latavernadigiussano.com/
La Taverna Degli Arna;https://www.latavernadegliarna.it/
La Taverna Della Trisa;http://www.tavernadellatrisa.it/
La Taverna Di Boe;https://m.facebook.com/tavernaboevoghera/
La Tavola;https://ilporticciolo.com/en/ristoranti/la-tavola/
La Teglia;https://www.instagram.com/lategliadimerate/
La Teglia Di Affori;https://m.facebook.com/lategliadiaffori/
La Terrazza;https://www.ristorantelaterrazzavarese.com/
La Terrazza Jacolia;http://la-terrazza-jacolia.jany.io/
La Tisaneria;https://www.facebook.com/La-Tisaneria-232678483504115/
La Trattoria Da Salvatore;http://trattoriamontichiari.myadj.it/
La Tua Osteria;https://www.instagram.com/latuaosteria
La Valle Pizzeria;https://lavallepizzeria.eatbu.com/
La Valletta Sporting Club;https://www.menudigitale.io/la-valletta-sporting-club
La Vecchia Fiorentina;https://lavecchiafiorentina.it/
La Vecchia Griglieria Ballkan Da Stiven;https://www.griglieriadastiven.com/
La Vecchia Osteria;https://instagram.com/la.vecchia_osteria
La Vecchia Pesa;https://la-vecchia-pesa.it/
La Vecchia Scuola;https://lavecchiascuolarovato.it/
La Vecchia Sesto;https://www.facebook.com/Pizzeria-La-Vecchia-Sesto-786919398065445/
La Vera Napoli;https://itplaces.me/la-vera-napoli-251065-it
La Vera Pizza;https://www.facebook.com/pizzerialaverapizza
La Vera Pizza Da Asporto;http://laverapizzamilano.myadj.it/
La Veranda;https://www.laverandasesto.com/
La Versilia;https://www.laversilia-milano.it/
La Via Della Seta;https://daxibeiristorante.com/
La Vineria Del Vin Bon;https://www.cantinedilombardia.com/
La Vita Azzurra;https://www.lavitaazzurraristorante.it/
La Vuelta - Ristorante Peruviano;https://www.ristorantelavuelta.it/
La carta dei ricordi gastronomia a Salò. Piatti della tipici della tradizione spiedo e casoncelli e prodotti locali del Garda;https://www.instagram.com/lacartadeiricordi
La' Pizzeria;https://la-pizzeria-5e8412.webnode.it/
Labasia Bistrot;https://www.facebook.com/LaBasia2.0
Labocs;https://www.labocs.it/
Laboratorio Veroamore;https://laboratorioveroamore.com/
Lady Phrozen - Pizzeria/gastronomia D'asporto;https://www.facebook.com/Lady-Phrozen-PizzeriaGastronomia-dAsporto-144695188983062
Lago La Vallata;https://pescasportivalavallata.com/
Lago Lido;http://m.facebook.com/agriturismolagolido
Lago Per Cani Bar Busgarina Area Camper;http://www.busgarina.it/home.html
Lagorá - Ristorante, Pizzeria & B&B Milano;https://lagoramilano.it/
Lait Amare Ristorante;https://www.laitamare.it/
Lait Garden;https://www.laitgarden.it/
Lalilli;https://www.lalilli.it/
Lambrettino Bistrot;https://www.instagram.com/lambrettino_bar_bistrot
Lanzarotti Loggetta;https://www.lanzarottiloggetta.it/
Lapinseriadagino;https://www.facebook.com/share/199zt9cvQ5/
Larhoma Caffé;https://www.facebook.com/Larhomacaffe/
Larubia;https://ristorantelarubia.it/
Las brisas del Perù bollate;https://www.neariu.com/brisasdelperubollate
Lato Mare | Ristorante Di Pesce;http://latomarefood.it/
Layali Shisha Milano;https://www.layalicafemilano.com/
Lazzate Sports Arena;https://www.lazzatesportsarena.it/
Le 3 Piramidi;https://www.facebook.com/share/1KoHU7TVzp/
Le Bon;http://www.instagram.com/gelaterialebon
Le Cave Del Ceppo;http://www.lecavedelceppo.it/
Le Cinque Perle Rovato;https://itplaces.me/le-cinque-perle-rovato-302055-it
Le Colonne Pasticceria;https://www.instagram.com/lecolonnepasticceria/
Le Contrade Legnano;https://lecontradelegnano.it/
Le Delizie;https://www.centrosarca.it/negozi/la-cantinetta-messica/
Le Dimore Lounge Bar;https://wa.me/393281808701
Le Grotte Di Valganna;https://www.grottevalganna.it/
Le Jolie Bistrot;https://www.facebook.com/lejoliebistrot/
Le Langhe Buon Cibo Buon Vino;https://www.instagram.com/lelanghe__buonciboevino
Le Meraviglie;https://www.lemeravigliemilano.com/
Le Mille E Una Pizza;https://alvolo.app/h000001382/
Le Paste;https://lepaste.it/
Le Pescherie;https://www.lepescherie.it/
Le Piramidi Kebab;https://www.facebook.com/piramidi2
Le Rondini Di Zhou Hua;http://www.rosticcerialerondini.altervista.org/
Le Rotonde;https://www.lerotonde.com/
Le Sorelle;https://lesorelle3.it/
Le Soste Al Mare;https://www.lesostealmare.it/
Le Spighe;https://www.pizzerialespighe.it/
Le Striatelle Di Nonna Mafalda Milano;https://lestriatelle.it/
Le Terre;https://leterre.it/
Le Tournedos;https://www.letournedos.eu/
Le Tre Caravelle Pizzeria;http://letrecaravelle.eatbu.com/
Le Tre Piramidi;https://www.letrepiramidi-segrate.it/
Le Vigne;https://www.levignecantu.it/
Le Villette;https://trattorialevillette.blogspot.com/
Le Zie;https://www.instagram.com/le.zie/
LeCapsuledigian Caffè - Melzo;https://www.lecapsuledigian.it/
Leila;https://www.instagram.com/leila.nolo/
Leila Restaurant;https://www.ristoranteleila.it/
Lemon;http://lemonsushi.it/
Lemon Tree Ristorante;https://lemontreerestaurantdesenzano.it/
Leo's American Bar;https://www.facebook.com/leos_american_bar-100225038543398/
Leoncino Rosso;https://m.facebook.com/leoncinorosso/
Leone Carne E Cucina;https://www.leonecarnecucina.it/
Leroi Di Clusone;https://www.instagram.com/leroiclusone
Les Amis In Solari - Bistrot;https://www.lesamisinsolari.it/
Les Dames Dinner & Club;https://www.drink-me.it/
Les Racines Sentieri Del Vino;https://www.lesracinessentieridelvino.it/
Lestro Pizza Restaurant;https://www.lestropizzarestaurant.it/
Levante;https://www.levanteristorantepizzeria.com/
Levels Suzzara;https://levelscentrale.wixsite.com/levels
Lew Club;https://www.lewclub.it/
Lex;https://www.facebook.com/Lex-birreria-225762854285441/
Liberty Ristorante & Pizzeria Contemporanea;https://ristorantepizzerialiberty.it/
Lido Di Sesto;https://www.lidodisesto.it/
Lido Luino;https://www.lidoluino.com/
Lido3.9 Ristorante Pizzeria Cocktail Bar;https://www.lido39desenzano.it/
Lietti Cafè;https://www.instagram.com/lietticafe/
Lievitiamo Pizzeria & Kebab;https://www.instagram.com/lievitiamo_pizzeria2024
Like Mike - Trattoria Moderna | Milano;https://www.likemikerestaurant.com/
Limbo Lounge Bar | Caffetteria, Pizzeria, Ristorante;https://www.limboloungebar.com/
Limbosco;https://instagram.com/limbosco_varese
Lin Cuisine（Liu Cuisine);https://www.instagram.com/liucuisine/
Lin Japanese Restaurant;https://linsushirestaurant.com/
Lin Sushi;https://linsushitreviglio.it/
Linearetta;https://www.linearetta.it/
Link Restaurant;https://linkrestaurant.it/
Lino Restaurant;https://www.ristorantelino.com/
Lion's Heart Pub;https://www.facebook.com/LionsHeartPubParabiago/
Liros;https://lirosristorante.it/
Litaly caffè;https://litalycaffe.it/
Litta Pizzeria Kebab;https://littakebab.lovable.app/
Lo Chalet;https://www.instagram.com/lochaletmolinetto
Lo Scalco Grasso - Osteria Contemporanea;https://www.loscalcograsso.it/
Lo Scoglio;https://loscoglio.shop/
Lo Scorfano;https://www.facebook.com/pages/Ristorante-Pizzeria-Lo-Scorfano/111406646199193
Lo Scottadito • Grill & Pizza;https://www.facebook.com/LoScottadito/
Lo Sfizio;https://it-it.facebook.com/pages/category/Bar/Lo-Sfizio-540221079342729/
Lo Smeraldo - Ristorante Pizzeria;http://losmeraldomilano.com/
Lo Spicchio;http://www.pizzerialospicchio.it/IT/chi_siamo__________.html
Lo Spiedo Da Asporto Gastronomia E Hamburgheria;https://www.lospiedodaasporto.it/
Lo Stacco Dinner Show;https://lostaccomilano.com/
Lo Stige;https://www.facebook.com/Lo-Stige-Stugge-1514369658874873/
Lo Stuzzi;http://menu.menumal.com/lostuzzi
Lo Stuzzichino Di Mare;https://stuzzichinodimare.it/
Lo's;https://www.losfood.it/
Lo-haus | Vini, Sidri, Kombucha E Birre Di Ricerca;https://www.instagram.com/lo_haus_treviglio
LoRo - Ristorante & Bistrò;https://www.loroandco.com/
Lobos And More - Rosticceria Latina;https://www.lobosandmore.it/
Locanda Al 5 - Bed & Beer;https://locandaal5.it/
Locanda Conte;https://www.locandaconte.it/
Locanda Cuoco Di Bordo;https://locandacuocodibordo.it/
Locanda Dei Bravi Ristorante Bar;https://locandadeibravi.it/
Locanda Dei Bressani;https://www.instagram.com/locandadeibressani2024
Locanda Del Chierichetto;https://www.lalocandadelchierichetto.it/
Locanda Del Ginnasio Hotel Europa;https://hotelristeuropa.it/
Locanda Della Corte;http://www.locandadellacorte.it/
Locanda Famiglia Stucchi;https://www.famigliastucchi.it/
Locanda Garibaldi;https://www.locandagaribaldi.it/
Locanda In Centro;https://locandaincentro.com/
Locanda MaNì;https://www.locandamani.com/
Locanda Mille Lire;https://www.facebook.com/p/Locanda-Mille-Lire-100057328105546/
Locanda No-strana;https://linktr.ee/locanda_nostrana
Locanda Pozzetto;https://www.pozzettolocanda.com/menu/
Locanda Trento;https://www.alloggiotrento.it/
Locanda Vecchia Osteria Ristorante;http://www.locandavecchiaosteria.it/
Locanda Via Priula - Wine Bar Bistrot & Rooms;https://locandaviapriula.it/
Lodi Cafè;https://www.facebook.com/lodicafe
Loft Cafè;https://www.loftcassano.it/
Loft10;https://www.loft10pavia.com/
Lollipop Travagliato;https://www.lollipoptravagliato.it/
Lollo's Bar;https://www.lollosbar.com/
Lomitos;https://www.lomitosgallarate.it/
London Tower;https://linktr.ee/londontower
Long Chang;http://www.trattorialongchang.it/
Los Argentinos;http://ristoranteargentinopavia.it/
Los Locos;http://www.facebook.com/pages/Los-Locos-Di-Colonna-Marco-E-C/165367050143552
Losteria;https://www.losteriamortara.it/
Loto Cafè;https://instagram.com/lotocafe
Lounge Bar Smile;https://www.facebook.com/Lounge-Bar-Sorriso-889691724406232/
Lounge Garibaldi Treviglio;https://www.garibaldilounge-treviglio.it/
Luca's Pub;https://pizzeriaaltadaluca.it/
Lucifero Wine&spirits;https://www.instagram.com/lucifero_wine
Luisteria Home Restaurant;https://ilariaclm.my.canva.site/luisteria
Lunetta;https://lunettapasticceria.it/
Lungolinea Srl;https://www.lungolinea.com/
Lupo Di Mare Bussero;https://www.facebook.com/lupodimarebussero/
Luuma Steak;https://www.luumasteak.com/
L’Antica Trattoria;https://anticacomo.it/
L’Oasi di Terno;https://loasiditerno.it/
L’Ochina Bianca;https://www.ristoranteochinabianca.com/
L’altra osteria;https://laltraosteria.it/
L’angolo del riso;https://www.angolodelriso.it/
MACULÉ pasticceria caffetteria;https://www.instagram.com/maculepasticceria
MAMÌ Storie di Cucina Italiana;https://www.ristorantemami.com/
MIKKA / El Prestinè - Tavola calda - Bar - Pasticceria;http://www.flavorfulgroup.it/mikka
MOLICÈ pizza e arrosticini;https://www.facebook.com/Molic%C3%A8-987329931457687/
Ma Daii;https://www.instagram.com/ma._daii/
Ma.ri.na;https://www.ristorante-marina.it/
Macelleria Gastronomia Carminati;https://www.macelleriacarminati.com/
Macellerie Monzesi;https://www.lemacellerie.it/
Mad One Srl;https://www.mad-one.it/
Made In Sud;https://madeinsudpizzeria.it/
Made In Sud Merate | Ristorante E Pizzeria Merate;https://ristorantemerate.it/
Made In Sud Opera;https://m.facebook.com/MadeinSudpizzeriaopera/
Made In Sud Pavia;https://m.facebook.com/pages/category/Pizza-Place/Made-in-Sud-Pizzeria-Da-Asporto-1549213271987131/
Madeira Cafe;https://m.facebook.com/Madeiracafemuggio/
Madera Cafè Paullo;https://www.facebook.com/maderacafepaullo/
Madrigal Pub;http://www.madrigal.it/
Maffu’s;https://www.instagram.com/maffus_bistrot/
Magazzino Della Pizza Brescia;https://www.magazzinodellapizza.com/
Maggese;https://www.maggeseristorante.it/
Maggie's One Ice Cream Shop;https://www.colognonegozi.com/gelateria-maggies-cologno-monzese/
Maggie's Park;https://maggiespark.it/
Magiclem;https://www.magiclem.it/
Magma - Pizzeria E Rosticceria Napoletana;https://www.instagram.com/magmapizzeria.mb
Magnanimo Pizzeria Lievito Madre;https://www.magnanimofood.it/
Magnolia;https://m.facebook.com/pages/Ristorante-La-Magnolia-Di-Antonia-Macri/137755029604372
Mahalo Poke - Desenzano;https://www.mahalopoke.it/online-ordering
Maia E Tas;https://instagram.com/maiaetas_crema
Maison Café;https://www.maisoncafe.info/
Maistà Pizza & Cucina;https://maistapizza.it/
Makai Uramakeria & Sushi;https://www.makaiuramakeria.it/
Malabar Spicy Ristorante Indiano;https://malabarspicymilan.com/
Malibù;https://www.instagram.com/malibucernusco/
Mallamà;https://www.mallama.it/
Malto & Luppolo;http://maltoeluppolo.it/
Malù23 - Food & Drink;https://www.instagram.com/malu23lumezzane/
Mama Bistrot;https://www.mamabistrot.it/
Mama Blues Brewery;https://www.facebook.com/mamabluesbirreria/
Mamagina Bistrot & Restaurant;https://www.mamaginabrunate.it/
Mamans Pub;https://www.instagram.com/mamanspub
Mama’s Cafe;http://www.facebook.com/mamascafemagenta/
Mamian Sa Milan Bar - Ristorante Filippino;https://www.facebook.com/share/1C14ao8wmj/
Mamma E Papa';https://www.mammaepapamilano.com/
Mamma Rosa | Ristorante Di Pesce Vimercate;https://mammarosavimercate.it/
Mamusca;https://www.mamusca.it/
Mana Flask;https://www.manaflaskbrescia.com/
Mana Tapas & Restaurant;https://www.ristorantemana.it/
Mandarin Garden;https://www.mandarinoriental.com/en/milan/la-scala/dine/mandarin-garden
Mangia & Bevi;https://mangiaebevi.base44.app/Home
Mangia E Bevi Street Food;https://www.instagram.com/mangiaebevi_streetfood
Mangia E Pasta;https://www.mangiaepasta.it/
Mangiafuoco Ristorante;https://mangiafuocoristorante.it/
Mangio Con Equilibrio;https://mangioconequilibrio.it/
Mani In Pasta;https://maniinpasta-trezzo.it/
Mani In Pasta - Pizzeria;https://www.maniinpastagroup.com/
Mania;https://maniacafe.it/
Manna;https://mannamilano.it/
Mao Hunan;https://www.facebook.com/ristorantemao
Maoji Street Food;https://www.facebook.com/maojistreetfood/
Maramao Cafè;https://www.maramaocafe.it/
Mare Rosso;https://itplaces.me/pizzeria-mare-rosso-115134-it
Marea - Panini Di Mare;https://www.mareafood.it/
Marechiaro;https://www.marechiaro.bg.it/
Marengo Catering Tenuta La Fiscala;https://www.marengocatering.com/
Margot Ricevimenti;https://www.margot-ricevimenti.it/it/
Mariapunto Kabab@burger Pizza;https://www.facebook.com/maria.punto.754
Marj Bistrot;https://marjbistrot.wixsite.com/marj-bistrot
Marra Pane Pasticceria Pause E Delizie;https://www.marraweb.it/
Marro Garden #fisheria;https://marroristoranti.com/marro-assago/
Marro Grill & Pizza;https://marroristoranti.com/marro-rozzano/
Marro Milano;https://marromilano.com/
Martha Osteria;https://www.instagram.com/marthaosteria/
Martinengo Pizza;https://itplaces.me/martinengo-pizza-446711-it
Maruzzella;https://www.pizzeriamaruzzellamilano.it/
Marì - Ristorante e Catering;https://maricatering.it/
Masala Ristorante Takeaway Pakistano;https://www.masalaitaly.it/
Maso Mittereck;https://www.masomittereck.com/
Mason's Famous Lobster Rolls;http://www.masonslobster.eu/
Master Burger;http://masterburger.eatbu.com/
Mastersciatt;https://www.mastersciatt.it/
Mastro Pizza;https://www.mastro.pizza/
Mastrorlando;https://www.mastrorlando.it/
Mauri's L'hamburgheria Gardone;https://www.instagram.com/mauris_gardonevt
Mauro & Luisa;https://www.trattoriamauroeluisa.com/
Mavi Design Srl;https://mavidesignsrl.it/
Mavi Istanbul;https://www.instagram.com/mavi.istanbul.restorant_
Maw Poke;https://www.mawpoke.com/
Max Cafè;https://www.facebook.com/Max-Caf%C3%A8-155974261129268/
May Bar Pizzeria;https://www.instagram.com/maybar.pizzeria
Mbriana Pizza & Food;https://www.mbrianamonza.it/home
McDonald’s Milano Rogoredo;https://www.mcdonalds.it/ristorante/700
Mcdonald's;http://www.ristoranti.mcdonalds.it/ristorante/820
Mcdonald's Carate Brianza Carso;https://www.mcdonalds.it/ristorante/lombardia/monza-e-brianza/carate-brianza-carso
Mcdonald's Gorgonzola;https://m.mcdonalds.it/
Mcdonald's Milano Bicocca Village;https://www.mcdonalds.it/
Mcdonald's Mortara;https://instagram.com/mcdonalds_mortara
Meat Club Steakhouse Curno;https://www.meatclubcurno.it/
Meat Eat;https://www.meateat.it/
Medea;https://medeabrescia.com/
Medea Cafè;https://medeacafe.webnode.it/
MediTéra;https://www.ristorantemeditera.it/
Mediterranean Fish & Thai Food;https://www.thaifoodmorbegno.com/
Medo;http://www.medo-limbiate.it/
Meet Food;https://www.meetfoodrozzano.it/
Meet Sushi;https://www.meetsushi.it/
Meet up café;https://www.instagram.com/meetupcafee
Meg Cafè;https://m.facebook.com/semivuoicafe/
Melpese - Bar Paninoteca;https://melpese.it/
Mem_et Restaurant;http://facebook.com/mem-et%20restaurant
Memento;https://lavispa.it/
Memo Turkish Grill Pizza Kebap;https://www.instagram.com/memo.turkish_grill/profilecard/
Menoquattordici Brunch E Gelato;https://menoquattordici.altervista.org/
Meraki Ristorante Bistrot;https://www.meraki-bistrot.it/
Mercato Perbacco;https://mercatoperbacco.com/
Meridionale - Pizzaioli Da Generazioni;https://www.pizzerialameridionale.it/
Metodo Classico - Enoteca Contemporanea;https://www.metodoclassico.wine/
Metropolitan Bar;https://www.instagram.com/metropolitancremona
Mex Shaan | Ristorante Messicano;https://www.mexshaan.com/
Mexology - Mexican Food And Cocktails;https://mexology.it/
Mezca;https://www.mezca.it/
Mezcla;https://www.mezclachef.com/
Mezza Luna;https://www.ristorantemezzaluna.net/
Mezzo Ristorante, Pizzeria, Bar E Tabacchi;https://ristorante-mezzo.it/
Mi Casa;https://www.facebook.com/Restaurante-Mi-Casa-585345758283864/
Mi Casa Osteria;https://www.facebook.com/micasaosteria/
Mic Ramen Brescia;https://www.micramenitalia.it/
Mica Male;https://www.micamaleassago.it/
Micapita - Cucina Mediterranea Urbana;https://micapita.it/
Mido Arabian Restaurant;http://www.ristorantemido.com/
Mielè;https://www.instagram.com/miele.seregno
Migasa Sushi E Cucina;https://www.migasa.milano.it/
Miho Asian Restaurant;https://mihosushi.it/ristoranti/castelmella/
Miho Japanese Restaurant;https://mihosushi.it/ristoranti/desio/
Milano Bistrot;https://www.milanobistrot.it/
Milano Napoli;https://milano-napoli.eatbu.com/
Milano Roma Ristorante;https://www.milanoromaristorante.it/
Milano Style;https://www.spaziomilanostyle.it/
Milett Srl (officina Dolciaria By Milett);https://www.facebook.com/OfficinaDolciariabymilett.bresso/
Milietta Osteria Musicale;https://www.facebook.com/miliettaosteriamusicale/
Millennium Gelato e Caffè;https://www.millenniumgelatomariano.com/
Mimì Ristorante Pizzeria Milano;https://mimimilano.it/
Minerva;https://www.instagram.com/minervapavia/
Minigolf Of Usmate Velate;http://www.ilminigolf.net/
Minkiachebon;https://www.minkiachebon.com/
Minuto Bauli - Arese;https://www.minutobauli.it/
Mirage Restaurant;https://mirage-restaurant.it/
Mirai Sushi;https://www.facebook.com/mirai.sushi888
Misam - Pizza & Turkish Kebap;https://innovalabitaly.wixsite.com/misam
Miscela Bistrot;https://www.miscelabistrot.it/
Miss Pizza;https://m.facebook.com/Misspizzastradella/
Mitsui 3 Japanese Restaurant;https://www.nuovomitsui3.it/
Miu Sushi Ristorante;http://www.miusushi.it/
Miyabi Bergamo;https://www.miyabibergamo.it/
Miyaki Sushi - Brescia;https://www.miyaki.it/
Mizu-sushi&fusion Restaurant;https://www.mizusushi.it/mizu-castano-primo-ristorante-giapponese-alla-carta-e-ristorante-di-cucina-orientale/
Mizzica Bar Rosticceria Sicilana;https://www.instagram.com/mizzicarosticceriasiciliana/profilecard/
Mo Pesce;https://www.mopesce.it/
Mo Pizz - Trattoria E Pizzeria Napoletana;https://www.mopizz.it/
Mo-gou Monza Gourmet;https://www.mogou.it/
Moderno Monza;https://www.modernomonza.com/
Modo Fusion Restaurant;https://www.modofusionrestaurant.it/
Moi Ristorante & Lounge Bistrot;https://moiloungebistrotsesto.it/
Mojiteddu Milano;https://www.facebook.com/mojiteddumilano/
Mojito;https://www.instagram.com/mojitoclub2019
Mokai Beach;https://www.mokai.it/
Mokha - Bar E Ristorante - Varese E Provincia;https://www.mokha.it/
Molino Dei Frati - Farm And Floriculture;https://www.molinodeifrati.it/
Molo 14 Lissone;https://www.molo14.it/
Molto Più PIZZA BURGER E RESTAURANT;https://www.moltopiupizzeriaristorantepavia.it/
Mom's & Home Cucina;https://www.tiktok.com/@mom.home.cucina
Momi Chinese Taste;https://www.instagram.com/momi.brescia/
Momoko;https://sushimomoko.it/
Mon Petit Bistrot;https://monpetitbistrot.it/
Mondo Sagre;https://www.facebook.com/sagremondo/
Monkey Drinks & Coffee;https://instagram.com/monkey_lecco
Monococco;https://www.instagram.com/pizzeriailmonococcoghedi
Montag Bistrot;https://www.instagram.com/montagbistrot/profilecard/
Montesoprano Piazza Xxiv Maggio;https://montesoprano.com/
Monza 1931;http://www.ristorantemonza1931.com/
Mood Bar - Colazioni | Aperitivi | Sala Per Feste | Pranzi Di Lavoro;http://moodbarmuggio.it/
Mood Sushi Restaurant;https://www.sushimood.it/
Moody;https://moodydesio.com/
Moon Light 92;https://www.moonlight92.it/
Mora Lounge Bar;https://webapp.alvolo.app/moraloungebar/readonly
Mora Mora cafè;https://moramoracafe.it/
Mordisco;https://mordisco.it/
Mori Mille Sapori D'oriente;https://www.ristorantemori.it/
Moscatelli;https://moscatelli.shop/
Mosto & Carnazza;https://carnazzacomo.metro.rest/
Moya Restaurant Mariano Comense;https://www.moyasushi.it/
Mr Carlini;https://www.mrcarlinigroup.com/
Mr. Singh - Ristorante Indiano;http://mrsinghristorante.eatbu.com/
Mujō - Ramen;https://www.mujoramen.it/
Mulan Sushi;https://www.mulansushi.it/
Mulin De Milan;https://www.instagram.com/mulindimilan/
Mumi Izakaya Ramen;https://www.mumiramen.it/
Mumi Sushi Delivery;https://mumisushi.it/
Murataya - Trattoria Giapponese Made In Tokyo;https://www.muratayatrattoriagiapponese.com/
Murice - Pescheria, Gastronomia, Bistrot;https://pescheriamurice.com/
Muscari Caffetteria & Pasticceria;https://www.muscaricaffe.com/
Musicolepsia;http://www.musicolepsia.it/
Muu Grill;https://www.muugrill.it/
Muud Cafe;https://www.facebook.com/muudbarbesanabrianza/
Muushi - Sushi Di Carne;https://muushi.com/
Muuuteca Grill & Wine Carne Alla Griglia Vino Pavia;https://www.muuuteca.com/
Muá café;https://m.facebook.com/muacafetreviolo/
My Cafe;https://imissmycafe.com/
My House;https://www.facebook.com/Ristorante-My-house-308206629218608/
My Istanbul Kebab;https://myistanbul.taacdelivery.it/
My Way Out Vigevano;http://www.mywayout.it/
Myke Burger & Bowl;https://www.mykeburger.it/
Myo Poke Mortara;https://www.myopoke.com/
N Restaurant;https://www.accorhotels.com/it/hotel-1137-novotel-milano-linate-aeroporto/index.shtml#origin=novotel
N'ombra De Vin;https://www.nombradevin.it/
Nagoya 2 Sushi - Brescia;https://nagoya2brescia.it/
Nagoya X Brescia - Via Triumplina;https://nagoyax.it/
Namaste Italia;https://namaste-pizzeria-e-cucina-indiana.eatbu.com/
Namaste Ristorante Indiano;https://www.namastecomo.com/
Namastè;https://ristorantenamaste.it/
Nana Veg Kitchen;https://msha.ke/nanavegkitchen
Napoletano Pizzeria Trattoria;https://www.napoletanopizzeriatrattoria.com/
Napolon Pizzeria Napoletana Bollate;https://www.pizzerianapolon.it/
Napulè Hamburgeria Friggitoria & Pizzeria Napoletana;http://www.napulepizzeria.weebly.com/
Natura Sushi Rescaldina;https://naturasushi.it/
Natural Bio Taste;https://www.euroverdebio.com/servizi/natural-bio-taste
Navedano;https://www.ristorantenavedano.it/
Nay Restaurant;https://www.nayrestaurant.it/
Neapolis Pizzeria Di Antonio Ferone;https://www.instagram.com/n.e.a.p.o.l.i.s_pizzeria/
Neeko Ramen;https://www.neekoramen.com/
Nel Bistrot Lodi;https://www.nelbistrotlodi.it/
Nembeer Pub;https://nembeerpub.it/
Neo Hotel;https://www.neohotel.it/
Neo Kisho;https://www.neokisho.it/
Neosteria Locatelli;https://neosterialocatelli.it/
Nerho Aroma;https://www.nerhoaroma.com/
Nerocaffe.colazioni.aperitvi.eventi;https://it-it.facebook.com/pages/biz/25086/Nero-Caff%C3%A8-1471950509746060/
Neverland;https://www.neverlandstradella.it/
New Bar;https://new-bar.metro.bar/
New Buffalo;https://www.buffalocuggiono.it/
New Kisoro Sushi;https://newkisorosushi.it/
New White Cafè;https://www.facebook.com/New-White-Caf%C3%A8-Arcore-101986934747121/
Nhube Restaurant;https://www.nh-hotels.it/hotel/nh-milano-fiera/ristoranti
Nice Pizza;https://www.instagram.com/nicepizza_seriate
Nicolin Restaurant And Hotel;https://www.ristorantenicolin.it/
Nietta - Pizzeria E Friggitoria Monza;https://niettapizzeriafriggitoria.it/
Nik's & Co.;https://www.niksandco.it/
Nishiki;https://www.nishiki.it/
Niwa - Giardino Giapponese Con Cucina;https://www.giardinoniwa.it/
Noah Lounge Cafe;https://noah-seregno.it/
Nobis caffè;https://www.instagram.com/nobiscaffe
Nobu Milano;https://locations.armani.com/restaurants-cafes-and-clubs/italy/nobu-milano
Nomad;https://nomadmilano.com/
Non Solo Pane;https://www.panificiovaltellinese.it/
Non Solo Pane... F.lli Boienti;https://instagram.com/panificioboienti
Non Solo Pizza;https://www.nonsolopizzabg.com/
Noname Drink & Food;https://www.instagram.com/nonamealbino
Nonna Maria;https://www.nonnamariaosteria.it/
Nonna Maria | Trattoria Melegnano;https://www.nonnamariatrattoria.it/
Nonna Mia - Autentica Rosticceria;https://www.nonnamiarosticceria.it/
Nonnaflory Gelato Gourmet;https://www.nonnaflory.it/
Noodle Bar;https://www.noodlebarmilano.it/
Noodle House Korean Restaurant;https://www.facebook.com/noodlehouse.milano
Noodleman;https://www.noodleman.it/
Nordfish Ristorante Saint Jacques;https://www.nordfish.it/content/9-ristorante-saint-jacques
Norin Bistro Pizzeria Con Cucina;https://www.pizzeriabistronorin.com/
Norma;https://www.normalunchanddinner.com/
Norman Trattoria Della Tradizione Milanese;https://www.normancucina.it/
Nostromo;https://www.facebook.com/Ristorante-Pizzeria-Nostromo-151320751572872
Nova Pizzeria E Bistrot;https://www.novapizzeriaebistrot.it/
Novecento;https://www.novecentoravizza.it/
Ntc;https://ntc.eatbu.com/
Nuii Japanese Restaurant;https://www.nuiimariano.it/
Number One;https://www.instagram.com/pizzerianumberonedicormano
Number One Bar;https://m.facebook.com/numberonearese/
Nuova Drogheria Mazzini;https://www.nuovadrogheriamazzini.it/
Nuova Giada Verde;https://giadaverde.netlify.app/
Nuovo Bixtro;https://menu.menumal.com/nuovobixtro
Nuovo Caffè Manzoni;https://linktr.ee/nuovocaffemanzoni
Nuovo Elitè Cafè;https://www.instagram.com/nuovo_elitecaffe
Nuovo Montecristo;https://nuovomontecristo.wordpress.com/
Nuovo Nando;https://www.nuovonando.it/
Nvidia Cafè;https://tolarco.wixsite.com/nvidiacafe/listino-prezzi
NÜBA JUNGLE;https://www.nubajungle.com/
Nàpiz' Milano;https://www.instagram.com/napiz.pizzeriamilano/
O Primm Ammore Pogliano Milanese ( Unica Sede );https://www.ristoranteoprimmammore.com/
O' Scugnizzo;https://o-scugnizzo.it/
O' Zio N'copp A' Martesana;https://www.instagram.com/o.zio_ncoppamartesana
Oasi Giapponese;https://oasigiapponese.org/
Oasi Sushi;https://oasisushi.it/
Oasi Verde Seriate;https://www.oasiverdeseriate.it/
Obic Ristorante;http://www.instagram.com/obicristorante
Oca Bianca Osteria | Ristorante;https://www.ocabiancaosteria.it/
Ocean Restaurant;https://www.instagram.com/oceanrestaurant_milano
Oche | Foodlab;https://ochedelivery.it/
Oda Osteria Contemporanea E Innovativa;https://odatreviglio.wordpress.com/
Officina Dei Sapori;https://www.officinadeisaporisesto.it/
Officina Del Drink;https://officinadeldrink.it/
Officina Del Mare;https://officinadelmarecolognomonzese.it/
Officina Del Mare Brescia;https://www.officinadelmare.com/
Officina Dell'hamburger;https://www.officinadellhamburger.it/
Officina Della Birra;https://www.ristoranteofficinadellabirra.it/
Officina Della Piadina;https://www.officinadellapiadina.it/
Officina Della Tigella;http://linktr.ee/officinadellatigella
Ohana Bistrot Sesto;https://ohanabistrot.it/
Oinos - Enoteca;https://oinoswine.it/
Okuzashiki Menya Ninomiya;https://www.menya-ninomiya.com/it
Ol Masnu;https://www.facebook.com/Osteria-Ol-Masn%C3%B9-307835902707381/
Old Fox Pub;https://www.facebook.com/oldfoxpub/
Old Station House;https://oldstationhouse.it/
Oliva Pizzeria Pinseria - Mariano Comense;https://www.olivapizzeria.it/
Oliver Bar;https://shorturl.at/dfsEX
Omaya Sushi Nerviano;https://omayasushi.it/
Ombra Restaurant;https://www.ombrarestaurant.com/
Once Upon A Time;http://barceraunavolta.eatbu.com/
Onepasta;https://www.onepasta.com/
Opa World Food & Beer;http://www.opaworld.it/
Opera 33;https://opera33.it/
Opificio Del Gusto;https://www.opificiocornaredo.it/
Opinabile;https://linktr.ee/opinabile
Opà Opà;https://www.ristoranti.mi.it/
Orapasta;https://www.orapastabusto.it/
Orecchiette E Vino;https://orecchiettevino.com/
Orient Istanbul;https://orientistanbulkebappizzagrill.wordpress.com/
Origine - Cucina Condivisa;https://originetapasandmore.it/
Origine Pizzeria;https://originepizza.com/
Oro - Ristorante Pizzeria;https://www.ororistorante.com/
Oro Rosso Zafferano Cucina Abruzzese;https://www.ororossozafferano.it/
Oronero Cafe';https://www.oronero.me/
Ortika Coffee & Food;https://www.instagram.com/ortika.mantova/
Ortro. Le Due Anime Del Panino;https://www.instagram.com/ortro.ledueanimedelpanino/
Osaka;http://www.osaka-vigevano.it/
Oss Bus;https://www.osteriacotoeletta.com/
"Osteria ""dai Ragazzi Del '93""";https://www.facebook.com/Osteria-Dai-Ragazzi-del93-344331312739629/
Osteria 14;https://osteria14.it/
Osteria 1940;https://osteria1940.com/
Osteria Afrodite;https://www.osteriaafrodite.com/
Osteria Al 29;https://www.osteriaal29.com/
Osteria Al Casale;https://www.osteriaalcasale.it/
Osteria Al Circolino;https://www.alcircolino.it/
Osteria Al Gallo;https://osteriaalgallo.it/
Osteria Al Murett;https://www.almurett.com/
Osteria Alla Grande;https://www.osteriaallagrande.com/
Osteria Alla Rovere;https://osteriaallarovere.it/
Osteria Alta;https://www.osterialta.it/
Osteria Antica Pieve;https://www.anticapieveosteria.it/
Osteria Borgo Ventidue;https://www.osteriaborgoventidue.it/
Osteria Burì;https://www.osteriaburi.it/
Osteria Caffetteria Fuoriporta;http://www.facebook.com/OsteriaCaffetteriaFuoriporta/
Osteria Caneva – Milano;https://www.osteriacaneva.it/
Osteria Cantina Bellini;https://www.osteriacantina.it/
Osteria Cittadella;https://www.osteriacittadella.it/
Osteria Cominelli;https://www.osteriacominelli.it/
Osteria Copernico 63;https://www.osteriacopernico63.it/
Osteria Crespi;https://www.osteriacrespi.com/
Osteria Cristò;https://eloquent-toffee-5a470d.netlify.app/
Osteria Da Bortolino;https://www.locandabortolino.it/osteria/
Osteria Da Bruno;https://www.instagram.com/osteria_dabruno_nembro
Osteria Da Fortunata - Moscova Milano;https://it-it.facebook.com/osteriadafortunata/
Osteria Da Giannino;https://www.facebook.com/OsteriaDaGianninomn/
Osteria Dal Campaner;https://www.osteriadalcampaner.com/
Osteria Dal Cornuto;https://www.osteriadalcornuto.com/
Osteria Dal Pes;https://pesparabiago.it/
Osteria De Milan;https://www.osteriademilan.it/menu
Osteria Degli Amici;https://www.facebook.com/pier.piceni65
Osteria Degli Artisti-lonate Pozzolo;https://www.instagram.com/osterialonate/
Osteria Dei Boci;https://instagram.com/osteriadeiboci
Osteria Dei Fauni;https://www.osteriadeifauni.it/
Osteria Dei Matti;https://www.osteriadeimatti.it/
Osteria Del Bagolaro;https://osteriasangiuseppe.eatbu.com/
Osteria Del Borgo;https://www.osteriadelborgobeb.it/
Osteria Del Cavolo Monza;https://www.osteriadelcavolo.com/
Osteria Del Laghetto;https://osteriadellaghetto.it/
Osteria Del Mare;https://www.ristoranteosteriadelmare.it/
Osteria Del Naviglio;https://www.osteriadelnaviglio.eu/
Osteria Del Party;https://www.osteriadelparty.it/
Osteria Del Ponte;https://www.osteriadelponte.it/
Osteria Del Pozzo;https://www.osteriadelpozzo.com/
Osteria Del Riccio - Sesto San Giovanni Dal 1999;https://www.osteriadelriccio.it/
Osteria Del Sagrantino;https://www.osteriadelsagrantino.it/
Osteria Del San Martino;https://osteriadelsanmartino.wordpress.com/
Osteria Del Sapore;https://mymenuweb.com/it/restaurants/913669/
Osteria Del Sass;https://osteriadelsass.it/
Osteria Del Savio;https://www.osteriadelsavio.com/
Osteria Del Tortellino - Varese;https://www.osteriadeltortellinovarese.it/
Osteria Del Vinacciolo;https://www.osteriadelvinacciolo.it/
Osteria Del Zep;https://www.osteriadelzep.com/
Osteria Dell'angelo Locale Storico In Franciacorta;https://www.osteriadellangelo.it/
Osteria Dell'angiolina;https://www.osteriadellangiolina.it/
Osteria Dell'oca;https://www.osteriadelloca.it/
Osteria Della Bassa;https://osteriadellabassa.it/
Osteria Della Dogana;https://www.facebook.com/Osteria-Della-Dogana-154287871279369/timeline/
Osteria Della Fragoletta Mantova;https://www.fragoletta.it/
Osteria Della Lucciola;https://www.anticaosteriadellalucciola.it/
Osteria Della Malora;https://m.facebook.com/pages/Osteria-Della-Malora/468593233174895
Osteria Della Pizza;https://www.osteriadellapizza.com/
Osteria Della Villetta;https://www.osteriadellavilletta.it/
Osteria Delle Quattro Tette;https://m.facebook.com/QuattroTette/
Osteria Delle Rane Rosse;https://www.osteriadelleranerosse.it/
Osteria Dello Sperone E Bed & Breakfast;https://www.dellosperoneosteria.it/
Osteria Di Bubba;https://www.facebook.com/osteriadiBubba
Osteria Di Mezzo;http://www.osteriadimezzo.it/
Osteria Di Piazza Litta;https://www.facebook.com/Osteria-Di-Piazza-Litta-1430686717235840/
Osteria Din Don Dan;https://www.osteriadindondan.it/
Osteria Felter Alle Rose;https://www.rosesalo.it/
Osteria Formentini;https://www.osteriaformentini.it/
Osteria Grand Hotel;https://www.grandhotelosteria.it/
Osteria Il Cuuc;https://www.ilcuuc.it/
Osteria Il Foppone;https://www.facebook.com/Osteria-il-Foppone-Cremona-101910691880410
Osteria In Besozzo;https://www.osteriainbesozzo.com/
Osteria Irma;https://www.osteriairma.it/
Osteria Italia Erba;https://www.osteriaitaliaerba.it/
Osteria Italiana;https://www.osteriaitaliana.eu/
Osteria La Bottega;https://www.osterialabottega.it/
Osteria La Carbonaia Carne;https://www.osterialacarbonaia.it/
Osteria La Dispensa;https://www.facebook.com/Osteria-La-Dispensa-107494797580357/
Osteria La Frasca;https://www.osterialafrasca.com/
Osteria La Luna Piena;http://osteriadellalunapiena.wordpress.com/
Osteria La Semivuota;https://osterialasemivuota.it/
Osteria La Sosta;https://www.osterialasosta.com/
Osteria La Vignetta;https://www.facebook.com/osteria.lavignetta/
Osteria Lagrandissima;https://osterialagrandissima.carrd.co/
Osteria Madalena;http://www.osteriamadalena.com/
Osteria Magenta 7 | Osteria A Monza;https://www.osteriamagenta.it/
Osteria Marascia;http://www.osteriamarascia.it/
Osteria Masna;https://quellidellamasna.it/
Osteria Molo 13;https://www.molo13.it/
Osteria Palio Dell'oca;https://www.osteriapaliodelloca.it/
Osteria Pane E Salame;https://www.facebook.com/OsteriaPaneSalame/
Osteria Pane E Salame | Nerviano | Cucina Tradizionale Milanese;https://www.osteriapanesalame.it/
Osteria Papà Nicola;https://osteriapapanicola.it/
Osteria Per Bacco Lodi;https://www.osteriaperbacco.it/
Osteria Piazza Sordello 26;http://www.piazzasordello26.it/
Osteria Pizzeria L'angolo;https://www.osteriapizzerialangolo.com/
Osteria Primo Piano;https://www.da-osteria-primo-piano.com/
Osteria Quattro Leoni Trattoria Cene Aziendali Milano Ristorante Vicino Rho Fiera;https://www.ileonidicastellazzo.it/
Osteria Regale;https://www.facebook.com/Osteria-Regale-2107219412878025/
Osteria Retrò;https://gratis-4575624.webadorsite.com/
Osteria Rifugio D'abruzzo;https://www.osteriarifugiodabruzzo.it/
Osteria Romana;https://www.osteriaromanatrezzo.it/
Osteria San Carlo;https://osteriasancarlocaffe.it/
Osteria San Cipriano;https://m.facebook.com/osteriasancipriano/
Osteria San Giovanni;https://www.osteriasangiovanni.it/
Osteria San Giovanni - Ristorante Pugliese;https://www.osteriasangiovannimilano.com/
Osteria Sciura Maria;https://www.osteriasciuramaria.it/
Osteria Serafina;https://www.osteriaserafina.com/
Osteria Spirito Divino;http://www.trattoriaspiritodivino.it/
Osteria Tajoli Di Famiglia Tajoli;https://famigliatajoli.it/
Osteria Valtellina;https://osteriavaltellina.it/
Osteria Vecchia Bottega Srl;https://www.osteriavecchiabottega.com/
Osteria Vera;https://osteriaveraurgnano.github.io/
Osteria Vialarga;https://www.osteriavialarga.it/
Osteria da Zio Ninì;https://www.facebook.com/pages/Osteria-Da-Zio-Nini/312898762237826
Ostriche E Vino - La Prima Ostricheria Di Milano;https://www.ostrichevino.it/
Otrebor Restaurant E Crudite';https://www.otrebormonza.com/
Ottobello | Pizzeria D’asporto;https://www.pizzeriaottobello.it/
Ottocento Osteria Con Cucina;https://www.ottocento-osteriaconcucina.it/
Ovesuvio Italian Pizza Restaurant;https://www.pizzeriavesuviomilano.it/
Oxa Lounge Bar Hamburgheria Caffetteria;https://oxabar.it/
Oya Sushi Fusion Experience Abbiategrasso;https://www.oyasushi.it/
Oya Sushi Fusion Experience Mantova;https://oyasushi.it/mantova
Oyo;https://www.oyosushidalmine.it/
P Cube;https://www.facebook.com/PCube3/
P&o Pizza&oyster;https://ilporticciolo.com/pizza-oyster/
PAB & CAFÈ;https://www.facebook.com/PabCafe/
PLAZA CAFÈ Casalpusterlengo - Colazioni Pranzi Veloci Aperitivi Eventi;https://plazacasalpusterlengo.it/
Pabo's Pizza Gussago;https://www.pabos.it/menu/
Pachamama Milano;https://pachamamamilano.it/
Paddy Cullens;https://www.paddycullens.it/
Padella Pazza - Cernusco Sul Naviglio;https://padellapazza.it/cernusco/
Padella Pazza - Gorgonzola;https://padellapazza.it/gorgonzola/
Padella Pazza - Vimodrone;https://padellapazza.it/vimodrone/#menu-del-giorno
Padellina;https://padellapazza.it/vimodrone/
Pagoda Restaurant;https://lapagodaseveso.it/
Pak Doner Kebab;https://itplaces.me/pak-doner-kebab-583454-it
Pak Turkish;http://pizzaekebab-voghera.it/
Palem Restaurant;https://www.instagram.com/palem.restaurant/
Palenquera Milano;https://linktr.ee/palenquera.milano
Palpucci;https://www.instagram.com/palpucci/
Pampas Brasil Churrascaria - Rodizio Brasiliano Como;http://pampasbrasilchurrascaria.metro.rest/
Pampas Churrascaria Milano;https://pampaschurrascariamilano.metro.rest/
Pan & Bun;https://www.panebun.it/
Pan D'oro;https://www.pandorolecco.it/
Pan Pescado;https://www.instagram.com/pan_pescado
Pan&caffè Big One;https://www.facebook.com/PanCaff%C3%A8-Big-One-693115170800754/
Pancafe Di Cavaleri Giancarlo - Corsico;https://itplaces.me/pancafe-di-cavaleri-giancarlo-corsico-202451-it
Pancaffè f.lli Lo Bianco;https://www.instagram.com/fratellilobianco/profilecard/
Pancia Piena;https://m.facebook.com/PizzeriaPanciaPiena/
Panda Milano;https://www.instagram.com/panda.milano
Pane Caffè;https://www.instagram.com/pane_caffe/
Panetteria Pasticceria;https://kotit-forno.vercel.app/
Panetteria Randon;http://www.panetterierandon.it/
Panfé;https://www.panfe.it/
Panificio Caffetteria Mambretti;https://www.instagram.com/panificiocaffetteriamambretti/
Panificio Gastronomia & Bistrot Bertolini;https://www.panificiobertolini.it/
Panificio Randon;http://www.panetteriarandon.it/randonITA/scheda_negozi.php
Panificio Scolari 1937;http://www.instagram.com/scolari.1937
Paninaro Over 90;https://www.instagram.com/paninaroover90
Panineria Birreria Oberon;http://panineriabirreriaoberon.wordpress.com/
Panini Cacciamani;https://www.paninicacciamani.it/
Panini Tosti;https://www.paninitostimilano.com/
Panino & Co.;https://paninoeco.ordinaincloud.it/menu/7415
Panino Grigliato;https://m.facebook.com/Panino-Grigliato-by-GabryLuke-1611517162457367/
Panino Pizza;https://www.facebook.com/Paninopizza-860197544106182/
Paninoteca Bass;https://www.facebook.com/paninotecabass/
Papillon;https://www.papillonristorante.it/
Pappa E Ciccio;https://itplaces.me/pappa-e-ciccio-pizzeria-933766-it
Para Ti Perù;https://www.paratiperu.it/
Paradise Of Taste;https://instagram.com/paradise.of.taste
Paradiso;https://www.facebook.com/share/1JxM5JL22T/
Pariani Ferno 1953 (sesto Calende);https://pasticceriapariani.com/
Partenopea Ristorante Pizzeria;https://partenopeamilano.it/
Pascoli Piadineria Artigianale;https://www.piadineriapascoli.it/
Pasqui;https://www.pasquipizzeriatrattoria.it/
Passione In Corte;https://instagram.com/passione_in_corte
Passione Pizza By Bistrot Laguna Blu;https://www.facebook.com/Passione-Pizza-1775563926082687/
Pasta Fresca Da Giovanni;https://pastafrescadagiovanni.altervista.org/
Pastafresca Bistrot;https://www.pastafrescabistrot.it/
Pasticceria - Gelateria Garden Di Cerri Roberto;https://www.pasticceriabargarden.com/
Pasticceria A Bergamo Oscar - Gelateria;https://www.pasticceriaoscar.it/
Pasticceria Bak;https://www.pasticceriabak.com/
Pasticceria Bar Cafe' Royal;https://www.facebook.com/caferoyalofficial/
Pasticceria Bar Pertusini;https://barpasticceriapertusini.it/
Pasticceria Barbieri;https://www.facebook.com/pasticceriaartigianalebarbieri/
Pasticceria Bassi - Villa Magnolia;https://www.facebook.com/Pasticceria-Bassi-Villa-Magnolia-1512985628791066/
Pasticceria Bindi Dolci & Caffè;https://www.bindidessert.it/
Pasticceria Bolandrini;https://www.pasticceriabolandrini.it/
Pasticceria Busi;https://www.pasticceria-busi.it/
Pasticceria Capriccio Di Como;https://www.capricciodicomo.com/
Pasticceria Cola;https://itplaces.me/pasticceria-cola-313718-it
Pasticceria Dalè Arte Dolce e Salata;https://dalepasticceria.it/
Pasticceria Di Basile Carmelo;https://www.facebook.com/PasticceriaBasile/
Pasticceria Francesco Bossoni;https://instagram.com/bossonipasticceria
Pasticceria Gelateria Caffetteria Porrino Gian Paolo L'arte Del Dolce;https://www.pasticcerialartedeldolce.net/
Pasticceria Gelateria dell'Asino ☆;https://www.facebook.com/pasticceriadellasino/%20%20%20https://www.instagram.com/pasticceriadellasino/
Pasticceria Gustolibero Classico E Gluten Free;https://www.gustolibero.net/
Pasticceria Le Delizie Di Laura;https://www.ledeliziedilaura.com/
Pasticceria Le Piramidi;https://m.facebook.com/pages/category/Local-Business/Pasticceria-Le-Piramidi-1807713872788807/
Pasticceria Marabelli;https://www.marabelli.com/
Pasticceria Melograno Urgnano;http://www.pasticceriamelograno.it/
Pasticceria Mino;https://www.mino1970.com/
Pasticceria Molè;https://www.pasticceriamole.it/
Pasticceria Peccati Di Gola;https://www.pasticceriacaffetteriapeccatidigola.com/
Pasticceria Portoni Dal 1966;http://www.facebook.com/pasticceriaportoni
Pasticceria Regina;https://pasticceriareginacernusco.it/
Pasticceria Salvioni;https://www.pasticceriasalvioni.it/
Pasticceria Voglia Matta;https://m.facebook.com/VogliaMattaRho/
Pastry New Pasev;https://www.nuovapasev.com/
Patata24 Melegnano;https://www.patata24.com/
Paullo Istanbul Kebab;https://paulloistanbulkebap.eatbu.com/
Pawon Lena (cucina Indonesiana In Italia);https://www.pawonlena.com/
Pazzeria;http://facebook.com/pazzeria
Pazzesco - Banqueting & Catering;https://pazzesco.catering/
Peccati Di Gola | Pizzeria & Piadineria;https://s3-eu-west-1.amazonaws.com/clienti360/peccatidigola/peccaticiro.html
Pellico 3 Milano;https://pellico3milano.it/
Penguin Cafè;https://www.facebook.com/al.penguincafe/
People Eat Milano;https://www.peopleeatmilano.it/
Pepperoncino's Lab;https://wa.me/390221064230
Peppers;https://www.instagram.com/pepperscasale
Peppino Ristorante;https://www.peppinoristorante.com/
Perché sì;https://www.perchesi.it/
Persian Palace Lecco;https://www.cardamomopersianpalace.it/
Pesca & Mangia Melegnano;https://ristorantepescaemangia.it/
Pescadero;https://www.pescaderomilano.com/
Pescatore Lobster Bar;http://www.pescatorelobsterbar.it/
Pescatori In Cucina;https://www.ristorantepescatoriincucina.com/
Pescettino Nerviano;https://pescettino.it/
Pescheria Gastronomia Mare Nostrum Srl;https://www.marenostrumsrl.it/
Pescheria Lanfranchi Di Via Pescheria;https://www.facebook.com/Pescherie-Lanfranchi-1606012999684506/
Peter Pan Di Gautiero Antonio;https://peterpanpizza.eccosites.it/
Peter Pan Di Privitera Antonio Maurizio;https://pizzeriapeterpan.weebly.com/
Pfr Arredamenti Srl;https://www.pfrarredamenti.com/
Phoenix 凤凰湘菜;https://milanophoenix.com/
Piada & Burger;https://www.piadaeburger.com/
Piadaland Codogno 2.0;https://instagram.com/piadaland_codogno
Piadinaif;https://clienti360.wixsite.com/piadinaif
Piadineria Bel E Bun;https://www.belebun.it/
Piadineria Doppiozan00;https://doppiozan00.it/
Piadineria Ferretti;https://piadineriaferretti.it/
Piadineria Morgan;https://www.piadineriamorgan.com/
Piadineria Pk Piada Break;https://www.facebook.com/PK-piada-break-872014846214786/
Piadreams;https://www.piadreamsdicarrarafederica.it/
Piadè;https://www.instagram.com/piade_milano_sandonato
Piajo Aroma;https://www.phihotelpiajo.com/ristorante
Piazza Armerina;http://www.piazza-armerina.it/
Piazza Italia;https://www.piazzaitalia.it/
Picasso S.r.l.;http://www.picassogroup.it/
Piccola Champagneria;https://instagram.com/piccola.champagneria
Piccola Cucina Casamaria;https://www.piccolacucinacasamaria.it/
Piccola Vela Hotel;http://www.piccolavela.it/
Piccolo Bar;https://www.facebook.com/Piccolo-Bar-734856366588906/
Piccolo Bar 2.0;https://italyx.top/piccolo-bar-2-0
Piccolo Café & Restaurant;https://www.piccolocaferestaurant.it/
Piccolo Paradiso;https://www.pizzeriaristorantepiccoloparadiso.it/
Picett;https://www.picett.it/
Pier Trattoria;https://piertrattoria.it/
Pink Ristobar Sas;https://www.pinkristobar.com/
Pino In Duomo;https://www.pinoinduomomenu.it/
Piqu Paninoteca Monza;https://piqumonza.it/
Pirati Deluxe;https://www.facebook.com/PiratiDeLuxe.Codogno/
Piscinin Ristorante;https://m.facebook.com/pages/category/Italian-Restaurant/Piscinin-1533938723557812/
Pistopizza;https://www.pistopizza.it/
Pita Shawrma And More Milano;https://www.instagram.com/pita_shawarma_milano/
Pitz Stop;https://pitzstop.it/
Pizz'orto;https://pizzorto.it/menu
Pizz8;https://www.facebook.com/Pizz8limbiate1988/
Pizza & Pizza Show;https://m.facebook.com/pizzaepizzashow/
Pizza Al Taglio Da Ketty;https://it-it.facebook.com/pizzadaketty/
Pizza Al Taglio Da Paolo;https://m.facebook.com/pages/category/Pizza-Place/Pizza-Al-Taglio-Da-Paolo-308491505854679/
Pizza Al Trancio - Trancissimo;https://www.instagram.com/trancissimo/
Pizza Al Volo & Kebab;http://209.67.101.191/
Pizza Al Volo & Kebab Carpenedolo;https://wa.me/message/VGROHKTO6PUMN1
Pizza Al Volo & Kebab Lonato;https://pizzaalvolokebablonato.shop/
Pizza Am San Donato;https://pizzaamsandonato.it/
Pizza Chic;https://pizzachic-arese.it/
Pizza Croc;https://pizzacroc.it/
Pizza Da Asporto Da Giorgio E Simone;https://www.pizzadaasportodagiorgioesimone.it/
Pizza Da Luca;https://www.facebook.com/Pizzadaluca
Pizza E Cuore;https://www.pizzaecuore.it/
Pizza E Kebab Montorfano;https://www.facebook.com/pizzeriamontorfano/
Pizza Express;https://www.pizzaexpressdarfoboarioterme.com/
Pizza Fans di Vaprio d’Adda;https://www.pizzafans.it/
Pizza Flash Al Castello Capriolo;https://www.facebook.com/pages/Pizza-Flash-al-Castello-Capriolo/464246207075283
Pizza House 2 Di Khalil Samy;https://pizzahouse2.com/
Pizza Kebab Aladino;http://aladinokebab.com/
Pizza Leggera Caronno;https://pizzaleggeracaronno.netlify.app/
Pizza Lume;https://pizza-lume.it/
Pizza Mia;https://www.pizzamiasamarate.it/
Pizza Ok;https://www.pizzaokseveso.it/
Pizza Ok - Lentate Sul Seveso;https://pizzaoklentatesuls.wixsite.com/pizza-ok
Pizza Party;https://www.pizzapartymi.it/
Pizza Pazza;https://pizzapazzacernusco.it/
Pizza Pazza A Pezzi;https://itplaces.me/pizza-pazza-a-pezzi-849759-it
Pizza Pazza A Pezzi 4;https://www.instagram.com/pizza_pazza_a_pezzi_4/
Pizza Pazza Bedizzole;https://app.pomoai.it/share/r/pizza-pazza-A0RXG3
Pizza Per Caso (la Quattro Coppe);https://pizzapercaso.it/
Pizza Taxi Casalpusterlengo;https://www.facebook.com/PizzaTaxiCasalpusterlengo
Pizza Time;https://www.pizzatimeterno.it/
Pizza Trevi 2.0;https://www.pizzatreviduepuntozero.com/
"Pizza al Taglio e focacce ""Le Belle Époque""";https://www.facebook.com/daniela.aliprandi76/
Pizza e Cor’;https://pizzaecor.it/
Pizza&pizza&pizza;https://pizzaekebableno.shoppingflash.it/pizzaekebableno
Pizza1;https://lanfranchimediagroup.wixsite.com/pizza1
Pizzacoteca Di Brera;https://www.pizzacoteca.it/
Pizzagrill Incanto;https://www.facebook.com/pizzagrillincanto/
Pizzalab Albano;https://t.me/pizzalabpazzesca_bot
Pizzamania Di Pellicardi Lorenzo;https://m.facebook.com/100063697536486/
Pizzamorefantasia;https://www.ristorantepizzamore.it/
Pizzart Da Gimmy;https://www.instagram.com/pizzartdagimmy/
Pizzaut Monza;https://www.pizzaut.it/
Pizze & Delizie;http://www.pizzeedelizie-meda.it/
Pizze E Delizie;https://itplaces.me/pizze-e-delizie-541698-it
"Pizzeria ""la Favola"" Di Zanetti Rosa E Serravalle Mauro";https://www.lafavolapizzeria.it/
"Pizzeria ""nuova Santa Lucia""";https://it-it.facebook.com/pages/Pizzeria-Nuova-Santa-Lucia-Di-Fabbrocino-G-C/155860484434288
"Pizzeria ""san Carlo""";https://www.facebook.com/Pizzeria-San-Carlo-257517894379754/
Pizzeria & Residence La Lucciola;https://www.residencelalucciola.it/
Pizzeria & Ristorante D'amare;https://www.drinkino.it/damare_milano.html
Pizzeria 24 Carati;https://www.facebook.com/p/Pizzeria-24-Carati-100085849922692/
Pizzeria 360 Olgiate Olona;https://www.pizzerie360.it/
Pizzeria 4 Stelle;https://pizzeria4stelle.it/
Pizzeria A Modino;https://ww.facebook.com/AMODINOINZAGO/
Pizzeria A Modo Mio - Melzo;https://amodomiopizza.it/
Pizzeria Acquario Cremona;https://www.pizzeriaacquario.com/
Pizzeria Ai Portici;https://www.facebook.com/pizzeriaaiporticialzanolombardo/
Pizzeria Al Cavallino - Castel Goffredo;https://linktr.ee/pizzeriaalcavallino
Pizzeria Al Grottino Cologno Monzese;https://www.pizzeriagrottino.it/
Pizzeria Al Portico Di Genini Matteo;https://deliveroo.it/it/menu/Bergamo/alzano-lombardo/al-portico-via-borghetto-28/
Pizzeria Aladdin;https://www.facebook.com/pizzeria.aladdin.meda/
Pizzeria Albatros;https://www.instagram.com/pizzeria.albatros/
Pizzeria Alessandria;https://pizzeriaalessandria.com/
Pizzeria Alla Fontana;https://www.facebook.com/Pizzeria-alla-fontana-loriginale-738605292858361/
Pizzeria Amici;https://www.facebook.com/share/1BsdoMQz2A/
Pizzeria Asporto Piu';https://www.facebook.com/pizzeriaasportocividino/
Pizzeria Assaje;https://www.assaje.it/
Pizzeria Astesani;https://www.facebook.com/PizzeriaAstesani/
Pizzeria Azzurra;https://www.facebook.com/p/Pizzeria-Azzurra-100063467683045/
Pizzeria Bar Marbella;https://www.facebook.com/barpizzeriamarbella/
Pizzeria Bella Napoli;https://www.bellanapolisettimo.it/
Pizzeria Belvedere;https://www.instagram.com/belvedere_rho/
Pizzeria Belvedere • Pizza al Trancio;https://ordina.belvedereparabiago.it/
Pizzeria Birreria La Botte Di Ratti Catia;https://www.pizzeriabirrerialabotte.it/
Pizzeria Blow Out;https://pizzeriablowout.shop/
Pizzeria Bonomius Dalmine;https://bonomius.it/
Pizzeria By Meryy;https://www.instagram.com/pizzeria_bymeryy
Pizzeria Cadorna;http://www.pizzeriacadorna-cinisello.it/
Pizzeria Caffetteria Del Mercato;https://pizzeriacaffetteriadelmercato.com/
Pizzeria Calafuria;https://www.calafuria.it/
Pizzeria Capriccio;https://itplaces.me/pizzeria-capriccio-740108-it
Pizzeria Carpe Diem di Gaetano Zappalà - pizzeria d'asporto con forno a legna;https://www.facebook.com/carpediemmontichiari
Pizzeria Cartoon Pizza;https://cartoon-pizza.it/
Pizzeria Castello;https://www.instagram.com/pizzeriacastello_crema
Pizzeria Cavallo;https://scanly.it/ristoranti/travagliato/pizzeria-cavallo
Pizzeria Cip E Ciop Voghera;https://www.instagram.com/cipeciophalal
Pizzeria D'asporto Del Corso;https://www.facebook.com/PizzeriadelcorsoRovato89/
Pizzeria D'asporto Dell'angolo | Consegna A Domicilio Gratis;https://www.pizzeriadasportodellangolo.com/
Pizzeria D'asporto Due Ponti;https://linktr.ee/Pizzeriaidueponti
Pizzeria D'asporto E Kebabberia Santa Maria;https://pizzapace.it/it/
Pizzeria D'asporto La Colonna;https://www.instagram.com/pizzeria_lacolonna
Pizzeria D'asporto La Luna;https://www.pizzeriadasportolaluna.it/
Pizzeria D`asporto Il Capriccio;http://pizzeriailcapriccioospitaletto.myadj.it/v/pizzeriailcapriccioospitaletto
Pizzeria Da Aldo;https://www.facebook.com/pizzeriadaaldolomazzo/
Pizzeria Da Aldo 4;https://m.facebook.com/Pizzeria-Da-Aldo-4-1681885258736030/
Pizzeria Da Aldo Seveso;https://www.instagram.com/pizzeria_da_aldo_baruccana/
Pizzeria Da Asporto Binario 2 Di Fraschini Luca;https://www.facebook.com/Binario2-185885771861077/
Pizzeria Da Asporto Desiderio;https://instagram.com/desideri.opizzeria
Pizzeria Da Carletto;https://www.pizzeriadacarletto.it/
Pizzeria Da Frenck;https://www.dafrencksondrio.com/
Pizzeria Da Gianni Il Diavoletto Del Forno A Legna;https://www.dagianniildiavoletto.com/
Pizzeria Da Mamma Dina Milano;https://www.facebook.com/Pizzeria-da-mamma-Dina-182628339131581/
Pizzeria Da Nonno Meo;https://www.instagram.com/pizzeria_danonno__meo
Pizzeria Da Tito;https://pizzeriadatito-milano.it/
Pizzeria Da Tony Limbiate;https://itplaces.me/pizzeria-da-tony-541794-it
Pizzeria Dai Pugliesi;https://www.pizzeriadaipugliesi.it/
Pizzeria Dallo Zio;https://pizzeriadallozio.it/
Pizzeria Datterì;https://www.pizzeriadatteri.it/
Pizzeria Degli Angeli;https://m.facebook.com/pages/category/Pizza-Place/Pizzeria-degli-angeli-1413006322344956/
Pizzeria Degustando;https://www.facebook.com/pages/DEGUSTANDO/272107842826127
Pizzeria Del Centro;https://itplaces.me/pizzeria-del-centro-655395-it
Pizzeria Del Corso;https://www.pizzeriadelcorso-caronnopertusella.it/
Pizzeria Del Fiume;https://www.justeat.it/restaurants-la-pizzeria-del-fiume-laveno-mombello/menu
Pizzeria Del Parco;https://www.pizzeriadelparcorovellasca.it/
Pizzeria Del Re;https://www.instagram.com/pizzeria_del_re_44
Pizzeria Del Sole;https://www.pizzeriadelsolemilano.it/
Pizzeria Dell'angolo;https://www.pizzeriadellangolo.com/
Pizzeria Doc;https://docpizzeriaalbino.it/
Pizzeria Doppio 0;https://doppiozero.discloud.app/
Pizzeria Dukat;https://www.ristorantepizzeriadukat.it/
Pizzeria E Friggitoria Esposito Sapori Di Napoli;https://www.instagram.com/pizzeriasaporidinapoli_novate
Pizzeria E Hamburgeria 95;https://www.pizzeriaehamburgeria95.it/
Pizzeria E Osteria Del Bagio;http://www.pizzeriaosteriabagio.it/
Pizzeria Egitto Sondrio;https://instagram.com/pizzeriaegittosondrio
Pizzeria El Cairo;https://elcairopizzeria.wixsite.com/elcairo
Pizzeria Etna;https://m.facebook.com/SALVOENICKYETNA/
Pizzeria Europa;https://pizzeria-europa.metro.rest/
Pizzeria Farinascere;https://www.pizzeriafarinascere.com/
Pizzeria Flappo;https://www.instagram.com/pizzeriaflappo
Pizzeria Fragrante;https://www.pizzafragrante.it/
Pizzeria Fratelli Diversi;https://fratellidiversi.shoppingflash.it/fratellidiversi
Pizzeria Gastronomia Bonaparte Bovisio Masciago;https://it-it.facebook.com/pages/Pizzeria-Gastronomia-Bonaparte/678429712209634
Pizzeria Gep - Genuine Esposito's Pizza - Busto Arsizio;https://gep.vedimenu.com/
Pizzeria Giallo Reale;http://gialloreale.it/
Pizzeria Giuseppe Esposito Ge;https://www.pizzeriagiuseppeesposito.it/
Pizzeria Hurgada;https://itplaces.me/pizzeria-hurgada-185620-it
Pizzeria Il Boss;http://www.pizzeriailboss.it/
Pizzeria Il Camino;https://www.facebook.com/share/1BHfSxwvs8
Pizzeria Il Capriccio;https://www.facebook.com/share/1E2vV1nbkb/
Pizzeria Il Centro;https://www.instagram.com/pizzeria_ilcentro_/profilecard/
Pizzeria Il Corallo Rezzato;https://m.facebook.com/ilcorallo.ilcorallo.5
Pizzeria Il Gabbiano;https://www.ilgabbianopizzeria.it/
Pizzeria Il Gallo;https://www.pizzeriailgallo.it/
Pizzeria Il Gambero;https://www.instagram.com/ilgamberosuzzara
Pizzeria Il Mago 4;https://midika.eu/listing/pizzeria-il-mago-4/
Pizzeria Il Nilo Ii;https://www.facebook.com/ilnilo2/
Pizzeria Il Piacere Srl;https://pizzeriailpiacere.com/
Pizzeria Il Ponte;http://www.pizzeriailpontemilano.it/
Pizzeria Il Ritorno;https://pizzeriailritorno.it/
Pizzeria Il Tegamino;https://iltegaminomilano.com/
Pizzeria Il Vicoletto;https://www.ilvicolettoristorante.com/
Pizzeria Istanbul Di Sudutemiz Celal;https://itplaces.me/pizzeria-istanbul-788994-it
Pizzeria Italia 1;https://italia1monza.it/
Pizzeria Jolly;https://www.facebook.com/Il-Belpaese-Giussano-2064807017171391/
Pizzeria Kairos;https://pizzeria-kairos.it/
Pizzeria Kebab And The Wizard;https://www.ilmagolonatepozzolo.it/
Pizzeria Kebab Msh;https://www.pizzeriakebabmsh.it/
Pizzeria Kenzy;http://www.pizzeriakenzy.it/
Pizzeria Kilometro 035;https://kilometro035.it/
Pizzeria King Cremona;https://pizzeriakingcr.shop/
Pizzeria La Bottega Della Pizza 2;https://www.instagram.com/labottegadellapizza2/
Pizzeria La Bottega Della Pizza Gussago;https://www.facebook.com/labottegadellapizzagussago/
Pizzeria La Costiera;http://facebook.com/pages/category/Pizza-Place/Pizzeria-La-Costiera-720364811374692/
Pizzeria La Farcita;https://www.pizzerialafarcita.com/
Pizzeria La Regina;https://lareginapizzeria.shoppingflash.it/lareginapizzeria
Pizzeria La Rosa;https://pizzerialarosa.store/
Pizzeria La Spagnola Dal 1976;https://www.pizzerialaspagnola.it/
Pizzeria La Vera Napoli;https://itplaces.me/pizzeria-la-vera-napoli-291643-it
Pizzeria La Verace Brescia;https://www.facebook.com/laveracebrescia/
Pizzeria Lambro;https://www.instagram.com/pizzerialambroerba/
Pizzeria Le Piramidi;https://www.facebook.com/share/1ZGvjnow32/
Pizzeria Leone Casorate Primo;https://www.facebook.com/share/18qyeYvYJc/
Pizzeria Linus;http://www.pizzerialinus.it/
Pizzeria Lo Schiaffone - Cassano Magnago;https://loschiaffone.it/
Pizzeria Lo Sfizio;https://www.pizzerialosfizio.it/
Pizzeria Lobidù;https://linktr.ee/lobidu
Pizzeria Lucia Dal 1987;https://www.pizzerialuciadal1987.it/
Pizzeria Luna D'oro Kebab;https://www.pizzerialunadoro.com/
Pizzeria Luppolo Selvatico;https://www.luppoloselvatico.it/
Pizzeria Made In Napoli;https://pizzeriamadeinnapoli.it/
Pizzeria Malibù 2;https://www.pizzeriamalibu2-sangiuliano.it/
Pizzeria Maninpasta;https://pizzeriamaninpastanembro.it/
Pizzeria Mare Blu Villaggio Badia;https://www.instagram.com/pizzeriamarebluvillaggiobadia/
Pizzeria Marechiaro Di Gerardo Ruocco;https://www.facebook.com/pages/Marechiaro-pizzeria-di-ruocco-gerardo/676647515721368
Pizzeria Marechiaro Garlasco;https://www.pizzeria-marechiaro.com/
Pizzeria Max Besana;https://m.facebook.com/Pizzeria-Max-Besana-103053127772215/
Pizzeria Mery Lumezzane;https://mery-pizzarestaurant.it/
Pizzeria Millennium Seriate;https://bit.ly/Pizzeria-Millennium
Pizzeria Mimi;https://pizzeriamimi.food/
Pizzeria Miro';https://www.pizzamiro.it/
Pizzeria Montegrigna | Tric Trac;https://montegrignalegnano.com/
Pizzeria Moody;https://moodypizzeria-lissone.it/
Pizzeria Mordi E Fuggi;https://www.mordiefuggilesmo.com/
Pizzeria Naplé;https://naple.it/
Pizzeria Napoletana;https://bitlocal.it/pizzeria-napoletana/
Pizzeria Napoletana Biagio;http://www.pizzerianapoletanabiagio.com/
Pizzeria Napoletana Da Tony;https://www.facebook.com/pages/Pizzeria-napoletana-da-Tony/204119829606008
Pizzeria Napoletana Pummarò Rho;https://www.pummaro-rho.it/
Pizzeria Nardin Di Eskandar;https://itplaces.me/pizzeria-nardin-di-eskander-110621-it
Pizzeria Number One Castelleone;https://linktr.ee/PizzeriaNumberOne
Pizzeria Oceania;http://www.facebook.com/PizzeriaOceania/
Pizzeria Palinuro;https://palinuropizza.wordpress.com/
Pizzeria Pane E Olio;https://m.facebook.com/Pane-e-Olio-308180379363670/
Pizzeria Panzerotteria Zio Nico;https://www.facebook.com/ZioNicoPizzeria/
Pizzeria Pappagallo;https://www.facebook.com/pizzeriapappagallo.stezzano/
Pizzeria Paradiso;https://innovalabitaly.wixsite.com/pizzeriaparadiso
Pizzeria Peccati Di Gola Rozzano;https://www.instagram.com/peccati_di_gola_rozzano
Pizzeria Perla Del Paradiso;https://perladelparadiso.com/
Pizzeria Piazzetta Di Scaroni;https://www.pizzeria-piazzetta.it/
Pizzeria Piccola Capri;https://itplaces.me/piccola-capri-305982-it
Pizzeria Pizz@;https://www.pizzeriasolaro.it/
Pizzeria Pizzaci Sù;https://pizzeriapizzacisu.it/
Pizzeria Pizzaok Di Crema;https://pizzaokcrema.it/
Pizzeria Poldo;https://www.facebook.com/people/Pizzeria-Poldo-Cormano/100051865406645/#
Pizzeria Pomodoro Rosso;https://itplaces.me/pizzeria-pomodoro-rosso-946590-it
Pizzeria Pulcinella;https://pizzeriepulcinella.com/
Pizzeria Regina Margherita;https://pizzeriareginamargherita-gambolo.it/
Pizzeria Regina Sovico;http://pizzeriaregina.xoom.it/
Pizzeria Ristorante Bella Napoli;https://bellanapolipavia.it/
Pizzeria Ristorante Castellani;https://www.instagram.com/pizzeriaristocastellani/
Pizzeria Ristorante Charlot;https://www.ristorantepizzeriacharlot.it/
Pizzeria Ristorante Da Ciro;https://www.pizzeriadaciro.it/
Pizzeria Ristorante Daniela;https://www.ristorantepizzeriadaniela.com/
Pizzeria Ristorante Il Bracere Tirano;https://www.pizzeriatirano.com/
Pizzeria Ristorante La Nuova Campello;https://pizzeriacampello.it/
Pizzeria Ristorante La Picara Casalmaggiore;https://lapicara.it/
Pizzeria Ristorante Mare Blu;http://www.facebook.com/pizzeria-mare-blu-travagliato-403003823392661
Pizzeria Ristorante Marechiaro;https://www.amarechiaro.it/
Pizzeria Ristorante Mediterraneo;https://www.pizzeriaristorantemediterraneo.it/
Pizzeria Ristorante Spazio Libero;https://www.pizzeriaspaziolibero.it/
Pizzeria Ristorante Vecchia Carbonera;https://itplaces.me/pizzeria-ristorante-vecchia-carbonera-102571-it
Pizzeria Rom'antica Monza;https://pizzerie.romanticapizza.it/romantica-monza-5abb695a1199
Pizzeria Roma;https://www.instagram.com/pizzeriaromaghedi
Pizzeria Romana;https://pizzerie.romanticapizza.it/romantica-roncadelle-92086aea15ab
Pizzeria Rosalba;https://www.pizzeriarosalba.com/
Pizzeria Rosticceria Borgo Clio - Pizza & Food Philosophy;https://pizzeriaborgoclio.com/
Pizzeria Rosticceria Desio Polygegè;https://www.pizzeriadesio.com/
Pizzeria Rubina;http://www.pizzeriarubina.it/
Pizzeria Rustica;https://www.pizzeriarustica.it/
Pizzeria San Benedetto;https://www.facebook.com/PizzeriaSanBenedetto
Pizzeria San Giorgio;https://pizzaasangiorgio.it/
Pizzeria San Giorgio Sedriano;https://m.facebook.com/ristosangiorgio/
Pizzeria San Giovanni 2;https://sangiovanni2.com/
Pizzeria San Luca A Rho;https://itplaces.me/san-luca-449350-it
Pizzeria San Marco;https://san-marco-srl.it/
Pizzeria San Michele Dal 1982;http://www.pizzeriasanmichele.it/
Pizzeria San Michele Rho;https://sanmichele-rho.it/
Pizzeria Santa Maria;https://www.ristorantedellamoreopera.it/
Pizzeria Santo Stefano;https://ristorantesantostefano.it/
Pizzeria Sapore Di Pizza Cogliate;https://saporedipizza.top/
Pizzeria Sara Varese;https://www.pizzeriesara.it/
Pizzeria Scalo-merce;https://www.instagram.com/scalomerce/
Pizzeria Seby;http://www.seby.com/
Pizzeria Sempione Da Lorenzo;https://www.facebook.com/Pizzeria-Sempione-Da-Lorenzo-E-Ivan-1092472924130361/
Pizzeria Senso Unico;https://www.facebook.com/Senso-Unico-1256688384347570/
Pizzeria Signorini;https://www.instagram.com/pizzeriasignorini/
Pizzeria Solo Da Noi;https://solodanoi-nerviano.it/
Pizzeria Speedy Pizza;https://www.speedypizzasantangelo.com/
Pizzeria Spiga Di Grano;https://www.facebook.com/pizzeriaspigadigrano/
Pizzeria Spizzico;https://www.pizzeriaspizzico.it/
Pizzeria Take Away;https://www.facebook.com/TakeAwayCarate/
Pizzeria Tarantè Napoli – Milano;https://www.tarantepizzerianapoli.it/
Pizzeria Terra Mia Da Gennaro;http://terramiadagennaro.it/
Pizzeria Tetova;https://pizzeriatetova.it/
Pizzeria Timo Di Agrate;https://www.instagram.com/pizzeria_timo_di_agrate
Pizzeria Titanic;https://www.pizzeriatitanic-sandonato.it/
Pizzeria Top;https://pizzeriameme.it/
Pizzeria Toto' Di Miele Fabio;https://www.pizzeriatoto.com/
Pizzeria Tramonti;https://www.facebook.com/Pizzeria.Trattoria.Tramonti.Cinisello.Balsamo/
Pizzeria Tramontina Di Giordano Gaetano;https://itplaces.me/pizzeria-tramontina-di-giordano-gaetano-678490-it
Pizzeria Trattoria Leo;https://www.pizzeriatrattorialeo.it/
Pizzeria Tre Corone;https://www.pizzeriatrecorone.com/
Pizzeria Tre Merate;https://www.ristorantepizzeriatre.it/
Pizzeria Ventuno;https://pizzeriaventuno.it/
Pizzeria Vesuvio;https://pizzeriavesuviosondrio.com/
Pizzeria Vesuvio Ristorante;https://www.ristorantepizzeriavesuvio.it/
Pizzeria Via Marconi;https://www.pizzeriaviamarconi.it/
Pizzeria Zio Sam 2;https://www.pizzerialentate.com/
Pizzeria del Vicolo – Pizzeria a Nembro Pizza D'Asporto;https://pizzeriadelvicolo.it/
Pizzeria-Hamburgeria Sofi.c'è Cremona;https://linktr.ee/pizzeria_sofi.ce_cremona
Pizzeriatrattoria Fontanella;https://www.pizzeriafontanella.it/
Pizzico Trancio&more;https://pizzicocinisello.it/
Pizzootto Gusto All'infinito - Bande Nere;https://pizzootto.it/
Pizz’Orto Garbagnate;https://www.pizzorto.it/
Planet;https://www.facebook.com/Planetbarpizzeria/
Planet Pizza;https://www.planetpizzacantu.it/
Plant Bistrot;https://www.plantbistrot.it/
Platone Wine & Beer;https://www.platonewinebeer.it/
Please - Pizza & Restaurant;https://pleaselesmo.it/
Plin Pastificio Con Cucina;https://www.instagram.com/plin.milano/
Poco Di Buono;http://www.pocodibuono.net/
Poke Corner Lentate;https://www.instagram.com/pokecorner_lentate/
Poke Garden;https://pokegarden.ipratico.com/
Poke House - Bicocca Village;https://poke-house.com/
Poke Store Voghera;http://www.pokestore.it/
Pokebon | Hawaiian Poke A Crema;https://www.pokebon.it/
Pokeninja;https://www.pokeninja.it/
Poker Pizza d’asporto;https://pizzeriapoker.it/
Pokeria By Naomi;https://www.foodbooking.com/ordering/restaurant/menu
Pokéria by NIMA - Bicocca;https://www.pokeria.com/
Polent-one Burger Bistrot;https://www.polentoneburgerbistrot.it/
Pollicino Cologno.;https://ristopollicino.it/cologno-monzese/
Pollicino Seregno;https://www.ristopollicino.it/seregno
Pomaki;https://www.pomaki.it/
Pomodoro & Mozzarella;https://www.facebook.com/pages/Pomodoro-e-Mozzarella-Lainate/700062740161435
Popeyes Famous Louisiana Chicken;https://popeyeschicken.it/it
Popi Popi;https://m.facebook.com/pages/category/Pizza-Place/Pizzeria-POPI-POPI-587357044741598/
Poporoya;https://www.poporoyamilano.com/
Porkettiamo;https://www.porkettiamo.com/
Portafoglio;https://tiktok.com/@portafogliostreetsud
Portello Caffè Lonato Il Leone;https://it-it.facebook.com/portellocaffe/
Porto Franco Informal Restaurant;https://www.porto-franco.it/
Poshi Poke - Hawaiian Poke Bowl;https://www.poshipoke.it/
Poss Cesate;https://www.ilposs.it/
Possi Gelatieri;https://www.possigelatieri.shop/
Posteria Del Rosso;https://www.posteriadelrosso.it/
Posteria San Rocco;http://www.posteriasanrocco.it/
Pota La Pizza Calcinato;https://facebook.com/potalapizzacalcinato
Pota Poke;https://potapoke.it/
Potafiori;https://www.potafiori.com/
Pour Parler;https://www.pourparlermilano.com/
Pratocentenaro;https://www.facebook.com/PizzeriaPratoCentenaro/
Prealvino;https://instagram.com/prealvino
Premiata Gnoccheria Risotteria Varese;https://www.premiatagnoccheriarisotteria.com/
Prestige Café - Cogliate;https://www.prestigecafecogliate.it/
Preziosilla;https://ristorantepreziosilla.it/
Primevo Ristorante;https://www.primevo-ristorante.it/
Primo Locale;https://www.primolocale.com/
Primo Pronto In Tavola;https://www.primopavia.it/
Prince Ristorante Pak Indiano;https://princerestaurant.it/
Prince's Tower;http://www.facebook.it/princestower
Pronto Pizza;https://m.facebook.com/Pizzeria-Tennis-Nembro-258807257910572/
Pronto Pizza Corridoni;https://www.prontopizzaweb.com/
Proseccheria Cicchetti E Bollicine;https://www.instagram.com/proseccheria49/
Pub Divieto;https://www.facebook.com/divietobarpub/
Pub Pizzeria La Caneva;https://www.ristorantepizzerialacaneva.it/
Pub Ristorante Hi Folks;https://www.hifolks.it/
Pub Ristorante Unibirra;https://www.unibirra.it/
Pucciami Come Vuoi;https://www.pucciamicomevuoi.it/
Puccio Trattoria;https://www.pucciotrattoriacasereccia.it/
Punjab;https://ristoranteindianolecco.it/
Punjab Grill & Bar - Veg Friendly;https://www.punjabgrillbar.com/
Punjabi Dhaba;https://punjabidhaba.it/
Punto E Virgola;https://www.pizzeriapuntoevirgola.com/
Punto Fermo Artisanal Piadina Shop;https://www.puntofermo.net/
Punto Pizza;https://puntopizzacologno.it/
Punto Pizza & Grill House;https://puntopizzaandgrillhouse.it/
Punto Pizza Bedizzole;https://puntopizza.it/
Punto Zero | Pizzeria Cocktail Bar Vigevano;https://puntozerovigevano.it/
Purabrace Inverigo;https://www.facebook.com/purabrace/
Purabrace-grillhouse Vedano Al Lambro;https://www.purabrace.it/
Puro Cibo E Vino;https://www.purociboevino.it/
Putea-sfizioteca Salentina;https://puteamilano.it/
Q - Your Quality Experience;https://qyourqualityexperience.it/
Q-fun Laser Game Alpha Gessate;https://www.alphagame.it/
Qbio Artigiani Del Gusto;https://www.qbioartigianidelgusto.it/
Qbr - Quei Bravi Ragazzi;https://www.qbr-queibraviragazzi.it/
Qking Corestaurant;https://www.corestaurant.it/
Qor - Ristorante Giapponese - Milano;https://www.qor.it/
Qsushi Seregno;https://www.facebook.com/share/1dYTvQycCpYGHks5/
Quadrophenia;https://quadropheniarestaurant.it/
Quanto Basta • food & more • Saronno (Ristorante Cucina Bistrot);https://www.qbsaronno.com/
Quantobasta - Il Piacere Di Mangiare A Casa;https://instagram.com/qb_gourmet
Quattro Lounge Bar;https://quattroloungebar.it/
Queen Lounge Bar;https://www.instagram.com/queen_loungebar_/
Queen Pub Rovato;https://www.instagram.com/queenpubrovato
Quel Posticino Café & Atelier;https://quelposticino.it/
Qui.amare Ristorante Di Pesce;https://quiamare.it/
Quore Italiano Duomo;https://www.quoreitaliano.it/
RALUCAFFÈ;https://www.facebook.com/ralucaffesamarate/
RHOP • Birreria con Forno a Legna;https://www.rhop.it/
RISTORANTE PHỞ PHƯƠNG QUÊ HƯƠNG;https://www.facebook.com/share/1AX3XYy3jZ/
Racing Park;https://www.racingpark.it/
Radici - Bottega Di Quartiere;https://www.bottegaradici.com/
Radici Osteria Contemporanea;https://radiciosteriacontemporanea.it/
Raffaele Di Stasio Pizza E Cucina Contemporanea Lissone;https://www.raffaeledistasio.com/
Raggiocorto Cucina E Vineria;https://www.raggiocorto.com/
Ragnetto Family Park;https://www.ragnettofamilypark.it/
Railroad Brewing Company;https://www.quantoseipunk.it/
Raito;https://www.raito-sushi.it/
Ramen & Ramen Brescia;https://attivita.cittainvetrina.eu/ramenramen/
Ramen Shifu Lambrate;https://ramenshifu.it/lambrate-milano/
Ramen Station;https://www.ramenstationcorsosangottardo.com/
Ramenamano;https://www.ramenamano.it/
Randevu Bar;https://www.instagram.com/randevubar_
Ranokkio;https://ranokkio.it/
Ranza Bistrot - Bar Ristorante Pizzeria;https://lucaphphoto.wixsite.com/ranzabistrotbresso
Ranzani Bistrot;https://www.instagram.com/ranzanibistrot/
Rare Mare;https://www.rare-mare.it/
Rataitoulle;https://rataitoullerestaurant.lovable.app/
Ravioleria Piao Xiang;http://facebook.com/Ravioleriavigevano/
Raw Bistrot;https://rawbistrot.com/raw-bistrot
Rawana Bar & Restaurant;https://rawanabar.com/
Re Galletto;https://regallettocalcinato.it/
Real One Indian Restaurant;https://realoneindianrestaurant.com/
Rebelót Ristorante;https://www.ilrebelot.com/
Rebis Restaurant;https://www.rebisrestaurant.com/
Reburn -meat And Spirit-;https://instagram.com/reburnseveso
Red Dog Rocknroll Bar;https://www.facebook.com/ReddogRNRbar
Red Red Wine La Vineria;https://enotecaredredwine.com/
Reef cafè;https://www.facebook.com/reefcafe.bergamo
Regina Catarì;https://www.reginacatari.it/
Regina's Milano Perù;http://www.reginas-milano.it/
Rendez Vous;https://m.facebook.com/localetreviglio/
Restaurant And Pizzeria Da Mimmo;https://www.damimmo1997.com/
Restaurant Shams Beirut;https://shamsbeirut.it/
Restaurant Sicilia;https://www.hotelristorantesicilia.it/ristorante/
Restaurant Store;http://www.restaurantstore.it/
Restaurant Wen Xiang;https://restaurantwenxiang.wordpress.com/contact/
Restaurant Yifan;https://www.yifanmilano.it/
Retro Osteria;https://www.instagram.com/retro_osteria
Retroscena;https://retroscenarovato.it/
Retròbottega Bistrot;https://www.retrobottegabistrot.com/
Revel Unplugged;https://www.facebook.com/Revel-Unplugged-Chiari-620352061497782/
Revolution Bake & Co | Pizzeria E Focacceria Artigianale;https://facebook.com/revolutionurgnano/
Revolution Desenzano By Linus;http://www.revolutionristorantepizzeria.it/
Rexbibendi Enopub;https://www.rexbibendi.it/
Rho Drigo Bar;https://instagram.com/bar_rhodrigo
Rho Drigo Ristorante Bar;https://www.facebook.com/rodry.scala
Ria Caffetteria E Pasticceria;https://riapassioneitaliana.it/pasticceriacaffetteria/
Ria Trattoria Pizzeria;https://riapassioneitaliana.it/trattoriapizzeria/
Riad Atlas Lion’s;https://atlas-lion-taste.base44.app/
Riad Fes Ristorante Marocchino E Bar Shisha _ Narghile;https://riad-fes-site.vercel.app/
Riad La Perla Nera;https://www.riadlaperlanera.it/
Rian Restaurant Cafe’;http://www.rianrestaurantcafe.it/
Ribot - Birreria & Cucina;https://www.instagram.com/ribot_birreria_cucina_/
Ricetto Bistrot Food&wine;https://www.ricettofoodandwine.it/
Richs;https://www.richsbar.it/
Rigolo;http://www.ristoranterigolo.it/
Rimani;https://www.rimanipavia.com/
Rinconcito Huaralino 2;https://www.facebook.com/Riconcito-Huaralino-2-107785298083511/
Rino;http://www.facebook.com/ristoranterinocomo
Rione Cavour | Cucina Romana | Brescia;https://rionecavour.it/
Ripamonti Cafè;http://www.ripamonticafe.wordpress.com/
Rise Live Bistrot;https://www.riselivebistrot.it/
Risotteria Alla Torre;http://www.risotteriaallatorre.com/
Risotteria Ristorante Orca;https://www.risotteriaorca.it/
Risto Bar & Gelateria Cristallo;https://m.facebook.com/Bar-Pizzeria-Gelateria-Cristallo-182938215070728/
Risto Cafè Meeting;https://www.ristocafemeetingcastelleone.com/
Risto-pizzeria I Girasoli;https://ristopizzeriaigirasoli.it/
Ristobar Bergamo - Pranzi Lavoro, Eventi, Servizio Catering Bergamo;https://www.inprime.it/company/6531/
Ristobar Il Fantino Blu;https://www.fantinoblu.com/
Ristobar Maia, Bef E Tas Dal 2016 L'originale! - Oggiono;https://www.maiabefetas.it/
Ristobio Ristorante Self-service;http://www.ristobio.it/
Ristofante;https://www.ristofante.it/
Ristopizza Taccona;https://m.facebook.com/pizzeriataccona/
"Ristorante ""i Tri Marter""";https://www.iltrima.it/
"Ristorante ""il Locale""sondrio";https://localesondrio.it/
"Ristorante ""laghetto""";https://www.pizzerialaghetto.com/
Ristorante & Pizza Gringhelon;https://www.gringhelon.it/
Ristorante - Bar Anastasia;https://www.ristoranteanastasia.eu/
Ristorante - Pizzeria Da Alfreda;http://ristorantepizzeriadaalfreda.eatbu.com/
Ristorante - Pizzeria La Mansarda;https://www.casavilli.it/
Ristorante - Vineria Bistrot Sotto Il Portico;https://www.bistrotsottoilportico.it/
Ristorante 2 Lanterne;https://www.ristorante2lanterne.it/
Ristorante A Casa Di Rucci;https://www.acasadirucci.it/
Ristorante A Modo Mio;https://instagram.com/amodomio_lodi
Ristorante Agriturismo Funtanin;https://www.funtanin.com/funtanin-ristorante/
Ristorante Al Campanile;https://www.alcampanileristorante.it/
Ristorante Al Coltello;https://www.ristorantealcoltello.it/
Ristorante Al Jawhara;https://www.instagram.com/aljawhara_pub/
Ristorante Al Malò| Specialità di pesce;https://ristorantealmalo.it/
Ristorante Al Mottarone;https://www.facebook.com/al.mottarone
Ristorante Al Pasta Bar;https://alpastabar.it/
Ristorante Al Pertegà;https://www.alpertega.it/
Ristorante Al Santuario;https://www.ristorantealsantuario.com/
Ristorante Al Sorriso;https://www.ristorantealsorriso.it/
Ristorante Al Vecchio Convento;https://www.alvecchioconvento.it/
Ristorante Albergo Corona;https://albergo-corona.albergatore.top/
Ristorante Albergo Papa;https://www.albergoristorantepapa.it/
Ristorante Alcatraz;https://m.facebook.com/pages/Alcatraz/253806561386546
Ristorante Alganera;https://www.ristorantealganera.it/
Ristorante All American Diner;https://www.allamericandinermilano.it/
Ristorante All' Oriente;https://m.facebook.com/pages/Ristorante-Cinese-All-Oriente/716184031766672
Ristorante All'orto Di Sant'antonio;https://www.ortodisantantonio.com/
Ristorante Ambrée;http://www.ambree.it/
Ristorante Ancora;https://www.ristoranteancora.net/
Ristorante Antico Mulino;https://www.instagram.com/anticomulinourgnano
Ristorante Aquarius;https://www.aquariusoceanic.com/
Ristorante Aragosta D'oro Dal 1976;https://www.aragostadorodal1976.com/
Ristorante Arbëria;https://ristorantearbria.it/
Ristorante Archeopark;https://www.instagram.com/ristorante_archeopark/
Ristorante Arena Piola;https://www.arenapiola.it/
Ristorante Asnenga;https://www.ristoranteasnenga.it/
Ristorante Atelier Di Manrico;https://it-it.facebook.com/pages/Atelier-di-Manrico/109973575738995
Ristorante Aurelio;https://www.ristoranteaurelio.com/
Ristorante Baan Thai - Paderno Dugnano (mi);https://www.ristorantebaanthai.it/
Ristorante Bao Dumpling;https://www.instagram.com/ristorantemrdumpling/
Ristorante Bar Canottieri Lecco;https://ristorantecanottierilecco.it/
Ristorante Bar Cascina Parco Gallo;https://ristorantebarcascinaparcogallo.shop/
Ristorante Bar Pizzeria Al Teatro - Specialità Cucina Indiana e Italiana;https://www.ristorantealteatro.it/
Ristorante Bar Pizzeria Il Mago;https://ristorante-il-mago.eatbu.com/
Ristorante Bar Pizzeria Mimmo 2;https://mimmodue.it/
Ristorante Bel Sit Milano;https://www.ristorantebelsitmilano.com/
Ristorante Bella Napoli;https://www.bellanapolirozzano.it/
Ristorante Bella Pavia;https://sanmarco-pavia.it/
Ristorante Bellavista Ripamonti;https://bellavistaripamonti.com/
Ristorante Bettinelli;https://www.ristorantebettinelli.com/
Ristorante Bettola;https://www.hotelristorantebettola.it/
Ristorante Bianca;https://www.ristorantebianca.com/
Ristorante Bindun;https://www.instagram.com/bindun_ristorante
Ristorante Birreria La Loggia;https://www.birrerialaloggia.it/
Ristorante Blue Marlin;https://ristorantebluemarlin.com/
Ristorante Bocca Bassa;https://www.trattoriaboccabassa.it/
Ristorante Boccon Divino;https://boccondivinogallarate.it/
Ristorante Bologna - Varese;https://www.ristorantebologna.varese.it/
Ristorante Borsieri 39;https://www.ristoranteborsieri.it/
Ristorante Ca'solare;https://www.casolare.eu/
Ristorante Cafe'22;https://www.cafe22.online/
Ristorante Calabrese Pipi E Patate;https://linktr.ee/pipiepatateseregno
Ristorante Casa Bianca;https://www.ristorantecasabianca.it/
Ristorante Casa Romano;https://www.casaromanoristorante.it/
Ristorante Casablanca;http://menu.ristorantehaveli.com/Menu-Casablanka.pdf
Ristorante Casablanca Oggi;https://www.instagram.com/ristorante_casablanca_
Ristorante Cascina Costa;https://www.ristorantecascinacosta.it/
Ristorante Cascina Doria;https://www.cascinadoria.it/
Ristorante Cascina Marisa;https://www.ristorante-pan.com/
Ristorante Castello;https://www.ristorantecastellocomi.it/
Ristorante Catalana Milano;https://www.ristorantecatalanamilano.it/
Ristorante Cavallino;https://ristorantecavallinotreviglio.it/
Ristorante Cavour;https://www.ristorantecavour.com/
Ristorante Cavour 15 - Vino E Cucina;https://ristorantetirano.it/
Ristorante Chicco|spillo Gussago;https://www.instagram.com/chicco_spillo
Ristorante China Long;https://www.chinalong.shop/
Ristorante China Town 3;https://itplaces.me/china-town-3-501238-it
Ristorante Church 81;https://www.church81.it/
Ristorante Cinese Grande Shanghai;https://ristorantegrandeshangai.it/
Ristorante Cinese Haokelai;https://ristorante-cinese-hao-ke-lai.it/
Ristorante Cinese La Grande Muraglia;https://lagrandemuragliatrezzo.it/
Ristorante Cinese Monte Ceneri 在他香;https://www.ristorantemonteceneri.it/
Ristorante Cinese Yu-tai;http://facebook.com/yutai.ristorantcinese
Ristorante Cinquantanove;https://ristorante-cinquantanove.it/
Ristorante Civico 7 di Viesi Riccardo, Salò;https://www.instagram.com/civico_7_salo
Ristorante Classico;https://classicobrescia.it/
Ristorante Claudio's;https://claudiosristorante.it/
Ristorante Cochera;https://www.tiktok.com/@ristorante_cochera
Ristorante Colomba;https://www.ristorantecolombadesenzano.com/
Ristorante Comi107;https://www.comi107.com/
Ristorante Conte Milano;https://www.ristorantecontemilano.it/
Ristorante Contigo Peru;http://manoloaurilia.wixsite.com/contigo
Ristorante Corallo;http://www.ristorante-corallo.com/ristorante.htm
"Ristorante Corona ""oster De Fo""";https://www.ristorantepizzeriacorona.it/
Ristorante Corte Bondeno;https://www.ristorantecortebondeno.it/
Ristorante Corte Delle Rose;https://m.facebook.com/pages/category/Italian-Restaurant/Ristorante-Corte-delle-Rose-di-Bertini-Luca-1230890356928411/
Ristorante Corte Francesco;https://www.cortefrancesco.it/
Ristorante Croce Di Malta;https://www.ristorantecrocedimalta.it/
Ristorante Crotto Plinius;https://www.crottoplinius.com/
Ristorante Crìanza | Cucina Pugliese;https://crianzacomo.it/
Ristorante D'karbon&limon2;https://ristorantedkarbonylimon.it/sede-tirana-22/
Ristorante D-light;https://www.dlightbistrot.com/
Ristorante Da Ash;https://ristorantedaash.altervista.org/menu-cena/
Ristorante Da Berti;https://www.daberti.it/
Ristorante Da Bruno;https://www.ristorantedabruno.com/
Ristorante Da Cristian;https://ristorantedacristian.it/
Ristorante Da Giordano Il Bolognese;https://www.dagiordanoilbolognese.it/
Ristorante Da Kico;https://www.dakico.it/
Ristorante Da Long Yì Hot Pot e BBQ | 大龙燚火锅;https://dalongyibrescia.it/
Ristorante Da Ludo;https://itplaces.me/ristorante-da-ludo-962042-it
Ristorante Da Piero | Specialità Pesce | Caronno Pertusella;https://www.ristorantedapiero.it/
Ristorante Dai Gemelli Salis;https://www.ristorantedaigemellisalis.it/
Ristorante Dal Carletto;https://ristorantedalcarletto-treviglio.it/
Ristorante Dal Re;https://www.ristorantedalremilano.com/
Ristorante Dalla Padella Alla Brace;https://www.facebook.com/share/15hGe1vHCT/
Ristorante Del Parco;https://ristorantedelparco.it/
Ristorante Dell'olmo;https://www.ristoranteolmo.it/
Ristorante Dicì;https://www.ristorantepadernodugnano.mi.it/
Ristorante Dimsumye;https://ristorantecinesedimsumye.it/
Ristorante Dina;https://www.dinaristorante.com/
Ristorante E Bar - Labottega;https://www.instagram.com/labottegacremona/
Ristorante E Bistrot #15;https://www.hashtag15.it/
"Ristorante E Pizzeria Da ""lapi""";https://pizzeriadalapi.it/
Ristorante E Pizzeria Fontana D'oro;https://www.fontanadoro.it/
Ristorante E Pizzeria Glory Milano;http://www.ristoranteglorymilano.it/
Ristorante E Pizzeria Royal;https://ristoranteroyal.wordpress.com/
Ristorante E Pizzeria San Giovanni;https://www.facebook.com/San-Giovanni-ristorante-e-pizzeria-600292326760010/
Ristorante Eatmosfera;https://eatmosfera.it/
Ristorante Eden;https://www.edenristorante.net/
Ristorante El Crocante;https://www.facebook.com/Rest-El-Crocante-Varese-105848381190771
Ristorante El Paisano;https://www.tiktok.com/@elpaisanorestaurante
Ristorante Elite Sushi;https://www.elitesushi.it/
Ristorante Enoteca Fuoriporta;https://www.vineriafuoriporta.it/
Ristorante Enoteca La Cantina;https://www.villappiani.com/it/
Ristorante Entrée;https://www.ristorante-entree.com/
Ristorante Erba Brusca;https://www.erbabrusca.it/
Ristorante Falchetto Hotel;https://ristorante-falchetto.comolake-hotels.com/
Ristorante Fate Voi;https://www.ristorantefatevoi.it/
Ristorante Fiordifarina Bistrot;https://www.fiordifarinabistrot.it/
Ristorante Fujiyama;https://www.sushifujiyama.it/
Ristorante Fuku Jima;https://www.fukujima.org/
Ristorante Fuoco & Vino - Brasa Con Cucina;https://www.fuocoevino.it/
Ristorante Fuorimano Otbp;https://www.fuorima.no/fuorimano-otbp/
Ristorante Gambero Rosso;https://www.ristorante-gambero-rosso.it/
Ristorante Garden Sporting Club;https://www.ristorantegardensportingclub.com/
Ristorante Gaudenzi;https://www.ristorantegaudenzi.it/
Ristorante Giallo Milano;https://www.ristorantegiallomilano.com/
Ristorante Giapponese 500;https://www.facebook.com/risto500/
Ristorante Giapponese Yama Sushi;https://www.instagram.com/yamasushi.cornatedadda
Ristorante Giovanni Rana Fiordaliso;https://www.giovannirana.it/ristoranti/i-nostri-menu
Ristorante Gli Amis Del Naviglio;https://gliamisdelnaviglio.it/
Ristorante Goen;https://www.goenristorante.it/
Ristorante Golden Village;https://www.goldenvillage.it/
Ristorante Greco Sirtaki;http://www.sirtaki.biz/
Ristorante Green Park Villa Boschetti;https://www.ristoranteboschetti.it/
Ristorante Green Sushi;https://greensushimilano.it/
Ristorante Gusto Tondo Cermenate;https://www.gusto-tondo.it/
Ristorante Haikky;https://www.haikky.com/
Ristorante Happy Days;https://www.ristorantehappydays.it/
Ristorante Haveli;https://order.ristorantehaveli.com/#
Ristorante Haveli Indiano Varese;http://order.ristorantehaveli.com/
Ristorante Hostaria 2.0;https://www.hostaria20.it/
Ristorante Hosteria Di Bettini Emanuele;https://www.ristorantehosteria.it/
Ristorante I Castagni;https://www.ristoranteicastagni.com/
Ristorante I Nazareni;https://www.inazareni.it/
Ristorante I Tri Basei | Trattoria Meneghina;https://www.instagram.com/itribasei_trattoriameneghina
Ristorante Idea Verde;https://www.ristoranteideaverde.it/
Ristorante Il Camino;https://www.ilcaminodaugo.it/
Ristorante Il Diamante;https://www.ildiamanteolgiate.it/
Ristorante Il Faro;https://www.ilfarodimilano.it/
Ristorante Il Fiordo;http://www.ilfiordo.com/
Ristorante Il Frate;https://www.ristoranteilfrate.it/
Ristorante Il Gesto;https://ristoranteilgesto.it/
Ristorante Il Gufo;https://www.ristoranteilgufo.it/
Ristorante Il Labirinto;https://www.ristoranteillabirinto.com/
Ristorante Il Leoncino;https://ristoranteilleoncino.it/
Ristorante Il Leone;https://www.ristoranteleone.it/
Ristorante Il Paguro;https://www.ristorantepaguro.it/
Ristorante Il Pianone;https://www.ilpianone.it/
Ristorante Il Profeta;https://m.facebook.com/ristoranteilprofeta/
Ristorante Il Villino;https://ristoranteilvillino.it/
Ristorante Imbarcadero 1892 Como;https://ristoranteimbarcadero1892.com/
Ristorante Imbarco 10 Fish Restaurant;https://www.imbarco10.com/
Ristorante In Teatro;https://www.ristoranteinteatro.it/
Ristorante Indiano;https://www.ristoranteindianogallarate.com/
Ristorante Indiano Aangan;https://www.aangan.it/
Ristorante Indiano Shiva;https://www.ristoranteshiva.it/
Ristorante Isola Caprera;https://www.isolacaprera.com/
Ristorante Italiano Pizzeria E Sushi Giardini D'oro;https://ristorantegiardinidoro.it/
Ristorante Japponese Tsubaki;https://www.tsubakisushi.it/
Ristorante Joe Scarpetta;https://joescarpetta.it/
Ristorante Kandoo Cremona;https://www.kandoosushi.com/
Ristorante Koora Sushi;https://www.koorasushi.it/
Ristorante Kyoto;https://go.ordelivery.shop/#/restaurantPage
Ristorante L'angolo;https://www.ristorantelangolo.it/
Ristorante L'antico Teatro;https://www.lanticoteatro.it/
Ristorante L'incontro;https://m.facebook.com/ristorantelincontrobresso/
Ristorante L'ostricaro;http://www.lostricaro.info/index.php
Ristorante La Balera Dell'ortica;https://www.labaleradellortica.com/
Ristorante La Bissa;https://www.ristorantelabissa.it/
Ristorante La Brasserie De Milan;http://www.milanmarriotthotel.com/
Ristorante La Brioschina;https://www.labrioschina.com/
Ristorante La Brisa;https://www.ristorantelabrisa.it/
Ristorante La Cascata;https://wa.me/393470357956
Ristorante La Cascina Dei Gelsi;https://www.lacascinadeigelsi.com/
Ristorante La Cassinazza;https://ristorantelacassinazza.it/
Ristorante La Corte Del Carrobbio;https://www.lacortedelcarrobbio.it/
Ristorante La Corte Maraschi;https://www.lacortemaraschi.it/
Ristorante La Cuccuma;https://www.ristorantelacuccuma.it/
Ristorante La Griglia;https://ristorantelagriglia.it/
Ristorante La Guardia;https://www.ristorantelaguardia.it/
Ristorante La Lampara;https://lalamparamonza.com/
Ristorante La Locanda Bistrò con cucina e Pizzeria;https://lalocandadesenzano.wixsite.com/ilmiosito
Ristorante La Maresana;https://www.trattorialamaresana.it/
Ristorante La Mazza;https://www.ristorantelamazza.it/
Ristorante La Muraglia;https://lamuraglia20089.it/
Ristorante La Muraglia Cinese;https://www.cucinacineselamuraglia.eu/
Ristorante La Pagoda Lin Seregno;http://www.pagodalin.com/
Ristorante La Pergola;https://m.facebook.com/Trattoria-La-Pergola-Segrate-1434382493512677/
Ristorante La Pescheria Da Piero;https://www.ristorantelapescheriadapiero.it/
Ristorante La Piana;https://www.ristorantelapiana.it/
Ristorante La Piemontese;http://www.lapiemontesemariano.it/
Ristorante La Stadera – Tartufo & Territorio | Gavirate (VA);https://lastaderagavirate.net/
Ristorante La Taverna;https://www.lataverna-paderno.it/
Ristorante La Taverna Del Borgo - Gardone Riviera (bs);https://spinelluca.wixsite.com/taverna-del-borgo
Ristorante La Vecchia Isoletta;http://lavecchiaisoletta.it/
Ristorante Latin Chicken 2;http://facebook.com/RistoranteLatin2
Ristorante Le Bistrot;http://lebistrotbeirut.it/
Ristorante Le Cerchie;https://ristorantelecerchie.it/
Ristorante Lo Storico In Como Dal 1941;https://www.storico1941.it/
Ristorante Locanda Del Ticino;https://locandadelticinopavia.com/
Ristorante Locanda Laghetto Fonteviva - In Valganna;https://www.laghettofonteviva.it/
Ristorante Lotus;http://www.ristorantelotus.it/
Ristorante Luna Rossa;https://www.ristorantelunarossamagenta.it/
Ristorante L’Armonica di Rango Diego;https://www.ristorantelarmonica.com/
Ristorante L’isolotto;https://www.instagram.com/ristorante_isolotto/
Ristorante Magenta The Bridge;https://www.instagram.com/thebridge.magenta/
Ristorante Makiart;https://www.makiart.shop/
Ristorante Marcellino Pane E Vino;https://www.facebook.com/Marcellino-Pane-e-Vino-1122532181178014/
Ristorante Marconi 19;https://www.ristorantemarconi19.it/
Ristorante Mare E Monti;https://www.borgoinfesta.eu/
Ristorante Mareamore | Varese;https://www.ristorantemareamore.it/
Ristorante Marino - Italiano & Cinese_ Sushi;https://www.ristorantemarinoosio.com/
Ristorante Mas-cì - Albergo Commercio;https://mas-ci.base44.app/
Ristorante Masseria;https://ristorantemasseria.it/
Ristorante Mediterraneo;https://ristorantemediterraneobicocca.it/
Ristorante Mediterraneo - Seregno;https://www.mediterraneorist.it/
Ristorante Messicano Lissone, La Penca Del Maguey;https://www.lapenca.it/
Ristorante Mex Indo;https://www.mexindo.it/
Ristorante Milano37;http://www.milano37.com/
Ristorante Montorfano;https://www.ristorantemontorfano.it/
Ristorante Mood;https://www.moodasianfactory.it/
Ristorante Mr Lin;https://mrlin.web2.yellgo.cloud/
Ristorante Mulino Dei Pini;https://www.ristoranteilmulinodeipini.com/
Ristorante My Barrunto;https://www.facebook.com/mybarrunto/
Ristorante My Heart 2 Gluten Free;https://yumgo.it/menu/1CQUzp5G6vuThiAFYj9PUM
Ristorante Naviglio;https://www.ristorante-naviglio.it/
Ristorante Nesis;https://www.ristorantenesis.it/
Ristorante Nizza 2;https://nizza2.com/
Ristorante Nizzoli;https://www.ristorantenizzoli.com/
Ristorante Nuova Brianza;https://ristorantenuovabrianza.it/
Ristorante Oishi Sushi;https://www.ristoranteoishisushi.it/
Ristorante Olona Da Venanzio;https://davenanzio.com/
Ristorante Oriani;https://www.ristoranteoriani.com/
Ristorante Osaka;https://www.osakaseriate.it/
Ristorante Ossobuco;https://ristoranteossobuco.it/
Ristorante Osteria Acqua Ciara;https://www.osteriaacquaciara.it/
Ristorante Osteria Da Pietro;https://www.osteriadapietro.it/
Ristorante Osteria Gamba De Legn;https://osteriadelgambadelegn.it/
Ristorante Osteria La Mescita;https://www.lamescita.it/
Ristorante Osteria Valle;https://www.osteriavalle.com/
Ristorante Oya Sushi Fusion Experience;https://www.oyacernusco.com/
Ristorante Papillon;https://www.papillonsesto.com/
Ristorante Parco Dei Colli;https://www.ristoranteparcodeicolli.it/
Ristorante Pepe;https://www.ristorantepepe.it/
Ristorante Pescheria Di Baggio;https://www.ristorantepescheria.com/
Ristorante Piccolo Mare1 - Milano;https://www.piccolomare1.it/
Ristorante Piedigrotta;https://www.ristorantepiedigrottapavia.it/
"Ristorante Pizzeria ""rossi & Rossi""";https://rossierossidesenzano.it/
Ristorante Pizzeria & Hamburger A Pogliano | Padellone;https://www.padellone.it/
Ristorante Pizzeria - Mammà;https://www.mammaristorante.it/
Ristorante Pizzeria Acquario;https://www.facebook.com/ristoranteacquario.eu
Ristorante Pizzeria Al Branca;https://instagram.com/albranca2020
Ristorante Pizzeria Al Castello;https://www.pizzeriaristorantealcastello.it/
Ristorante Pizzeria Al Cervo;https://m.facebook.com/RistorantePizzeriaAlCervo/
Ristorante Pizzeria Al Goloso;https://algoloso.shoppingflash.it/algoloso
Ristorante Pizzeria Al Lago;https://ristoranteallago.wixsite.com/varese
Ristorante Pizzeria Al Passeggero;https://www.alpasseggero.it/
Ristorante Pizzeria Al Portichetto;https://al-portichetto.eatbu.com/
Ristorante Pizzeria Alla Tribuna;https://www.facebook.com/allatribuna.ristorantepizzeria
Ristorante Pizzeria Alla Vecchia Fontana;https://ristorantepizzeriaallavecchiafontana.it/
Ristorante Pizzeria Amalfitana;https://www.pizzeriaristoranteamalfitana.it/
Ristorante Pizzeria Andromeda;https://www.ristoranteandromeda.com/
Ristorante Pizzeria Artigianale;https://www.artigianale-rks.it/
Ristorante Pizzeria Astoria;http://astoria.eatbu.com/
Ristorante Pizzeria Aurora;https://www.facebook.com/Pizzeria-DAsporto-Aurora-810387922416837/
Ristorante Pizzeria Bar Ducale | Cucina Tipica Mantovana;https://www.ristoranteducale.com/
Ristorante Pizzeria Barracuda;https://www.barracuda1898.it/
Ristorante Pizzeria Bella Napoli;https://www.instagram.com/bellanapoliristorante
Ristorante Pizzeria Bube Milanino;https://m.facebook.com/PizzeriaBube/
Ristorante Pizzeria Byron;https://www.ristorantebyron.it/
Ristorante Pizzeria Ca' Di Matt;https://it-it.facebook.com/ristorantecadimattluino/
Ristorante Pizzeria Cadorna;https://ristorantepizzeriacadorna.it/
Ristorante Pizzeria Capri;https://ristorantepizzeriacapri.it/
Ristorante Pizzeria Cavour;https://www.ristorantepizzeriacavour.com/
Ristorante Pizzeria Chalet San Carlo;https://www.facebook.com/Chaletsancarlo/
Ristorante Pizzeria Convivium;https://www.conviviumristorante.it/
Ristorante Pizzeria Costa;https://www.ristorantecosta.it/
Ristorante Pizzeria Da Gerri;https://www.ristorantedagerri.it/
Ristorante Pizzeria Da Lucio;https://www.ristorantepizzeriadalucio.com/
Ristorante Pizzeria Da Marco;https://www.ristorantepizzeriadamarcosuzzara.it/
Ristorante Pizzeria Da Marita;https://www.damarita.it/
Ristorante Pizzeria Da Sandro La Busa;https://www.dasandrolabusa.it/
Ristorante Pizzeria Da Vinci;https://www.ristorantepizzeriadavinci.it/
Ristorante Pizzeria Dai Monelli Scicc ...;https://classone.it/dai-monelli-luino/
Ristorante Pizzeria Dasa | Pizzeria A Legnano;https://www.ristorantepizzeriadasa.it/
Ristorante Pizzeria Degli Olivi;https://www.degliolivi.it/
Ristorante Pizzeria Desenzanino;https://www.desenzanino.it/
Ristorante Pizzeria Dogana;https://www.ristorantedogana.it/
Ristorante Pizzeria Fantasy;https://www.pizzeriafantasy.com/
Ristorante Pizzeria Farghin;https://www.ristorantefarghin.it/
Ristorante Pizzeria Gallo Cedrone;https://gallocedronetrezzano.it/
Ristorante Pizzeria Gemelli Belli;https://itplaces.me/ristorante-pizzeria-gemelli-belli-960063-it
Ristorante Pizzeria Green Park;https://www.greenparkpizzeriaristorante.com/
Ristorante Pizzeria Grill Il Pescatore Milano;https://www.ilpescatoreristorantepizzeria.it/
Ristorante Pizzeria I Pescatori;https://www.ristorantepizzeriaipescatori.it/
Ristorante Pizzeria Il Faro Milano Ca' Granda;https://www.ristoranteilfaro.com/
Ristorante Pizzeria Il Gabbiano;http://www.ristoranteilgabbiano.weebly.com/
Ristorante Pizzeria Il Kaimano;https://ristoranteilkaimano.it/
Ristorante Pizzeria Il Lupo;https://www.brokkio.it/
Ristorante Pizzeria Il Veliero Di Hu Yunyin;https://it-it.facebook.com/Ristorante-Pizzeria-il-Veliero-349561308544479/
Ristorante Pizzeria Il Vicolo;https://ilvicolorho.com/
Ristorante Pizzeria Istanbul Turkish Kebap;https://www.istanbulturkishkebap-lovere.it/
Ristorante Pizzeria Italia Nuova;https://www.pizzeriaitalianuova.it/
Ristorante Pizzeria King Istanbul Turkish Kebap;https://www.kingistanbulturkishkebap-seriate.it/
Ristorante Pizzeria L'orologio;https://m.facebook.com/Ristorante-Pizzeria-lOrologio-233233316689908/
Ristorante Pizzeria La Brace;https://www.ristorantepizzerialabracebrescia.it/
Ristorante Pizzeria La Capanna;https://www.ristorantelacapanna.it/
Ristorante Pizzeria La Conchiglia;http://www.laconchigliadilegnano.it/
Ristorante Pizzeria La Cucca;https://www.pizzerialacucca.it/
Ristorante Pizzeria La Margherita;https://www.ristorantelamargherita.it/
Ristorante Pizzeria La Martesana;https://ristorantepizzerialamartesana.shop/
Ristorante Pizzeria La Nuova Fattoria Mantova;https://www.lanuovafattoriamantova.it/
Ristorante Pizzeria La Nuova Forchetta;https://www.lanuovaforchetta.com/
Ristorante Pizzeria La Terrazza;https://www.pizzerialaterrazza.eu/
Ristorante Pizzeria La Terrazza Da Gaetano;https://www.facebook.com/pizzeriasportodaGaetano
Ristorante Pizzeria Lo Chalet;http://lo-chalet.metro.biz/
Ristorante Pizzeria Lo Smeraldo;https://ristorantepizzerialosmeraldo.it/
Ristorante Pizzeria Lo Stregone;https://lostregonepizzeria.it/
Ristorante Pizzeria Lucania;https://www.ristorantelucania.it/
Ristorante Pizzeria L’altra Piedigrotta;https://www.piedigrottabs.it/
Ristorante Pizzeria Maiori;https://www.ristorantemaiori.it/
Ristorante Pizzeria Mammato Dal 1983;https://www.ristorantepizzeriamammato.com/
Ristorante Pizzeria Marabú;https://maraburistorantepizzeria.it/
Ristorante Pizzeria Marcellino Olio E Vino - Urgnano (bergamo);https://www.instagram.com/marcellino_olio_e_vino/
Ristorante Pizzeria Mare Blu;https://www.ristorantepizzeriamareblu.it/
Ristorante Pizzeria Mari E Monti;https://linktr.ee/Mari_e_Monti
Ristorante Pizzeria Milano;https://www.instagram.com/ristorante_pizzeria.milano
Ristorante Pizzeria Mirabello;https://www.agriturismomirabello.com/
Ristorante Pizzeria Mora;https://www.ristorantepizzeriamora.it/
Ristorante Pizzeria Morgan's;https://morgansristorante.it/
Ristorante Pizzeria Nord Est;https://www.nordestristorantepizzeria.it/
Ristorante Pizzeria Olimpo;https://www.ristoranteolimpobrescia.it/
Ristorante Pizzeria Orchidea;https://www.ristoranteorchidea.it/
Ristorante Pizzeria Parco Nord;https://www.parconord.it/
Ristorante Pizzeria Pasnù;https://pasnuristorantepiz.wixsite.com/ilmiosito
Ristorante Pizzeria Petit Paradis- Pizze Senza Glutine;https://www.ristorantepetitparadis.it/
Ristorante Pizzeria Pub Pianeta Verde;https://www.riservapianetaverde.com/
Ristorante Pizzeria Quattro Archi;https://www.ristorantepizzeria4archi.com/
Ristorante Pizzeria Regina Major;https://www.reginamajor.it/
Ristorante Pizzeria Rondò in Terrazza;https://www.ristoranterondointerrazza.com/
Ristorante Pizzeria Sale E Pepe;https://www.ristorantesalepepe.it/
Ristorante Pizzeria San Gottardo;https://www.ristorantepizzeriasangottardo.it/
Ristorante Pizzeria San Marco;https://www.ristorante-sanmarco.net/
Ristorante Pizzeria San Mina - Milano;https://sanminamilano.com/
Ristorante Pizzeria San Vigilio;http://www.ristorantepizzeriasanvigilio.it/
Ristorante Pizzeria San Vittore;https://www.ristorantesanvittore.it/
Ristorante Pizzeria Santa Maria S.n.c.;https://www.facebook.com/pizzeria.santamariaoff
Ristorante Pizzeria Santo Stefano 4;https://www.santostefano4.it/
Ristorante Pizzeria Sapore Di Mare;https://www.ristorantesaporedimare.it/
Ristorante Pizzeria Selvole | Castel Goffredo;https://www.osteriaselvole.it/
Ristorante Pizzeria Shakespeare;https://www.pizzeriashakespeare.it/
Ristorante Pizzeria Silvano;https://www.ristorantepizzeriasilvano.it/
Ristorante Pizzeria Smile;https://ristorantepizzeriasmile.it/
Ristorante Pizzeria Solange;https://linktr.ee/solangeristorantepizzeria1988
Ristorante Pizzeria Taormina;https://www.instagram.com/taormina_pizzeriaristorante/
Ristorante Pizzeria Tesorella;https://www.facebook.com/ris.tesorella.5
Ristorante Pizzeria Tre Lanterne;https://www.3lanterne.it/
Ristorante Pizzeria Vibes;https://vibesristorantepizzeria.com/
Ristorante Pizzeria Zio Lanzi;https://m.facebook.com/ziolanzitiffany/
Ristorante Pizzicheria Gandula;https://www.gandula.it/
Ristorante Ponte Di Briolo;https://www.ristorantepontedibriolo.it/
Ristorante Pontile Orestino;https://www.ristoranteorestino.it/
Ristorante Porcaloca;https://www.porcaloca.com/
Ristorante Porto...fino;https://instagram.com/ristorante_porto.fino
Ristorante Positano;https://linktr.ee/positano.ristorante
Ristorante Prezzemolo Lin;https://prezzemololin.kuokko.com/it/qrcode
Ristorante Prima fonte 味之源;https://www.instagram.com/primafontecastiglione
Ristorante Primavera;https://www.ristoranteprimavera.com/
Ristorante Primo Piano;https://www.ristoranteprimopiano.it/
Ristorante Pub Bundalinda;https://www.facebook.com/BundaLinda-206331091933/
Ristorante Pulcinella;https://www.ristorantepulcinellaseregno.it/
Ristorante Ranch Mary;https://www.ristorantealranch.com/
Ristorante Ranera;https://www.ristorantelaranera.it/
Ristorante Ratanà;https://www.ratana.it/
Ristorante Regina Di Giudice Lelio & C.;https://www.ristorantereginamalnate.it/
Ristorante Rembrandt;https://www.rembrandtmilano.it/
Ristorante Renato Al Lago;https://ristorantedarenatodesenzano.it/
Ristorante Rigamonti;https://www.ristoranterigamonti.it/
Ristorante Roma;https://sites.google.com/view/ristoranteromagessate/home-page
Ristorante Sakura - Sushi San Giuliano Milanese;https://www.sakura-restaurant.it/
Ristorante Sale Rosa;https://www.ristorantesalerosa.com/
Ristorante Saloon Anatolia2 - Pizzeria - Kebap - Grill | Cassano Magnago;https://www.ristorantesaloonanatolia.com/
Ristorante San Gerolamo;http://www.hotelsangerolamo.com/
Ristorante San Giorgio La Pergola;https://it-it.facebook.com/sangiorgiolapergola
Ristorante San Glicerio 2;https://www.ristorantesanglicerio2.it/
Ristorante Santorini;https://sites.google.com/view/ristorante-santorini/home
Ristorante Segreto Del Sorriso;https://www.facebook.com/segretodelsorrisovigevano/
Ristorante Siriano;https://wa.me/393758268180
Ristorante Spore;http://www.sporeristorante.com/
Ristorante Sporting Brugherio;https://www.ristorantesportingbrugherio.it/
Ristorante Steak-house Da Lory;https://www.ristorantedalory.it/
Ristorante Stendhal Brera;https://stendhalrestaurants.it/
Ristorante Stockholm, Rooms & Meeting Hall;https://www.ristorantestockholm.it/
Ristorante Sushi Club 2;https://www.sushiclub.it/
Ristorante Sushi Huan Cheng Corbetta;https://sushicorbetta.net/
Ristorante Sushi Sakura Vittuone;https://www.sakuravittuone.it/
Ristorante Sushione;https://www.sushi-one.net/
Ristorante Tagiura;https://www.tagiura.it/
Ristorante Taiyo 6;https://taiyo6.it/
Ristorante Tango;https://m.facebook.com/pages/category/Pizza-Place/Pizzeria-tango-ristorante-610955565606609/
Ristorante Tartaruga;http://www.ristorantetartaruga.it/
Ristorante Teatro Alla Scala Il Foyer;https://foyerallascala.com/
Ristorante Terzo Tempo;https://www.ristoranteterzotempo.com/
Ristorante Tesoro;https://ristorante-tesoro.com/
Ristorante Timeout 2;http://www.timeout2.it/resp/timeout2.asp
Ristorante Torino;https://www.ristorantetorino.it/
Ristorante Tradate Con Alloggio;https://ristorantetradate1921.it/
Ristorante Trattoria Del Ponte;https://ristorantetrattoriadelponte.it/
Ristorante Trattoria Il Cantastorie;https://trattoriailcantastorie.it/
Ristorante Trattoria Il Ghiottone;https://www.instagram.com/trattoria_il_ghiottone
Ristorante Trattoria al Balurdù;https://trattoriaalbalurdu.com/
Ristorante Troisi;https://www.ristorantetroisi.it/
Ristorante Umi;https://umiristorante.com/
Ristorante Vac è Press Magenta;https://www.facebook.com/magentavacepress/
Ristorante Vaca Vecia;https://www.vacavecia.it/
Ristorante Vecchia Pesa;https://www.vecchiapesa.it/
Ristorante Vecchio Mulino;http://www.vecchiomulinosondrio.it/
Ristorante Verbella Con Pizzeria | Ristorante A Sesto Calende;https://www.ristoranteverbella.it/
Ristorante Vico Mercati;https://www.vicomercati.it/
Ristorante Villa Europa;https://www.ristorantevillaeuropa.it/
Ristorante Villa Massari;https://www.villamassari.it/
Ristorante Villa Reale;https://villarealeristorante.it/
Ristorante Vista Duomo;https://ristorantevistaduomo.it/
Ristorante Warna, La Vera Cucina Take Away Dello Sri Lanka;https://ristoranteetnicowarna.it/
Ristorante Xier 3;https://www.ristorantexier3.it/
Ristorante Yamakawa;https://www.yamakawa.it/
Ristorante Zen - Sushi Fusion Orientale;https://www.ristorantezen.it/
Ristorante Zhenwei;https://m.facebook.com/ristorantezhenwei
Ristorante cinese Bambù;https://ristorantecinesebambu.it/
Ristorante, Pizzeria Verdesalvia;https://www.verdesalviavigevano.it/
Ristorante-hasushi;http://hasushi.eatbu.com/
"Ristorante-pizzeria ""il Principe""";https://www.ristoranteilprincipe1.it/
Ristorante-pizzeria Il Riccio D'oro;https://www.ristoranteilricciodoro.it/
Ristorante-pizzeria-carmen;https://www.facebook.com/RistorantePizzeriaCarmen2312/
Ristorantino;https://www.ristorantino-lissone.it/
Ristoro Agrituristico La Nuova Fattoria;https://www.instagram.com/lanuovafattoria_/
Ristoro Il Fauno | Ristorante Cesano Maderno;https://ilfauno.it/
Ristoro Ligari - Cell /whatsapp (su Prenotazione );https://www.facebook.com/maurizio.pelosi.5
Ritro';https://www.ritro.it/
Rive Enoteca;https://www.rivenoteca.it/
River Oglio Bike Bar;https://riverogliobikebar.it/
Riviera Milano Restaurant - Lounge Club;https://www.rivieramilano.com/
Rivêa PIZZA E FRITTI;https://www.instagram.com/riveapizza
Rizzo - Come Posso Non Amarti;https://www.rizzocomepossononamarti.it/
Rob De Matt;https://robdemattristorante.it/
Rocchetto;https://www.alrocchetto.it/
Rocchi La Cantina del Furmagé;https://lacantinadelfurmage.it/
Roccocò;https://ristoranteroccoco.com/
Rockys Fish;https://homerorokysfish.com/
Roffioli;https://www.roffioli.it/
Rom'antica Arese;https://pizzerie.romanticapizza.it/romantica-arese-4f778548401d
Rom'antica Carugate;https://pizzerie.romanticapizza.it/romantica-carugate-ff7853294b1b
Rom'antica Cremona;https://pizzerie.romanticapizza.it/romantica-cremona-4e20068db78f
Rom'antica Lentate;https://pizzerie.romanticapizza.it/romantica-lentate-8c2a557929b6
Rom'antica Lonato;https://pizzerie.romanticapizza.it/romantica-lonato-51556304332f
Rom'antica Mantova;https://pizzerie.romanticapizza.it/romantica-mantova-6e6394f4dc11
Rom'antica Milano Ponte Vetero;https://pizzerie.romanticapizza.it/romantica-milano-ponte-vetero-0fcc437f279e
Rom'antica Pavia;https://pizzerie.romanticapizza.it/romantica-pavia-92feb5d7243e
Rom'antica Rozzano;https://pizzerie.romanticapizza.it/romantica-rozzano-5ad347b1a4e7
Rom'antica Seriate;https://pizzerie.romanticapizza.it/romantica-seriate-486c9d585b68
Rom'antica Varese;https://pizzerie.romanticapizza.it/romantica-varese-799c8fe39779
Rom'antica Vigevano;https://pizzerie.romanticapizza.it/romantica-vigevano-d1136eae5eab
Rom'antica Vittuone;https://pizzerie.romanticapizza.it/romantica-vittuone-e8779219c7ae
Roma In Teglia;https://instagram.com/romainteglia
Roma Pizza & Restaurant;https://www.facebook.com/Ristorante-Pizzeria-Roma-1434606596842128/
Romano Riccardo | Sedie E Tavoli;https://romano-riccardo.it/
Rombon Bakery;https://rombonbakery.it/
Rondeau Sport - Bar & Pizzeria;https://www.tennisagrate.com/ristorante
Rosa Bistrot | Ristorante Napoletano E Bar | Oggiono;https://rosabistrot.it/
Rose & Crown Pub San Sebastiano;https://linktr.ee/rose_crown_pub
Rosita - Galletto E Birra Giussano;https://www.rositagalletto.it/
Rosso E Basilico | Pizzeria - Busto Arsizio;https://www.rossoebasilico.com/
Rosso Toscano Vineria;https://www.instagram.com/rossotoscano_vineria
"Rosticceria ""oriente""";https://www.rosticceriaoriente.com/
Rosticceria Bosio In Bosio Orzinuovi;https://rosticceriabosioinbosio.com/
Rosticceria Risciò di Liù Feng;http://www.facebook.com/pages/Risci%C3%B2-Rosticceria-cinese-dasporto-Torre-Boldone/173751736058561
Rosticceria Siciliana Da Mario Como;https://www.rosticceriadamario.it/
Route 66 Dsg;https://www.route66bs.com/
Rovello 18;https://www.ristorante-rovello.it/
Royal Caffè;https://www.royalcaffe.org/
Royal Pizza E Non Solo Bedizzole;https://linktr.ee/royalpizzabedizzole
Royal Taj;https://royaltaj.net/
Rufio Ristorante & Cocktail Bar;https://www.rufioristorante.com/
Rusticone Al Parco Dei Colli;https://www.ristoranterusticone.it/
Rutz Vegan Taproom;https://www.unconventionalzone.it/
Ryori All You Can Eat;https://ryori-info.it/
S'move;https://instagram.com/smovebistrot
S.g.s. Grandi Cucine;https://www.sgsgrandicucine.it/
SIG.Duke Pinseria - La Pinsa N°1 di Monza;https://dukepinseria.it/
Sabor Argentino Takeaway;https://www.saborargentino.it/
Sakakura - Rubens;https://www.sakakura.it/
Sakari;https://sakarirestaurant.shop/
Sakura;http://www.sakurapavia.it/
Sakura Ristorante Cermenate;https://www.sakuracermenate.it/
Sakura Ristorante Giapponese Sesto;https://www.sakuramilano.com/
Sakuramen;https://www.instagram.com/sakuramenlecco
Salato E Dolce;https://www.salatoedolce.it/
Saloon Della Pizza;https://www.facebook.com/Saloon-DELLA-PIZZA-di-Budelli-Davide-113574753615172/
Salotto Cairoli;https://www.salottocairoli.it/
Salsamenteria Del Borgo Osteria Con Cucina;https://www.facebook.com/salsamenteriadelborgo/
Salt Restaurant Vigevano;https://salt-restaurant.lovable.app/
Salvia Cafè;https://www.salviacafe.it/
Sambuus Milano;https://www.sambuus.it/
San Carlo Al Due;https://sancarloaldue.com/
San Francesco - Ristorante Pizzeria;https://innovalabitaly.wixsite.com/sanfrancesco
San Giorgio;https://pizzeriasangiorgiocasati.it/
San Karas;https://m.facebook.com/pages/category/Pizza-Place/Pizzeria-San-Karas-a-Novate-milanese-482793815096366/
San Martino;https://itplaces.me/san-martino-730122-it
San Martino Vino E Cucina;https://www.instagram.com/sanmartinovinoecucina
San Maurì;https://www.sanmauri.it/
San Michele;https://www.ristorantepizzeriasanmichele1.it/
San Mina;http://www.facebook.com/sanminaristorantepizzeria
Sandalmazi Gourmet Grill;https://www.sandalmazi.com/
Sangria Tapas Y Alegria;https://www.sangriapavia.it/
Sani Sapori Gastronomia E Bistrot Cucina Vegetale;https://sanisapori.my.canva.site/
Sanjo;https://www.comofood.it/
Sant'ambrogio;https://www.ristorantesantambrogio.com/
Santa Lucia;https://santalucialecco.it/
Santo Milano;https://barsantoconcucina.it/
Sapore Misto;https://saporemisto.it/
Sapori & Tradizioni Di Marra;https://www.instagram.com/saporietradizioni_bollate
Sapori Mediterranei;https://www.facebook.com/Sapori-Mediterranei-170886606867194
Sapori Stellari;https://saporistellari.it/
Sapporo Fusion Restaurant;https://www.sapporocasalpusterlengo.com/
Sapurì French tacos;https://www.instagram.com/sapuri_frenchtacos_milano
Sara Caffè;https://www.instagram.com/sara.caffe.bar/
Saravanaa Bhavan Milano | Best Indian Restaurant In Milan;https://saravanaabhavan.it/
Sassi Pizzeria Kebab;https://www.pizzeriasassi.it/
Satori Sushi Restaurant;https://www.satorisushi.it/
Savana Ristorante Eritreo;https://www.ristoranteeritreo.com/
Savas Kebab Pizza Grill & Bar;https://www.instagram.com/savas_ristorante
Savô Pizzeria Gourmet;https://www.pizzeriasavo.it/
Sawa Fusion Cucina Ristorante;http://youtube.it/facebook/tiktok/instagram
Sawatdee Ka Thai Food;http://www.ristorantethailandesecomo.it/
Sbaffini - Urban Food & Coffee Break - Colazioni, Aperitivi E Pranzi Di Lavoro;https://www.facebook.com/sbaffini/
Scacciapensieri;https://www.instagram.com/scacciapensieritreviglio/
Scalo 32;http://instagram.com/scalo.32
Scaravelli: Ristorante;https://www.scaravelli.it/ristorante
Scarpetta Home Restaurant;https://www.scarpettahomerestaurant.it/
Sciality - Sapori Siciliani;https://www.instagram.com/sciality.cinisellob
Scibuino Osteria Urbana;https://www.scibuino.it/
Sciuscia ' Restaurant;https://www.sciusciarestaurant.com/la-pescheria.html
Sconosciuta Compagnia;https://www.sconosciutacompagnia.com/
Scotti Bistrò;https://www.scottibistro.it/
Scrok;https://www.scrok.it/
Seafood Italia;http://www.seafooditalia.com/chi-siamo.html
Seastar Ristorante;https://seastar1858.com/
Secondo Livello;https://barsecondolivello.it/
Sedicigusti;https://www.sedicigusti.it/
Self Service Pizzeria Ezelino's;https://m.facebook.com/vania.ezelinos/
Selva Bistrot;https://www.selvabistrot.com/
Semplice;https://instagram.com/semplice_villasanta
Semplice By Mzmtr;https://www.mzmtrshop.com/semplice-solo-pero-via-sempione
Sen Sushi;https://centrolecupole.com/sen-sushi/
Senoku Ramen;https://www.instagram.com/senokuramen
Sensi Di Polpa - Tavola Calda;https://la-dimora-del-sapore-fs1j30c5.durable.site/
Seon Ristorante Coreano Milano;https://www.seonristorantecoreano.com/
Seoul Pocha;https://seoulpocha.it/
Seta By Antonio Guida;https://www.mandarinoriental.com/en/milan/la-scala/dine/seta
Seven Casa Dei Ciliegi;https://www.sevencasadeiciliegi.com/
Severino Sushi Bar;https://www.severinovoghera.it/
Sfizio Misto Caffetteria Fast Food;https://sfiziomistolodi.it/
Sfrigola;https://www.sfrigoladelizieespresse.it/
Sfízío dí Pízza;https://sfiziodipizzacesat.wixsite.com/ilmiosito
Shabby Café;https://www.facebook.com/shabbycafe
Shabu Codogno;https://shabufusion.it/portfolio-item/shabu-codogno/
Shabu Erba;https://www.shabufusion.it/punto-vendita/shabu-erba/
Shabu Lecco;https://shabulecco.com/
Shabu Seregno;https://www.shabufusion.it/punto-vendita/shabu-seregno/
Shakti Food;https://www.shaktisweethome.it/
Shalimar Restaurant;https://www.shalimarrestaurant.it/
Shanghai;https://www.ristoranteshanghaipavia.it/
Sheng Sushi All You Can Eat;https://www.sheng-sushi.it/
Shibuya Milano;https://shibuya.web.yellgo.cloud/
Shin Restaurant;https://www.shinrestaurant.it/
Shinko Sushi Restaurant;https://shinkorestaurant.it/
Shisha Bar Dar Maya;https://www.facebook.com/DAR-MAYA-Shisha-Lounge-111511070642739/
Shiv Dolce & Vita;https://www.facebook.com/Chef-of-India-321293411966144/
Shizen Milano;https://www.shizen-milano.com/
Shokuya 1984 - Ramen Restaurant;https://shokuyaramen.it/
Sicilian Brera Wine & Food Art Milano;http://www.sicilianbrera.com/
Siciliano Ristorante Pizzeria;https://siciliano-ristorante-pizzeria.eatbu.com/
Sicily A;https://foodsicilya.it/
Sicily Isola Del Piacere;https://www.facebook.com/sicily.isoladelpiacere/
Signori Si Nasce;https://www.signorisinasce.com/
Silene • Bar & Restaurant;https://www.silenebarandrestaurant.com/
Siloe Bistrot;https://www.siloebistrot.it/
Silva's caffè and sri Lankan restaurant;https://silvascaffe.it/
Simo Pizza;https://www.instagram.com/simopizzaofficial
Simposio;https://simposioinverigo.it/
Simul Restaurant&drink;https://simul-restaurant-drink.it/
Sinestèsi;https://www.sinestesi.it/
Sister's Cafè;https://m.facebook.com/pages/Sisters-Cafe/293034634419965
Sisters Pancaffè;https://www.facebook.com/Sisters-PanCaff%C3%A8-104251117626489/
Skorpion Restaurant & Lounge;https://skorpionrestaurant.wixsite.com/skorpionrestaurant
Skuby Italian Food Quality;https://www.skuby.it/
Slam Bistrò;https://tennisclubarcore.it/news/ristorante-slam-bistro/
Slice Milano;https://slicemilano.it/
Smart 24;https://www.smart24.info/
Smash Burger #smash_it# Tacos# Kebab# #laveno #;https://www.instagram.com/smashburger_laveno
Snack House;https://www.facebook.com/snackhousecr
Sobborgo Napoletano;https://www.instagram.com/sobborgo_napoletano
Società agricola Vallalta;https://agriturismovallalta.it/
Soffice & Croccante;https://www.sofficecroccante.it/
Sofra - Turkish Cuisine;https://sofraturkish.com/
Sofra Ristorante Italo-turco;https://linktr.ee/sofrasantangelolodigiano
Sofra Turkish Restaurant;https://sofraitalia.com/
Sogud;http://sogud.it/
Sole D'oriente Restaurant;https://www.instagram.com/sole_doriente
Sonkei Omakase;https://www.sonkeiomakase.it/
Soprattutto;https://www.soprattuttocarne.it/
Soqquadro Restaurant, Pizzeria And Tapas Bar;https://grupposoqquadro.com/soqquadropescarenico/
Sorsi E Bocconi;https://www.sorsiebocconi.com/
Sotto La Torre Birreria;https://www.instagram.com/birrasottolatorremelzo/
Sottofondo Cocktail Bar;https://sottofondolecco.it/
Sottovento;https://sottoventodesenzano.it/
Sound Soresina;https://www.soundsoresina.it/
South Italy Pizzeria;https://www.pizzeriasouthitaly.com/
Spacca Curno;https://www.laspacca.com/
Spacca Pizza;https://linktr.ee/spaccapizza
Spadari Restaurant;https://spadarirestaurant.shop/
Spaziobianco;https://www.spazio-bianco.com/
Specialità Vanda e Piero;https://www.specialitavandaepiero.com/
Spectre - Lounge Bar & Ristorante;https://www.padel007.com/menu/
Speedy Pizza Arese;https://speedypizza-arese.it/
Spicy Bites Ristorante Seveso;https://spicybites.shoppingflash.it/spicybites
Spiedonny;http://www.spiedonny.it/menu.html
Spine;https://spinebrescia.it/
Spizzicapizza;https://spizzicapizza.wixsite.com/spizzicapizza
Sporting Pub;https://www.sportingpub.it/
Sports Bar By Daniela Serina;https://m.facebook.com/Bar-Sport-Lonato-219777561816694/
Sprazzo;http://www.sprazzo.it/
Sprint - Bottega. Trattoria. Hi-fi Bar.;https://www.instagram.com/sprint_bergamo
Spritz & Burger Clusone;https://www.facebook.com/spritzandburger/
Spritz & Burger Desenzano D/garda;https://www.facebook.com/SpritzBurgerDesenzano
Star Golden Turkish Kebap Pizza Grill;https://bitlocal.it/stargolden-castegnato
Star Pizza Kebab Brembate;https://starpizzakebabbrembate.it/
Star Pizzeria&kebap;https://starpizzeriakebap.it/
Stardust Slow Coffee Bar;https://stardustcoffee.it/
Start Up Burger;http://www.facebook.com/pages/Start-UP/842042795866881
Station Cafe & Restaurant;https://www.instagram.com/station_treviglio
Steak House ristorante Trippolini “NIGHT TIME SERVICE”;https://www.instagram.com/steakhousetrippolini_nighttime
Stella Marina Milano;https://www.stellamarina-milano.it/
Stilo Ristorante Pizzeria;https://www.instagram.com/stilocomo_ristorante
Stop Over Wine;https://it-it.facebook.com/pages/category/Bar/Stop-Over-Wine-Drink-Food-474331622619858/
Stopesce - Pescheria Con Cucina;https://www.stopesce.it/
Storica Pizzeria Della Stazione;https://tinyurl.com/ys23tw8n
Storico Cafè;https://storicocafebrescia.it/
Strabù Gelato;https://www.instagram.com/strabugelato/
Strapizza...mi;https://strapizzami-gavirate.it/
Strapizzami;https://m.facebook.com/Strapizzami-Crema-1711638129064130/
Strapizzami Desio;https://www.facebook.com/share/15wbcEomDK/
Stratos;https://m.facebook.com/Stratos-Pub-1689754194622449/
Street Smash Burgers;https://streetsmash.com/
Strippoli Milano;https://www.ristorantestrippoli.it/
Stube Birreria;http://www.facebook.com/pg/stubebirreria/
Sturipizza Via Suardi;https://www.sturipizza.it/
Stuzzicando Srl;https://m.facebook.com/pages/Pizzeria-Stuzzicando-Mozzate/1029991297035886
Stuzzisushi;https://www.stuzzisushi.it/
StàSchiscia;https://staschiscia-streetfood.it/
Succulenta;https://succulenta.it/
Sugoi;https://www.sugoicesano.it/
Suite Cafè;https://instagram.com/suite_cafe_insta
Suku Sushi;https://www.sukusushi.it/
Sullivan Ristorante & Hotel;https://www.sullivanristorantehotel.it/
Sultan Pizzeria & Kabap;https://www.expressmilano.com/
Sumo Sushi;https://www.sumosushi.it/
Sun;https://www.ristorantesushisun.it/
Sun Beach Cafe';https://negozi.sisal.com/my-sisal/mazzano-via-ludovico-venturoli-24-i-sun-beach-cafe
Surabaya06 Bar Discoteca;https://www.surabaya06.com/
Surreal;https://grupposoqquadro.com/surrealbar/
Sushi Chen;http://sushichen.it/
Sushi Daily Castano Primo;https://www.sushidaily.com/it-it/dove-siamo/castano-primo/
Sushi Daily Mariano Comense;https://sushidaily.com/it-it/dove-siamo/mariano-comense-xx-settembre/
Sushi Daily Oggiono;https://sushidaily.com/media/gatbdrot/menuschedea4_nov2024low.pdf
Sushi Daily Opera Mi;http://sushidaily.it/
Sushi Daily Trezzo Sull'adda;http://www.sushidaily.com/
Sushi Dong;https://sushidong.it/
Sushi Fratelli Milano;https://www.sushifratellimilano.it/
Sushi Futuro;https://www.sushifuturo.it/
Sushi H Restaurant;https://www.ristorantesushiroll.com/m/index.php
Sushi Ho;https://sushiho.it/
Sushi House;https://www.sushihouse.it/
Sushi Impero - Seriate;https://sushiimpero.it/impero-seriate/
Sushi Joy - All You Can Eat - Rodengo Saiano;https://sushijoy.it/
Sushi King;https://www.sushikingmilano.it/
Sushi Lab J;https://www.facebook.com/sushilabj/
Sushi Land - San Giuliano Milanese;https://www.restaurantsushiland.it/
Sushi Land - Vimodrone;https://www.restaurantsushiland.it/sushi-land-vimodrone-2/
Sushi Lin 3;https://sharemenu.it/sushi-lin-3/
Sushi Maison Crema 1;https://www.sushimaison.it/
Sushi Maison Voghera;https://www.sushimaisonvoghera.it/
Sushi Okaina;https://www.okainasushi.it/
Sushi One Superior - Mantova;http://sushionemantova.it/
Sushi One Superior Desenzano;https://www.facebook.com/sushionedesenzano
Sushi Ono;https://sushiono.eu/
Sushi Plus;https://www.sushiplusrestaurant.com/
Sushi Ran Ugoni;https://sushiran18.com/
Sushi Roll;https://www.sushirollsushi.it/
Sushi Romance Restaurant - Monza;https://www.sushiromance.it/
Sushi Spot;https://www.instagram.com/sushispotmerate
Sushi Time -lentate Sul Seveso;https://www.sushitimelentate.it/
Sushi Voyage;https://sushivoyage.it/
Sushi World;https://sushiworld.it/
Sushi Yami Manerbio;https://www.sushiyami.it/
Sushi Yuhu All You Can Eat Restaurant;https://www.sushiyuhu.it/
Sushi Zen;https://www.sushizen.it/
Sushi Zero;https://www.sushizero.it/
Sushic Cassano Magnago;https://sushic.it/
Sushiroll;https://www.sushirolldelivery.it/
Sushiya Restautant;https://www.sushiyarestaurant.it/
Sushiyo;https://www.sushiyomilano.com/
Symposion Parabiago;https://symposionparabiago.it/
T's Way;https://www.tsway.it/
Ta' Bonito Ristorante;https://instagram.com/tabonitoristorante
Ta-hua;https://www.tahua.it/
Taac Trattoria;http://linktr.ee/Taac
Tabaccheria Scooby Doo Cafe';https://bartrattoriasenago.milano.it/
Tabacchi Bar Con Cucina Alberto;https://albertotabacchi.com/
Tabula Rosa;https://www.tabularosa.it/
Tacco 12 Cafè;https://www.facebook.com/tacco12lissone/
Taco Burger;https://tacoburger.it/
Tadim Istanbul Turkish Kebap & Grill;https://www.maleopizzighettone.it/pizzighettone/ristoranti-hotel-pizzighettone/tadim-istanbul/
Taiyo Sushi Restaurant;https://www.taiyo.it/
Taj Mahal;https://www.tajmahalbrescia.it/
Taj Mahal Bergamo - Ristorante;https://www.tajmahalristorante.it/
Takeaway Bistrot;https://www.takeawaymilano1976.com/
Tako Sushi Lab;https://www.takosushilab.it/
Tami Sushi;https://tamisushi.it/
Tamo Mozzarella Bar;https://tamomilano.it/
Tandoori Bites;https://www.tandooribitesmilano.it/
Tandoori Flame;https://tandooriflame.it/
Tandoori Tikka Halal Food Ristorante;https://tandoorikebab.it/
Tandy Ristorante;https://www.tandy.it/
Tang Gourmet Dim Sum Restaurant;https://www.facebook.com/pages/Tang-Gourmet/1275270155822902
Tanishka;https://tanishkaristo.com/
Tao 2;http://www.tao2.it/
Tap Room Gimme More;https://www.gimmemore.it/
Tapita Beer And Grill;https://www.facebook.com/tapitacalcinato
Tardis Pub Birreria Ludoteca;https://www.tardispubmilano.it/
Taste;https://www.we-taste.it/
Taste Grill Pak Indiano;https://tastegrillpakindiano.it/
Taste Treviglio;https://www.instagram.com/taste.treviglio
Taverna Concordia;https://concordialaveno.it/
Taverna Degli Amici;https://www.tavernadegliamici.eu/
Taverna Degli Artisti;https://ristorantetavernadegliartisti.it/
Taverna Dei Sapori;https://www.latavernadeisapori.it/
Taverna Del Bucaniere;https://www.instagram.com/tavernadelbucaniere
Taverna La Botte;https://tavernalabotte.org/
Taverna Mediterranea;https://www.facebook.com/taverna-mediterranea-67858882347/
Taverna Tarèl;https://www.tavernatarel.com/
Tavernacolo Parabiago;https://parabiago.tavernacolo.it/
Tavo's Cucina Peruviana;https://www.tiktok.com/@lacocinadetavos1
Tavola Felice Ristorante Pizzeria;http://www.tavolafelice.it/
Tcbistrot Bergamo;https://www.tcbistrotbergamo.it/
Te Beso;https://te-beso.it/
Teatro Cafe';https://www.facebook.com/amiciteatrocafe/
Tec Restaurant;https://tecrestaurant.it/
Tel Chi Osteria & Vineria;https://telchiosteria.it/
Telavevodettoo;https://www.telavevodettoo.it/
Telocucinoio;https://telocucinoio.wordpress.com/
Tempindrè;https://www.tempindre.it/
Tempo Osteria Contemporanea & Winebar;https://www.tempowinebar.it/
Tentami Pizzeria;https://www.instagram.com/tentami_pizza
Tentazioni Ristorante;https://www.tentazioniristorante.it/
Tenuta Cascina Canova;https://www.tenutacanova.com/
Terminal 1 - Brewfist Brewpub;https://www.terminal1.it/
Terrazza 13;https://www.terrazza13.com/
Terrazza Gallia;https://www.galliadining.com/
Terrazza Panevo;https://www.panevorestaurant.com/
Terrazza Triclinium;https://www.instagram.com/terrazza_triclinium/
Terroir - Winehouse;https://www.instagram.com/terroir_arcore
Testina;https://www.testina.eu/
Testone;https://magnatestone.com/
Thai Chokdee Restaurant;https://www.thaichokdee.it/
Thai House Restaurant Seregno;https://www.thai-house.it/
Thai Lounge Milano;https://www.thailoungemilano.it/
Tham Milano;https://www.tham.it/
That's Amore La Pizzeria;https://www.facebook.com/thatsamorelapizzeria/
Thatzburger;https://www.thatzbuger.it/
The Alchemist Bar Bergamo;https://www.alchemistbergamo.it/it/
The Beach Milano;https://www.thebeachmilano.it/
The Beer Corner;https://www.instagram.com/thebeercornercantu/
The Blue Crab;https://www.royalgardenhotelmilano.com/ristorazione/ristorante-blue-crab/
The Brisket;https://www.brisketmilano.com/
The Caffe Bar;https://thecaffebar.shop/
The Dhaba;https://www.thedhaba.it/
The Farm Rovere;https://www.agriturismoilrovere.it/it
The Flat Cocktail Bar & Bistrot;https://www.theflatmonza.it/
The Fortyfive;https://www.thefortyfive.it/
The Fresh Poke - Seregno;https://www.thefresh.menu/
The Friends Pub Milano;https://www.thefriendspubmilano.it/
The Garden Milano;https://thegardenmilano.it/
The Ghost;https://www.ghostpub.it/
The Grill Pizzeria Birreria;https://www.thegrill.it/
The Ice Cream Makers;https://www.facebook.com/Il-Gelatiere-Rovato-563955600380153/
The King Bistrot;https://www.thekingbistrot.it/
The Martinelli's Garden;https://lucamartinelli.dev/
The Milan Castle Paderno Dugnano;https://themilancastlepaderno.my.canva.site/
The Mode;http://www.themode.it/
The Old Jesse;https://www.facebook.com/THEOLDJESSE
The Olly Erba;https://theolly.it/
The Original German Doner Kebab;https://ogtheoriginal.com/
The Pica Bar Silvia Ponticelli;https://www.facebook.com/483166335130593/
The Polo Hub Hotel Coffee Bar Restaurant;https://www.thepolohub.it/
The Purty Kitchen Di Ghidori Ombretta & C. S.n.c.;https://thepurtykitchen.com/
The Rising Bakery;https://www.therisingbakery.it/
The River Hamburgeria & Birreria;https://qrco.de/bbXCAU
The River Pub;http://www.instagram.com/theriverpub2025
The Vibe Lounge Seregno;https://www.instagram.com/vibeloungeseregno
The new Grancaffè;http://flavorfulgroup.it/grancaffe
Theorema Ristorante Pizzeria;https://theoremaristorantepizzeria.it/
Tie Break Trezzano | Padel, Tennis & Bistrot;https://www.tiebreaktrezzano.it/
Tiffany Caffè;https://www.tiffany-caffe.it/
Tigella Bella;https://www.instagram.com/tigellabella.como
Tigella Bella Desenzano;https://www.instagram.com/tigellabelladesenzano
Tigella's Corsica;https://www.tigellas.it/
Tijuana;https://www.ristorantitijuana.com/
Tiki Tacos Manerbio;https://tikitacos.it/
Tiporto;https://www.tiportorestaurant.com/
Tira, Mola E Meseda;https://www.tiramolameseda.it/
Tiro A Volo By Mame Steakhouse;https://www.mamesteakhouse.com/
Tite;https://www.titemilano.it/
Tnt Pizzeria Brewery Pub;https://m.facebook.com/tntbirreria
Toast To Coast Bicocca;https://www.toastocoast.it/
Toasteria Italiana;https://www.toasteriaitaliana.com/
Todo Bien;https://todobien39.com/
Todo Mundo;https://instagram.com/todomundopub
Toku Ramen;https://www.tokuramen.com/
Tokyo 258;https://sharemenu.it/tokyo-258
Tokyo Nomi Sushi;https://www.tokyosushi.it/
Tokyo Restaurant;http://www.tokyosondrio.it/
Tokyo Station;https://www.tokyostation.it/
Tombon;https://eltombon.it/
Tomi Sushi;https://sushitomi.it/monza-2/
Tommasi Milano;https://www.tommasimilano.it/
Tomoyoshi Porpora 109;https://tomoyoshiporpora.com/
Tono;https://www.tonorestaurant.it/
Tony Bistrò;https://tonybistro.altervista.org/
Top Gourmet;http://www.topgourmet.it/self-services.php
Top Gourmet Erba;https://www.topgourmet.it/
Torre;https://www.fondazioneprada.org/torre/
Toscanini 67 - Ristorante Pizzeria Grill;https://www.toscaninirozzano.it/
Toscanino Milano;https://www.toscanino.com/
Toshi;https://stradella.toshirestaurant.it/
Toshi Restaurant;https://toshisommalombardo.it/
Totò pizza al trancio;https://www.instagram.com/toto_pizza_al_trancio
Touro Churrascaria;https://touromilano.it/
Toyama;https://ristorantetoyama.it/
Tra le righe Cafè Cesate;https://www.facebook.com/cafetralerighe
Tramvai Cremona;https://www.tramvai.eu/
Tramé - Brera;https://www.venetiantrame.it/
Trancio Siciliano | Milano Certosa;https://tranciosiciliano.it/
Trastevere;https://trastevereromano.it/
"Trattoria ""amici Miei - Atto Ii"" | Ristorante Milano";https://amicimieimilano.it/
Trattoria 26 Aprile;https://trattoria26aprile.it/
Trattoria Adamello;https://m.facebook.com/Locanda-Adamello-810874949107693/
Trattoria Al 395;https://www.bartrattoria395.it/
Trattoria Al Caricatore;https://www.trattoriacaricatore.com/
Trattoria Al Fontanone;https://www.facebook.com/pages/category/Diner/Trattoria-Al-Fontanone-149986498368987/
Trattoria Al Laghett;https://www.allaghett.it/
Trattoria Al Novantuno;https://pizzeria-al-91.vercel.app/
Trattoria Al Portichetto;https://www.facebook.com/trattorialportichetto/
Trattoria Al Santuario;https://www.trattoriasantuario.it/
Trattoria Alle Piante Ristorante Pizzeria;https://www.allepiante.it/
Trattoria Andrea - Bar E Caffetteria;https://www.trattoriaandrea.it/
Trattoria Annovazzi;https://ristoranteannovazzi.it/
Trattoria Antico Borgo;https://www.anticoborgocremona.it/
Trattoria Bar Rondinella Snc;http://www.trattorialarondinella.it/
Trattoria Bar Sport Da Ignazio;https://www.facebook.com/Trattoria-bar-sport-da-Ignazio-165686133783251/
Trattoria Bolognese Da Mauro;https://www.facebook.com/groups/382608620534/
Trattoria Borgovecchio E Locanda Borgovecchio;https://www.trattoriaborgovecchio.it/
Trattoria Burlagiò;https://www.trattoriaburlagio.it/
Trattoria C'era Una Volta;https://www.trattoriaceraunavolta.it/
Trattoria Camozzi;https://www.trattoriacamozzi.it/
Trattoria Canalino;https://it-it.facebook.com/TrattoriaCanalino/
Trattoria Canto Giovannella;https://www.trattoriagiovannellaincanto.it/
Trattoria Capolinea;https://www.trattoriacapolinea.it/index.php
Trattoria Caprese;https://m.facebook.com/pages/category/Diner/Trattoria-Caprese-Busto-Arsizio-114352216657958/
Trattoria Cascina Bombaglio;https://m.facebook.com/Trattoria-Cascina-Bombaglio-592272297476807/
Trattoria Cave - Cucina Casalinga;http://www.paginegialle.it/trattoriacave
Trattoria Consolini;https://www.bellavistabistro.com/competitor-analysis/trattoria-consolini
Trattoria Contemporanea;https://www.trattoriacontemporanea.it/
Trattoria Corte Fiorina;https://www.cortefiorina.it/
Trattoria Croce Bianca;https://www.facebook.com/trattoriacrocebiancaa
Trattoria Da Carla;https://www.trattoriadacarla.com/
Trattoria Da Fabio;https://www.trattoriadafabio.com/
Trattoria Da Gianni;https://www.trattoriadagianni.com/
Trattoria Da Gio.ve;https://trattoriadagiove.it/
Trattoria Da Giulia;https://www.trattoriadagiulia.com/
Trattoria Da Marta;https://www.facebook.com/trattoriadamarta/
Trattoria Da Oscar - Ristorante Lonato Del Garda;https://www.daoscar.it/
Trattoria Da Panciroli;https://www.trattoriadapanciroli.it/
Trattoria Da Pino;https://m.facebook.com/pages/Trattoria-Da-Pino/134375419943240
Trattoria Dei Cacciatori;https://www.trattoriadeicacciatoribrugherio.it/
Trattoria Del Brugo;https://www.trattoriadelbrugo.it/
Trattoria Del Buongustaio;https://www.trattoriabuongustaio.it/
Trattoria Del Moro;https://www.trattoriadelmoro.com/
Trattoria Della Stampa Le Cupole;https://www.trattoriadellastampacupole.it/
Trattoria Della Stampa Milano;https://www.trattoriadellastampamilano.it/
Trattoria Della Valera Da Mamma Angela;https://trattoriadellavalera.com/
Trattoria Due Stelle;https://trattoriaduestelle.com/
Trattoria E Salumeria Benzoni S.n.c.;https://trattoriaesalumeriabenzoni.eatbu.com/
Trattoria Edda;https://www.trattoriaedda.it/
Trattoria El Sorbir;http://www.trattoriaelsorbir.it/
Trattoria Falconi;https://www.trattoriafalconi.com/
Trattoria Filograna;https://trattoriafilograna.it/
Trattoria Fà Ballà L'Oeucc;https://www.trattoriafaballaloeucc.it/
Trattoria Gin Gin - Ristorante | Bar | Pranzi Di Lavoro;https://trattoria-gin-gin.it/
Trattoria Girasoli;https://www.ristorantegirasoli.com/
Trattoria Guallina;http://www.trattoriaguallina.it/
Trattoria Il Circolino Di Anna E Raffaele;https://facebook.com/ilcircolinosantangelo/
Trattoria Il Melograno;https://www.trattoriailmelograno.it/
Trattoria Il Ponte Sullo Stretto;https://www.facebook.com/TrattoriaIlPonteSulloStretto
Trattoria Il Quadrifoglio;https://trattoriailquadrifoglio.base44.app/Home
Trattoria L'ocanda;https://www.locandaleno.it/
Trattoria La Campagnola;https://www.trattoriacampagnola.com/
Trattoria La Conca Verde;https://laconcaverde.it/
Trattoria La Darsena;https://www.trattoriadarsena.it/
Trattoria La Nuova Rustica;https://www.lanuovarustica.it/
Trattoria La Rosa;https://itplaces.me/trattoria-la-rosa-676134-it
Trattoria La Rossa 2.0 Srls;https://www.larossaduepuntozero.com/
Trattoria La Ruota;https://www.trattorialaruota.it/
Trattoria La Sosta Bar;https://www.facebook.com/trattorialonato
Trattoria La Vecchia Guardia;https://www.lavecchiaguardia.it/
Trattoria Le Grazzine;http://www.instagram.it/trattoriagrazzine
Trattoria Le Quattro Stagioni;https://www.trattorialequattrostagioni.com/
Trattoria Liberty;https://www.libertycremona.it/
Trattoria Mamma Roma;https://mamma-roma.it/
Trattoria Merelli Salmezza;https://www.visitnembro.it/trattoria-merelli/
Trattoria Mettiti Comodo;https://trattoriamettiticomodo.eatbu.com/
Trattoria Milani Locale Storico, Con Camere;http://www.milanis.com/
Trattoria Novegro 11;https://m.facebook.com/pages/Trattoria-Novegro-11/554145275038828
Trattoria Noè;https://www.trattorianoe.com/
Trattoria Olmo;https://www.iolmo.it/
Trattoria Paola;https://www.trattoriapaola.it/
Trattoria Parietti;https://trattoriaparietti.it/
Trattoria Pergola;https://pizzeriapergola.webnode.it/
"Trattoria Pizzeria ""lo Sfizio""";https://www.trattorialosfizio.it/
Trattoria Pizzeria Al Sorriso;https://www.trattoriasorriso.altervista.org/
Trattoria Pizzeria Borgo Vecchio;https://m.facebook.com/trattoriaborgovecchio/
Trattoria Pizzeria Dal Bergomi;http://www.trattoriapizzeriadalbergomi.com/
Trattoria Pizzeria In Borgovico;https://www.trattoriapizzeriainborgovico.eu/
Trattoria Pizzeria La Bassa;https://www.labassa.it/
Trattoria Pizzeria Mastini;https://trattoriamastini.it/
Trattoria Pizzeria Moderna Francavilla;https://www.trattoriapizzeriamoderna.it/
Trattoria Podazzera;https://www.trattoriapodazzera.it/
Trattoria Quattro Piantoni;https://www.quattropiantoni.it/
Trattoria Ressi;https://www.trattoriaressi.com/
Trattoria Rosy;https://trattoriarosymontichiari.it/
Trattoria S.maria - Ristorante Albergo Mantova;https://www.trattoriasantamaria.it/
Trattoria San Filippo Neri;https://trattoriasanfilipponeri.it/
Trattoria San Pietro;https://trattoriasanpietrobariola.it/
Trattoria Sole;https://www.trattoria-sole.it/
Trattoria Terra&tavola;https://www.terraetavola.it/
Trattoria Torre Di Pisa;http://www.trattoriatorredipisa.it/
Trattoria Torretta;https://www.trattoriatorretta.it/
Trattoria Toscana A Milano - K2;https://trattoriatoscanak2.it/
Trattoria Triangia;http://www.trattoriatriangia.it/
Trattoria Tutti Dalla Nonna;https://trattoriatuttidallanonna.it/
Trattoria Valtellinese;https://www.trattoriavaltellinese.it/
Trattoria Vantini;https://www.trattoriavantini.it/
Trattoria Vecchia Fornace Srl;https://www.trattoriavecchiafornace.it/
Trattoria Villa Rossa;https://www.facebook.com/trattoriavillarossa
Trattoria romana l’osteria del genio;https://www.facebook.com/lapiadineriadelgenio/
Tre Fratelli;https://www.facebook.com/share/17yN8xMYU2/
Tre Re;https://www.facebook.com/trerepizzeria/
Tre Re Luino- Ristorante/pizzeria;https://www.trereluino.it/
Tre Tempi - Ristorante Aperitivo A Monza;https://tretempi.com/
Trentase;https://www.trentase.it/
Treviglio Fastfood - Pizza Kebab;https://trevigliofastfood.it/
Trip Restaurant & Cocktail Bar;https://www.altrip.it/
Trixy Risto-pub Ristorante -pizzeria;https://www.trixyristopub.it/
Tropical Coffee;https://www.tropicalcoffee.it/
Troppo Fresco;https://www.instagram.com/troppofresco/
Troppo Napoletani • Limbiate;https://www.facebook.com/Troppo-Napoletani-Limbiate-106349330801144/
Tucano Food House;https://www.facebook.com/iltuofoodhouse/
Tulip Monza;https://www.tulipmonza.it/
Tuna Restaurant;https://www.tunavoghera.it/
Turbo Pizza;https://www.menu2020.it/ristoranti
Turkish Delizioso Kebab E Pizza;https://gustodoner.istanbul-kebab.website/home
Turkish Kebab;http://justeat.com/
Turkish Kebabery Istanbul;https://deliveroo.it/menu/castiglione-delle-stiviere/castiglione-delle-stiviere/turkish-kebabery-istanbul-via-cesare-battisti-88
Turkish Kebap Cassano - Cassano D'adda;https://turkishkebapcassano.it/
Turkish Kebap Rezzato;https://www.instagram.com/rezzato27_46
Turkish Kebap(baffo d’oro);https://www.instagram.com/baffo_doro_kebap
Turna Indrè Gallarate;https://turnaindre.it/
Turnè;https://www.facebook.com/monzaturne
Tutta 'nata Storia;https://www.tuttanatastoriamilano.it/pizzeria-napoletana/
Tuttaltrosuono E Il Vino;http://www.tuttaltrosuono.it/
Tutto Giusto;https://www.pizzeriatuttogiusto-milano.it/
Tuttocapsule Suzzara;https://shop.tuttocapsule.it/negozio-caffe-cialde-capsule/15-tuttocapsule-suzzara
Twister Pizza & Restaurant;https://www.ristorantetwister.it/
Tè & Wine;https://www.tewine.it/
Ugly Bgy;https://www.uglybgy.it/
Ukiyo Sushi Take Away, A Domicilio E Da Asporto Novate Milanese;https://ukiyosushi.com/
Un Mondo Di Pizza;https://unmondodipizza.eatbu.com/
Un Tavolino Sullo Stretto;https://untavolinosullostretto.com/
Una Betulla Cucina Con Bottega;https://www.unabetulla.com/
Una Ciotola Di Ramen;https://www.ramenbrescia.it/
Ungaro 1956;https://ungaro1956.it/
Uno Uno;https://www.instagram.com/leopard.4277302
Up Town Restaurant & Spirits;https://www.uptowncafe.it/
Urban . Cafe;http://www.facebook.com/UrbanCafeTreviglio/
Urban R-evolution Pub;https://www.urbanbergamopub.it/
Urgnano Istanbul Kebap House Turkish Ristorante Pizza Grill Bar;https://www.urgnanoistanbulkebap.com/
Usaghi;https://www.facebook.com/Usaghirestaurant/
V-Cafè;https://m.facebook.com/V-caf%C3%A8-624286378204220
V2 La Trattoria;http://www.v2latrattoria.it/
VIBES cafè;https://www.instagram.com/vibesss.cafe
VITA & VITA PRIVÈ BRESCIA;https://vitaprive.it/
VITTORIA CAFÉ & BISTROT;https://www.vittoriacafe.com/
Valtrompia Kebab;https://instagram.com/valtrompiakebab
Van Gogh;https://m.facebook.com/pages/Van-Gogh-Pub-Cafe-Di-Garavaglia-Felice-C/134438309937538
Vanni Gourmet;https://vannigourmet.it/
Vecchia Napoli;https://www.facebook.com/Pizzeria-Vecchia-Napoli-Cantu-220376701368541/
Vecchia Riva | Hotel E Ristorante;http://www.vecchiariva.com/
Vecchia Statale 36;https://www.facebook.com/VecchiaStatale36/
Vecchia Trattoria Della Pesa;https://www.vecchiatrattoriadellapesa.com/
Vecchio Caffè Della Cotica;https://vecchiocaffedellacotica.shop/
Vecchio Mulino Milano - Pizzeria Con Cucina;https://vecchiomulinomilano.com/
Vecchio Pozzo;https://www.facebook.com/VecchioPozzoAlbinoBG
Vedetta;https://www.ristorantevedetta.it/
Vegami;http://vegami.it/
Veganfruttariano - Sound Of '70s;https://www.veganfruttariano.it/
Vel Milano;https://velmilanoristorante.it/
Velavevodetto Al Duomo;https://www.ristorantevelavevodetto.it/ristoranti/milano-duomo/
Venice Ristorante Pizzeria;https://veniceristorantepizzeria.shop/
Verace That's The Way;http://verace.metro.rest/
Veranda;https://ristorante-veranda.it/
Verde Milano;https://www.vvverde.it/
Verdea caffè;http://verdeacaffe.eatbu.com/
Verdesalvia;http://www.verdesalviagourmet.it/
Vero Sapore Greco - Milano (duomo) - La Cucina Greca A Milano! Speciale Pita Gyros!;https://www.verosaporegreco.com/
Versace Salvatore;https://itplaces.me/versace-salvatore-658067-it
Vespucci Pizzeria & Bar;https://www.pizzeriavespucci.it/
Vesuviosesto Dal 1961;https://www.ristorantealvesuvio.com/
Vesù Lecco;https://www.vesulecco.com/
ViVà;https://www.vivacorvetto.it/
Via Brasil Ristorante;https://www.viabrasil.it/
Vibe Cusano Milanino;https://vibecusanomilanino.it/
Vicolo Antico Ristorante;https://www.vicoloanticoristorante.it/
Victor Steak House;https://www.victor-steakhouse.com/
Vik Pellico Otto Restaurant;https://www.vikpellicootto.com/
Vikand - Birreria & Gineria;https://vikand.it/
Villa 22 Legnano;https://villa22-legnano.it/
Villa Canton;https://www.villacanton.com/
Villa Cantoni Marca;https://www.villacantonimarca.it/
Villa E Roma;https://www.hotelpalazzolo.it/
Villa Fiorita;https://www.villafiorita.org/
Villa Gualdina - Cucina Mantovana E Pugliese;https://www.villagualdina.it/
Villa Manzoni;https://www.villamanzonibergamo.it/
Villa Mattioli;http://www.dimoredelgusto.it/ville-location-matrimoni-monza-brianza/
Villa Moroni Eventi;https://www.villamoroni.it/
Villa Porro Pirelli;https://www.salutehospitalitygroup.com/it/villa-porro-pirelli/index/
Villa Realetta;https://www.villarealetta.it/
Villa Sant'antonio;http://www.villasantantonio.eu/
Villa Sant'espedito Ristorante;https://villasantespedito.it/
Villa Vecchia 1865 Villasanta;https://www.villavecchia1865.eu/
Village Cafe;http://www.facebook.com/villagecafe.cesate
Village People Cafè;https://m.facebook.com/villagepeoplecyberpub/
Vineria Del Vicolo;https://www.vineriadelvicolo.it/
Vineria Delle Corti;https://www.vineriadellecorti.it/
Vineria Dolcevite;http://www.vineriadolcevite.it/
Vineria Trigu;https://www.vineriatrigu.it/
Vini & Pecorini - Enoteca E Pizzicheria;https://www.instagram.com/vini_e_pecorini/
Vini e Più;https://www.viniepiu.it/
Vintage Break;https://www.ristorantetradizioneitaliana.com/
Vinù;http://www.vinunavigli.com/
Vip | Pizzeria Napoletana E Gluten Free;https://vip-pizzeria.sigital.io/
Visini Como;https://www.visini.it/
Viva Caffè;https://m.facebook.com/pages/category/Local-Business/ViVa-Caffe-2218931834989039/
Voglia Di Pizza;https://www.facebook.com/vogliadipizza01/
Voglia Di Pizza Cernusco Sul Naviglio;http://www.vogliadipizzacernusco.it/
Voglia di PIZZA ★ Tonde CLASSICHE e MAXI ★ Pizza in TEGLIA al Trancio ★ Pizza AL METRO;https://voglia-di-pizza.it/
Volemose Bene;https://www.volemosebene.it/
Volemose Bene | Via Moscova;http://www.volemosebenemilano.it/
Vulcano Milano Pikante;https://vulcanomilano.com/
Vulkania;http://www.vulkania.org/
WILD – Mariano Comense;https://wildmariano.it/
Wabi Crema Trattoria Giapponese;https://wabirestaurant.com/
Waby Ristorante;https://wabyristorante.com/
Wamarà;http://www.wamara.it/
Wang Jiao;https://my.ristoe.com/#/lON2IBEIxq/menu/launch
Warsa Restaurant;https://www.ristorantewarsa.com/
Wasabi;https://wasabi-milano.it/
Watami Sushi;https://www.worldsushi.it/
Watami Sushi Restaurant;https://m.facebook.com/Watami-Sushi-Restaurant-Varese-176462416260502/
We Love Tigella;https://welovetigella.it/
We Smash;https://wesmashburger.it/
Weekend Pizzeria Bistrot Cafè;https://pizzeria-weekend-bresso.eatbu.com/
Wen;https://wen.restaurant/ristorante/bergamo/
White Grill Coffee, Grill & Wine;https://www.mcsmultiservizi.com/
White Modà - Dinner Show;https://whitemoda.it/
Why Not? Bistrot;https://www.instagram.com/why_not_bistrot/
Wine & Coffee Sound;https://www.winecoffeesound.com/
Wine Bar La Tavernetta;http://www.winebartavernetta.com/
Wish Pub - Birroteca Di Cremona;https://www.wishpub.com/
Work In Progress;https://instagram.com/workinprogressbar
WÈMÀ - Clusone;https://bit.ly/MenuWEMA
WÉMÁ CERTOSA;https://www.wemapizzeria.com/
Yang Asian Restaurant - Costa Volpino;https://yangsushi.it/
Yimi Food & Bubble Tea - Specialità Asiatiche;https://pnssm.pro/ea5un76
Yin Tao Ristorante Cinese;https://www.yintao.com/
Yoi Sushi;https://www.yoisushi.it/
Yoshi;https://www.ristoranteyoshi.it/
Yoshi Restaurant Bergamo;https://www.yoshijapaneserestaurant.it/
Yoshi Ristorante Giapponese;https://www.yoshirestaurant.it/
Youke;https://www.youkeristorante.it/
Yoyogurt Luino;https://instagram.com/yoyogurt_luino
Yu Hua;https://m.facebook.com/YuHuaSanGiuliano/
Yu Sushi;https://yusushi.it/
Yuan;https://www.yuanristorante.com/
Yuanzi Restaurant;https://www.yuanzihotpot.com/
Yumi Asia Fusion Restaurant Sushi All You Can Eat;https://yumiristorante.it/
Yumi Fusion Restaurant;https://www.yumifusionrestaurant.it/
Yumigo Ramen;https://yumigoramen.myrestoo.net/it/reservar
Yumii Asia Fusion Restaurant Sushi;http://www.yumiisushi.it/
Yummy Brunch Bar;https://www.yummycremona.it/
Yummy Sushi;https://www.yummyrestaurant.it/
Yun Quick;https://itplaces.me/yun-quick-538844-it
Yushoku;https://milano.yushoku.drmenu.it/read
Yuzu Contemporary Sushi Experience;https://sushiyuzu.it/
Zaiqa Ristorante;https://zaiqaristorante.it/
Zapoi Bar | Cocktail & Birra Artigianale;https://www.instagram.com/zapoi_bar/
Zei Pizzeria... Dal 1939;https://www.pizzeriazei.it/
Zenit;https://zenitoggiono.wixsite.com/zenit
Zenzero E Cannella;https://www.zenzero-cannella.it/
Zephyr Bar Tabaccheria Lotto - Partner Elfbar;https://instagram.com/_zephyr_bar_
Zero Bar;https://instagram.com/zerobyfranco
Zero3nove Cocktail Bar Monza;https://www.zero3nove.com/
Zero75 Enoteca Con Cucina;https://www.zero75enotecaconcucina.it/
Zerouno;https://www.zerounoristorante.it/
Zest Lounge Bar;https://qrco.de/ZestLoungeBar
Zia Esterina Pasticceria E Gelateria Senza Lattosio E Senza Glutine E Senza Latte E Senza Uovo;http://ziaesterina.company.site/
Zia Maria A Mare;https://www.ziamariamare.it/
Zia Nicoletta - Trattoria Famigliare specialità salentine;https://m.facebook.com/pages/category/Restaurant/Zia-Nicoletta-102763684753210/
Zibe Design - Zugnoni Arredamenti;https://zibedesign.it/
Zibo - Campo Base;https://zibocuochiitineranti.it/
Zio Frenk - Dalla Pizza Alla Brace;http://www.ziofrenk.it/
Zio Michele;https://m.facebook.com/DalloZioMichele/
Zio Pizza & Burger;https://www.ziopizza.it/
Zio Pizza E Burger Bovisio;https://www.ziobovisio.it/
Zoi Restaurant;https://www.zoirestaurant.it/
Zonagioco Real Bingo;https://www.zonagioco.it/
Zotto Ristorante Argentino;https://ristoranteargentinozotto.it/
Zushi;https://www.zushi.eu/
Zushi Bergamo;https://zushi.eu/en/4096/bergamo/delivery
Zushi Brescia;http://www.zushi.eu/Brescia/it/page/index1
Zyu Restaurant;https://www.zyurestaurant.it/
ZŌN Steakhouse;https://www.zonsteakhouse.it/
al VITA Restaurant & Cafè;https://www.alvitaristorante.it/
bistrò bar;https://m.facebook.com/Bistr%C3%B3-BAR-1495814437155338/
cafèlatte;https://www.facebook.com/cafelattedirighini/
civico dieci cafè;https://civicodiecicafe.com/
gandalf cafè;https://www.facebook.com/Gandalf-Caf%C3%A8-452867244834100/
i-sushi 中餐 寿司 亚洲风味;https://www.i-sushi.net/
il Massimo caffè;https://www.instagram.com/ilmassimocaffe/
il berin vino e bistrò;http://ilberin.com/
xióngmāo;https://www.xiongmao.it/
Ğené Milano;https://linktr.ee/geneeventi
İstanbul Turkish kebap pizza grill;https://istanbulturkishkebab.taacdelivery.it/
巴倒辣 重庆老火锅 1号店 CERTOSA总店 BA HOT POT CERTOSA 32;http://www.bahotpot.com/
미가 MIGA Ristorante Coreano;https://m.facebook.com/migamilano
🍴Madre Terra - Il Ristorante di Pesce a Cesano Maderno;https://ristorantemadreterra.com/